시작 시간,start_sec,종료 시간,end_sec,화자,내용,live_id
00:04:08,248.02,00:04:18,258.79,UNKNOWN,달러 그동안 잘 지냈나요? 아이고 이번 주도 정말,19068912
00:04:18,258.79,00:04:25,265.38,UNKNOWN,어 순식간에 지났네요,
00:04:25,265.38,00:04:35,275.9,UNKNOWN,뻘럴리 아이고 생각보다 오랜만은 아니라고요? 저에겐 전 되게 오랜만이라고 여겨지네요,
00:04:35,275.9,00:04:45,285.17,UNKNOWN,일주일 내내 뭐가 있었다 보니까,
00:04:45,285.17,00:04:50,290.99,UNKNOWN,아 만원원 고맙습니다 돈의 소리를 다 꺼놨었지,
00:04:50,290.99,00:04:53,293.69,UNKNOWN,세라 쿠폰 남은 거 있냐고? 있겠니?,
00:04:53,293.69,00:05:00,300.19,UNKNOWN,드로잉쇼 어떠셨나요? 전 신선해서 즐거웠어요,
00:05:00,300.19,00:05:08,308.08,UNKNOWN,네 저도 재밌게 즐겼습니다,
00:05:08,308.08,00:05:11,311.18,UNKNOWN,하여튼,
00:05:11,311.18,00:05:19,319.19,UNKNOWN,드로잉쇼 너무 재밌었다,
00:05:19,319.19,00:05:27,327.89,UNKNOWN,하여튼 금요일 토요일에 킨텍스 행사가 있었어가지고,
00:05:27,327.89,00:05:35,335.22,UNKNOWN,킨텍스를 아침 일찍 이렇게 갔죠 킨텍스 건물 이렇게,
00:05:35,335.22,00:05:47,347.9,UNKNOWN,일전시장 와 사람이 진짜 많더라고요 이번에,
00:05:47,347.9,00:05:54,354.9,UNKNOWN,그 금요일은 금요일인데 토요일이 진짜 사람이 대박 많았어요,
00:05:54,354.9,00:06:03,363.56,UNKNOWN,토요일이 그 뭐냐 일러페랑 그 플레익스포랑 같이 열려서 그런가 주말이기도 하고,
00:06:03,363.56,00:06:17,377.42,UNKNOWN,"그래서 그 일전시장, 이전시장 그 중간에가 사람이 진짜 개미어 터졌어요",
00:06:17,377.42,00:06:26,386.88,UNKNOWN,요 사이쯤에 그 오가는 길목이 있는데 사람이 진짜 그냥,
00:06:26,386.88,00:06:33,393.8,UNKNOWN,어마어마하고,
00:06:33,393.8,00:06:42,402.43,UNKNOWN,어마어마하게 있었어요 진짜 어 코스프레 한 사람들 진짜 너무 대단하더라,
00:06:42,402.43,00:06:57,417.44,UNKNOWN,날도 존나 더웠거든요 코스프레 한 사람들 중 되게 많은데,
00:06:57,417.44,00:07:03,423.44,UNKNOWN,그 버니스 그 젠 존재 버니스 코스프레 한 분이 너무 고퀄이라서 사진 찍어 달까 고민하다가,
00:07:03,423.44,00:07:11,431.43,UNKNOWN,결국 말 안 걸었어 유독 눈에 띄는 고퀄리티라서,
00:07:11,431.43,00:07:23,443.54,UNKNOWN,음 소개 좀 몰라요 저도 그냥 지나가듯이 봐가지고 퍼슈트가 진짜 대단하다 맞아요,
00:07:23,443.54,00:07:31,451.54,UNKNOWN,진짜 슈트 입고 다니는 사람들은 진짜 인자강이야 어떻게 그 날씨에 그 인파 속에서 그걸 입고 다니지,
00:07:31,451.54,00:07:45,465.38,UNKNOWN,코스프레가 사진 찍어달라고 한 적은 있냐고 그건 뭐 많죠 어 제가 계속 왔다갔다 하다보니까 그 사이에 사람들을 많이 마주치거든요,
00:07:45,465.38,00:07:56,476.0,UNKNOWN,박치기로 강남에 집 산 레반데 번호 좀 줘라 하면 주는 거 아니었음,
00:07:56,476.0,00:08:03,483.51,UNKNOWN,여기 강남 아닌데,
00:08:03,483.51,00:08:08,488.51,UNKNOWN,이번에 병원 때문에 못가서 아쉬웠음 병원 미루기에는 행사 일정이 너무 늦게 나왔었어서 아쉬웠음,
00:08:08,488.51,00:08:11,491.51,UNKNOWN,다음 행사 있을 때는 늦어도 빼고 가야지,
00:08:11,491.51,00:08:18,498.51,UNKNOWN,아무튼 금요일부터 행사라서 목요일에 와가지고 미리 리허설이랑 이런 거 하느라,
00:08:18,498.51,00:08:26,506.51,UNKNOWN,숙소를 근처 5분 거리에 있는 소노캄 고양이라는 곳에 네오플이 숙소를 잡아줬단 말이죠,
00:08:26,506.51,00:08:38,518.66,UNKNOWN,되게 깨끗한데 좋더라고요,
00:08:38,518.66,00:08:47,527.9,UNKNOWN,리허설을 수요일에 방주한 거 한 게 아니었냐고,
00:08:47,527.9,00:08:51,531.9,UNKNOWN,아 목요일에 뭐 했냐 목요일에 리허설이었어요,
00:08:51,531.9,00:08:55,535.34,UNKNOWN,화요일 수요일에 뭐 아 그 그 어,
00:08:55,535.34,00:09:13,553.7,UNKNOWN,촬영있었고 따로 리허설도 하고 리허설을 매일 뭐 전달도 하고 당일날도 하고 그렇기 때문에,
00:09:13,553.7,00:09:30,570.69,UNKNOWN,자 이렇게 대기실에 있으면 나있고 옆 테이블에 성쾌님 있고,
00:09:30,570.69,00:09:40,580.76,UNKNOWN,여기에 피넛님 있고 인생님 있고 여기 낡은창고님도 옆 테이블에 있고,
00:09:40,580.76,00:10:00,600.36,UNKNOWN,종민님도 있고 테이블에서 대기실에서 그냥 간식이랑 밥같은거 먹으면서 밥같은건 김밥을 먹어도 되고 도시락이 따로 있어요,
00:10:00,600.36,00:10:07,607.62,UNKNOWN,이렇게 딱,
00:10:07,607.62,00:10:12,612.06,UNKNOWN,오모모모 간만에 우다다 타임하네,
00:10:12,612.06,00:10:27,627.63,UNKNOWN,명성 12만이냐고 면전에서 물어보진 못했어요 오늘 저녁 뭐 먹었냐고요? 저녁은 안먹었고 점심에 갈비찜 먹었어요,
00:10:27,627.63,00:10:29,629.59,UNKNOWN,레바야 행사 고생했따리,
00:10:29,629.59,00:10:30,630.29,UNKNOWN,고맙습니다,
00:10:30,630.29,00:10:38,638.34,UNKNOWN,자,
00:10:38,638.34,00:10:44,644.29,UNKNOWN,보자,
00:10:44,644.29,00:10:45,645.43,UNKNOWN,뭔 노래냐고요?,
00:10:45,645.43,00:10:48,648.09,UNKNOWN,럭키스타 노래인데,
00:10:48,648.09,00:11:05,665.22,UNKNOWN,클래식으로 바꿔드리겠습니다,
00:11:05,665.22,00:11:07,667.96,UNKNOWN,결국 끝까지 안 물어봤냐고요? 그쵸?,
00:11:07,667.96,00:11:12,672.76,UNKNOWN,뭐 애초에 종민님하고 사담을 나누기에는 뭔가,
00:11:12,672.76,00:11:14,674.86,UNKNOWN,뭔가,
00:11:14,674.86,00:11:16,676.86,UNKNOWN,뭔가,
00:11:16,676.86,00:11:18,678.7,UNKNOWN,아,
00:11:18,678.7,00:11:20,680.7,UNKNOWN,뭔가,
00:11:20,680.7,00:11:22,682.0,UNKNOWN,말이 표현이 안돼,
00:11:22,682.0,00:11:25,685.74,UNKNOWN,나에게 있어서 종민님을 약간 모니터 너머의 가상인물로,
00:11:25,685.74,00:11:26,686.28,UNKNOWN,여겨야지,
00:11:26,686.28,00:11:26,686.46,UNKNOWN,편한,
00:11:26,686.46,00:11:28,688.46,UNKNOWN,하게 대할 수 있을 것 같은데,
00:11:28,688.46,00:11:41,701.6,UNKNOWN,눈앞에 있다 보니까 되게 위화가 모셔,
00:11:41,701.6,00:11:42,702.84,UNKNOWN,범투버 같은거냐고?,
00:11:42,702.84,00:11:54,714.94,UNKNOWN,그 약간 띵찡임은 없었죠 이 자리에,
00:11:54,714.94,00:11:58,718.52,UNKNOWN,아무튼 여기는 플레이액스포였고,
00:11:58,718.52,00:12:03,723.73,UNKNOWN,여기는 일패,
00:12:03,723.73,00:12:12,732.71,UNKNOWN,너가 다가가도 레바다 즉대했다 뭐라하지 그냥 까야겠다 하겠지,
00:12:12,732.71,00:12:15,735.61,UNKNOWN,맞아요 사람들이 진짜 보통만한게 아니었어요 진짜 어마어마하게 많고 길목마다 다 코스오들이 자리짓고,
00:12:15,735.61,00:12:17,737.81,UNKNOWN,진짜 어마어마하게 많고 길목마다 다 코스오들이 자리짓고,
00:12:17,737.81,00:12:18,738.81,UNKNOWN,길목마다 다 코스오들이 자리짓고,
00:12:18,738.81,00:12:19,739.55,UNKNOWN,길목마다 다 코스오들이 자리짓고,
00:12:19,739.55,00:12:20,740.29,UNKNOWN,길목마다 다 코스오들이 자리짓고,
00:12:20,740.29,00:12:23,743.75,UNKNOWN,다 자리 앉아있어서 길목도 좁고,
00:12:23,743.75,00:12:52,772.7,UNKNOWN,그 포토라인 때문에 딱 길이 이렇게 있으면 코스오분들이 여기 자리 잡고 이렇게 포징을 하고 있으면 사진 찍어 주는 분들이 이렇게 줄을 서 있어서,
00:12:52,772.7,00:13:00,780.53,UNKNOWN,딱 이게 한 그냥 그냥 쭉 이어져 있어,
00:13:00,780.53,00:13:02,782.39,UNKNOWN,있고 여기에도 코스오분들이 있고,
00:13:02,782.39,00:13:02,782.55,UNKNOWN,있고 여기에도 코스오분들이 있고,
00:13:02,782.55,00:13:06,786.35,UNKNOWN,여기에도 코스오분들 있고,
00:13:06,786.35,00:13:07,787.59,UNKNOWN,어 있고,
00:13:07,787.59,00:13:16,796.68,UNKNOWN,여기도 있고,
00:13:16,796.68,00:13:18,798.42,UNKNOWN,그냥 여기도 있고,
00:13:18,798.42,00:13:20,800.4,UNKNOWN,여기도 있고 이렇게,
00:13:20,800.4,00:13:22,802.8,UNKNOWN,다들 일사불란하게,
00:13:22,802.8,00:13:25,805.46,UNKNOWN,나름 그 룰이 있나봐,
00:13:25,805.46,00:13:27,807.72,UNKNOWN,그 코스오분들도,
00:13:27,807.72,00:13:29,809.1,UNKNOWN,약간 간극을 넣어서 서로,
00:13:29,809.1,00:13:30,810.82,UNKNOWN,촬영에 피해 안되게 약간,
00:13:30,810.82,00:13:41,821.4,UNKNOWN,어 그래서 사람들은,
00:13:41,821.4,00:13:42,822.96,UNKNOWN,뒤쪽으로 이렇게,
00:13:42,822.96,00:13:44,824.94,UNKNOWN,오고 다녀야 돼가지고,
00:13:44,824.94,00:13:47,827.22,UNKNOWN,길도 되게 좁고 사람도 많고,
00:13:47,827.22,00:13:55,835.06,UNKNOWN,맞아 야외에 촬영들이,
00:13:55,835.06,00:13:56,836.62,UNKNOWN,많았죠 오히려 그,
00:13:56,836.62,00:13:57,837.88,UNKNOWN,실내에서 못하게 해요,
00:13:57,837.88,00:14:00,840.16,UNKNOWN,실내에서 그냥 자기들끼리,
00:14:00,840.16,00:14:02,842.12,UNKNOWN,셀카를 찍거나 그런건 되는데,
00:14:02,842.12,00:14:04,844.82,UNKNOWN,줄을 서게끔은 못하게 하더라구요,
00:14:05,845.44,00:14:09,849.4,UNKNOWN,하여튼,
00:14:09,849.4,00:14:10,850.54,UNKNOWN,살면서,
00:14:10,850.54,00:14:13,853.3,UNKNOWN,만화 캐릭터 다 봤다,
00:14:13,853.3,00:14:16,856.2,UNKNOWN,그냥 아는거만,
00:14:16,856.2,00:14:17,857.18,UNKNOWN,보여서 그런가,
00:14:17,857.18,00:14:19,859.86,UNKNOWN,하여튼 뭐 웬만한 서브컬처,
00:14:19,859.86,00:14:22,862.1,UNKNOWN,게임이나 애니메이션 캐릭터들,
00:14:22,862.1,00:14:22,862.9,UNKNOWN,싹 다,
00:14:22,862.9,00:14:24,864.9,UNKNOWN,음,
00:14:24,864.9,00:14:30,870.8,UNKNOWN,코스하시는 분이랑,
00:14:30,870.8,00:14:32,872.56,UNKNOWN,사진 얼마나 찍었음,
00:14:32,872.56,00:14:34,874.1,UNKNOWN,얼마나 찍었냐고 물어보면,
00:14:34,874.1,00:14:36,876.72,UNKNOWN,글쎄요 내가 세고 있는게 아니라서,
00:14:36,876.72,00:14:41,881.1,UNKNOWN,그니까 나도,
00:14:41,881.1,00:14:43,883.56,UNKNOWN,자연스럽게 그냥,
00:14:43,883.56,00:14:45,885.42,UNKNOWN,난 화장실 왔다갔다 하느라,
00:14:45,885.42,00:14:46,886.84,UNKNOWN,이렇게 보통 왔다갔다 하거든,
00:14:46,886.84,00:14:49,889.94,UNKNOWN,이렇게 다니다가 한 사람한테 붙잡히면,
00:14:49,889.94,00:14:51,891.94,UNKNOWN,그때부터 포토라인이 나한테도 생겨,
00:14:51,891.94,00:14:53,893.26,UNKNOWN,이렇게 다니다가,
00:14:53,893.26,00:14:55,895.0,UNKNOWN,어? 레바님 아니세요? 해가지고,
00:14:55,895.0,00:14:57,897.34,UNKNOWN,아 예 고마워요 해가지고,
00:14:57,897.34,00:14:58,898.34,UNKNOWN,이렇게 사진 찍으면,
00:14:59,899.94,00:15:01,901.56,UNKNOWN,이분하고 같이 찍다보면,
00:15:01,901.56,00:15:03,903.76,UNKNOWN,갑자기 여기 이렇게 생겨,
00:15:03,903.76,00:15:08,908.82,UNKNOWN,줄인가보다 하고,
00:15:08,908.82,00:15:12,912.34,UNKNOWN,아니 나 한사람 찍고 빨리 가려고 했는데,
00:15:12,912.34,00:15:13,913.46,UNKNOWN,줄이 생겨서,
00:15:13,913.46,00:15:21,921.16,UNKNOWN,빨리 못 도망가,
00:15:21,921.16,00:15:22,922.68,UNKNOWN,줄인가보다 하고,
00:15:22,922.68,00:15:25,925.12,UNKNOWN,자연스럽게 줄을 써더라고,
00:15:25,925.12,00:15:28,928.37,UNKNOWN,당혹스러워,
00:15:28,928.37,00:15:29,929.89,UNKNOWN,아 저도 포징을 따로 안 찍죠,
00:15:29,929.89,00:15:43,943.92,UNKNOWN,그냥 같이 셀카로 이렇게 찍지,
00:15:43,943.92,00:15:45,945.0,UNKNOWN,최근 전에 줄 섰는데,
00:15:45,945.0,00:15:46,946.2,UNKNOWN,스태프분이 데려가더라,
00:15:46,946.2,00:15:47,947.54,UNKNOWN,예 그쵸,
00:15:47,947.54,00:15:49,949.02,UNKNOWN,다들 그,
00:15:49,949.02,00:15:51,951.24,UNKNOWN,콜타임이나 그런게 있어가지고,
00:15:51,951.54,00:15:56,956.81,UNKNOWN,이럴때 가야돼요,
00:15:56,956.81,00:15:58,958.81,UNKNOWN,안그러면 또 사람 줄 서고,
00:15:58,958.81,00:16:02,962.36,UNKNOWN,길 막히고 그러니까,
00:16:02,962.36,00:16:03,963.5,UNKNOWN,아무튼 코스원분들,
00:16:03,963.5,00:16:05,965.46,UNKNOWN,굉장히 많았습니다,
00:16:05,965.46,00:16:07,967.96,UNKNOWN,진짜 보통 많은게 아니였어,
00:16:07,967.96,00:16:09,969.16,UNKNOWN,오늘도,
00:16:09,969.16,00:16:19,979.34,UNKNOWN,오늘이 마지막 행사지 않나요?,
00:16:19,979.34,00:16:21,981.4,UNKNOWN,오늘은 생각보다 사람 적을 것 같아요,
00:16:21,981.4,00:16:22,982.84,UNKNOWN,어제보다는,
00:16:22,982.84,00:16:23,983.54,UNKNOWN,어,
00:16:23,983.54,00:16:25,985.12,UNKNOWN,어제가 좀 피크였을 것 같아,
00:16:25,985.12,00:16:26,986.9,UNKNOWN,오히려 토요일 일요일 있으면,
00:16:26,986.9,00:16:28,988.98,UNKNOWN,토요일이 사람이 되게 많더라고,
00:16:28,988.98,00:16:34,994.48,UNKNOWN,일요일은 좀 쉬어야 돼서 그런가,
00:16:34,994.48,00:16:36,996.42,UNKNOWN,아 내일도 휴일이지 생각해보니까,
00:16:36,996.42,00:16:52,1012.81,UNKNOWN,일패 둘러봐야지,
00:16:52,1012.83,00:16:54,1014.03,UNKNOWN,아 못갔어요,
00:16:54,1014.03,00:16:55,1015.51,UNKNOWN,거기까지 갈 엄두가 안나더라고,
00:16:55,1015.51,00:16:56,1016.95,UNKNOWN,사람이 너무 많아서,
00:16:56,1016.95,00:16:59,1019.81,UNKNOWN,일패가 나도 구경 가고 싶었는데,
00:16:59,1019.81,00:17:03,1023.79,UNKNOWN,플레익스포만 이렇게 한 바퀴 좀 구경했죠,
00:17:03,1023.79,00:17:11,1031.2,UNKNOWN,반다이 남코도 코너가 있어가지고,
00:17:11,1031.2,00:17:14,1034.44,UNKNOWN,아니 진짜 근데 돌아다닐 수가 없는 게,
00:17:14,1034.44,00:17:15,1035.98,UNKNOWN,이렇게 그 촬영하느라,
00:17:15,1035.98,00:17:18,1038.72,UNKNOWN,명찰을 이렇게 그 가슴방에 달아줘요,
00:17:18,1038.72,00:17:22,1042.38,UNKNOWN,이렇게 레바 이러고,
00:17:22,1042.38,00:17:24,1044.08,UNKNOWN,그리고 이걸 떼지 말래,
00:17:24,1044.08,00:17:25,1045.98,UNKNOWN,이거 없으면 입출입출입이 약간 힘들다고 하죠?,
00:17:25,1045.98,00:17:26,1046.38,UNKNOWN,이거 없으면 입출입출입이 약간 힘들다고 하죠?,
00:17:26,1046.38,00:17:26,1046.88,UNKNOWN,이거 없으면 입출입출입이 약간 힘들다고 하죠?,
00:17:26,1046.88,00:17:27,1047.38,UNKNOWN,이거 없으면 입출입출입이 약간 힘들다고 하죠?,
00:17:27,1047.38,00:17:27,1047.88,UNKNOWN,이거 없으면 입출입출입이 약간 힘들다고 하죠?,
00:17:27,1047.88,00:17:28,1048.38,UNKNOWN,이거 없으면 입출입출입이 약간 힘들다고 하죠?,
00:17:28,1048.38,00:17:28,1048.88,UNKNOWN,이거 없으면 입출입출입이 약간 힘들다고 하죠?,
00:17:28,1048.88,00:17:37,1057.13,UNKNOWN,아니 이걸 달고 돌아다녀야 된다 보니까,
00:17:37,1057.13,00:17:39,1059.17,UNKNOWN,약간 그냥 혼자 다니면 약간,
00:17:39,1059.17,00:17:40,1060.21,UNKNOWN,어? 저 사람?,
00:17:40,1060.21,00:17:42,1062.59,UNKNOWN,긴가민가하다 그냥 지나가는 경우도 있는데,
00:17:42,1062.59,00:17:44,1064.59,UNKNOWN,레바 이렇게 박혀있으니까,
00:17:44,1064.59,00:18:04,1084.6,UNKNOWN,대놓고 어? 해가지고 사진 찍어요 해가지고 이렇게 붙잡히죠,
00:18:04,1084.6,00:18:15,1095.96,UNKNOWN,아무튼 나름 존나 힘들었는데 재밌었습니다,
00:18:15,1095.96,00:18:17,1097.24,UNKNOWN,스트리머들도 많았냐고?,
00:18:17,1097.24,00:18:20,1100.66,UNKNOWN,아니요 스트리머들은 만난 경우가 없는데,
00:18:20,1100.66,00:18:21,1101.38,UNKNOWN,명찰떡하니 달아놓으면 좋겠다,
00:18:21,1101.38,00:18:21,1101.88,UNKNOWN,명찰떡하니 달아놓으면 좋겠다,
00:18:21,1101.88,00:18:24,1104.12,UNKNOWN,알아놓으면 알아봐도 곤란하고,
00:18:24,1104.12,00:18:27,1107.58,UNKNOWN,못 알려봐도 뭔가 그럴듯크크,
00:18:27,1107.58,00:18:28,1108.88,UNKNOWN,드로잉쇼는 어땠냐고요?,
00:18:28,1108.88,00:18:30,1110.82,UNKNOWN,아 둘이서 하니까 일단,
00:18:30,1110.82,00:18:34,1114.06,UNKNOWN,부담감이 절반으로 줄어서 더 편하게 할 수 있더라고요,
00:18:34,1114.06,00:18:36,1116.24,UNKNOWN,뭔가 약간 그림 그리기,
00:18:36,1116.24,00:18:39,1119.58,UNKNOWN,원래 드로잉쇼가 그림 막 계속 쭉쭉쭉 그려야 되는데,
00:18:39,1119.58,00:18:42,1122.26,UNKNOWN,살짝 버벅이면 약간 시근담 살짝 나거든?,
00:18:42,1122.26,00:18:43,1123.82,UNKNOWN,근데 둘이서 하다 보니까,
00:18:43,1123.82,00:18:49,1129.96,UNKNOWN,약간 고민할 시간이 약간은 주어져서 되게 쉬웠어요,
00:18:49,1129.96,00:18:56,1136.86,UNKNOWN,서로 각자 이렇게 화면이 두 개가 뜨니까,
00:18:56,1136.86,00:18:57,1137.04,UNKNOWN,음,
00:18:57,1137.04,00:19:00,1140.2,UNKNOWN,보는 사람 입장에서는 뭐 살짝 멈춘다고 해서,
00:19:00,1140.2,00:19:00,1140.92,UNKNOWN,음,
00:19:00,1140.92,00:19:08,1148.82,UNKNOWN,위화감을 못 느낄 것 같아서,
00:19:08,1148.82,00:19:11,1151.48,UNKNOWN,그 분도 너처럼 엠버서더 됐더라?,
00:19:11,1151.48,00:19:13,1153.28,UNKNOWN,아니 아이 ㅈㄴ,
00:19:13,1153.28,00:19:14,1154.18,UNKNOWN,치사한 게,
00:19:14,1154.18,00:19:14,1154.88,UNKNOWN,아이,
00:19:14,1154.88,00:19:18,1158.44,UNKNOWN,낡은창고 님이 엠버서더 됐다고 이렇게 딱 표찰이랑,
00:19:18,1158.44,00:19:23,1163.15,UNKNOWN,그,
00:19:23,1163.15,00:19:25,1165.09,UNKNOWN,그 왁홈팬에다가,
00:19:25,1165.09,00:19:26,1166.23,UNKNOWN,각인을 세워줬더라고,
00:19:26,1166.23,00:19:28,1168.25,UNKNOWN,엠버서더 낡은창고,
00:19:28,1168.25,00:19:28,1168.93,UNKNOWN,누구누구,
00:19:28,1168.93,00:19:30,1170.29,UNKNOWN,뭐뭐뭐뭐뭐하고,
00:19:30,1170.29,00:19:32,1172.37,UNKNOWN,왁홈팬을 이렇게 같이 선물로 주는 거야,
00:19:32,1172.37,00:19:35,1175.09,UNKNOWN,나 그거보고 ㅅㅊ 복장 뒤집혀서,
00:19:35,1175.09,00:19:35,1175.75,UNKNOWN,어?,
00:19:35,1175.75,00:19:36,1176.47,UNKNOWN,난 왜 이런 거 하지?,
00:19:36,1176.47,00:19:49,1189.98,UNKNOWN,아니 내가 엠버서더 달을 때는 같이 곱창집에서 곱창 먹다가,
00:19:49,1189.98,00:19:57,1197.59,UNKNOWN,엠버서더 해보실래요? 해가지고 까짓거 해보죠 뭐 하고 그냥 그대로 그게 끝이었거든?,
00:20:01,1201.83,00:20:07,1207.11,UNKNOWN,근데 창군님은 많은 인파 속에서 축하를 받으면서 엠버서더가 되니까,
00:20:07,1207.11,00:20:09,1209.75,UNKNOWN,갑자기 우울한 톤이 터지면서,
00:20:09,1209.75,00:20:14,1214.77,UNKNOWN,너 그냥 달기 전부터 별거 있었나 보네,
00:20:14,1214.77,00:20:21,1221.96,UNKNOWN,너는 그런 거 안 해줘도 잡아놓은 물고기고,
00:20:21,1221.96,00:20:25,1225.26,UNKNOWN,엠버서더 안 해줘도 던파에 충성할 거 아니깐 그렇지 크크,
00:20:25,1225.26,00:20:30,1230.34,UNKNOWN,맞다 던파만 한 번 더 그려볼 생각 없냐고 제안 주시던데,
00:20:30,1230.34,00:20:32,1232.48,UNKNOWN,너무 고민돼요 어쩌죠?,
00:20:40,1240.25,00:20:43,1243.57,UNKNOWN,장기현의 아는 커플 느낌 모임 크크크,
00:20:43,1243.57,00:20:52,1252.67,UNKNOWN,아무튼,
00:20:52,1252.67,00:21:00,1260.12,UNKNOWN,너도 지행 같은 거 그렸어야지,
00:21:00,1260.12,00:21:03,1263.18,UNKNOWN,그러게 나도 많은 걸 그렸어 이미,
00:21:03,1263.18,00:21:15,1275.38,UNKNOWN,아니야 행복하면 된 거지 더 기다리면 돼,
00:21:15,1275.38,00:21:16,1276.1,UNKNOWN,중년 될 때까지,
00:21:16,1276.12,00:21:18,1278.12,UNKNOWN,기다릴게,
00:21:18,1278.12,00:21:22,1282.62,UNKNOWN,너 만화 한 번 더 그려볼래?,
00:21:22,1282.62,00:21:24,1284.94,UNKNOWN,니 요즘 개그하더라 혜택 많이 받고 싶으면,
00:21:24,1284.94,00:21:26,1286.32,UNKNOWN,개그 그만하고 그려라,
00:21:26,1286.32,00:21:30,1290.32,UNKNOWN,아니야 그런 말 할 거면 직설적으로 말씀을 하셔,
00:21:30,1290.32,00:21:31,1291.82,UNKNOWN,지가 엠버서더 차별 받는다고 열정되면 괜찮아요?,
00:21:31,1291.82,00:21:33,1293.7,UNKNOWN,그렇게 돌려말 하실 타입이 아닙니다,
00:21:33,1293.7,00:21:35,1295.76,UNKNOWN,제이에는 순순히 받을 생각하는 거 보니,
00:21:35,1295.76,00:21:38,1298.64,UNKNOWN,왜 차별 받는지 알 거 같으면 개측 크크,
00:21:38,1298.64,00:21:39,1299.84,UNKNOWN,아 감사합니다,
00:21:39,1299.84,00:21:46,1306.72,UNKNOWN,레바야 그때 이대 엠버서더 되자마자 트로피를 받았었어,
00:21:46,1306.72,00:21:48,1308.6,UNKNOWN,트로피 말고 저는 따로 그... 그... 그거는...,
00:21:48,1308.6,00:21:49,1309.48,UNKNOWN,트로피 말고 저는 따로 그... 그... 그거는...,
00:21:49,1309.48,00:21:49,1309.98,UNKNOWN,그걸 받았죠,
00:21:49,1309.98,00:21:53,1313.96,UNKNOWN,실버 버튼 똑같이 생겨가지고 여기 여기 그...,
00:21:53,1313.96,00:21:57,1317.1,UNKNOWN,던전앤파이터 그 톱니바퀴 그려져 있고,
00:21:57,1317.1,00:22:04,1324.08,UNKNOWN,지금이었으면 엠버서더 이닝이 입니다 했을 거 아니야,
00:22:04,1324.08,00:22:08,1328.9,UNKNOWN,버튼 이렇게,
00:22:08,1328.9,00:22:09,1329.94,UNKNOWN,근데 그거 어디 갔냐고?,
00:22:09,1329.94,00:22:13,1333.64,UNKNOWN,저기 방에 있어요,
00:22:13,1333.64,00:22:16,1336.74,UNKNOWN,드로잉쇼 끝나고 무대 옆에서 사진 찍어주셔서 감사합니다,
00:22:16,1336.74,00:22:18,1338.1,UNKNOWN,덕분에 승천했어요,
00:22:18,1338.1,00:22:22,1342.16,UNKNOWN,아이 감사합니다 일찍 오셔서 그나마 찍었네요,
00:22:22,1342.16,00:22:24,1344.06,UNKNOWN,그래서 성캐나 던파 관계자한테 뭐...,
00:22:24,1344.06,00:22:26,1346.38,UNKNOWN,이벤트나 업데이트 관련 찌라시 들은 거 있음,
00:22:26,1346.38,00:22:27,1347.94,UNKNOWN,엠바고 없으면 조금 풀어줘 봐봐 엠버서더로서 드릴 거 있을까,
00:22:27,1347.94,00:22:29,1349.64,UNKNOWN,엠바고 없겠냐?,
00:22:29,1349.64,00:22:31,1351.24,UNKNOWN,말이 되는 소리래,
00:22:31,1351.24,00:22:36,1356.96,UNKNOWN,공식 드로잉쇼에 응 저블게 이런 거 그리는데,
00:22:36,1356.96,00:22:38,1358.94,UNKNOWN,나라도 챙겨주기 망설일 듯,
00:22:38,1358.94,00:22:46,1366.29,UNKNOWN,듣긴 들었나 본데?,
00:22:46,1366.29,00:22:52,1372.73,UNKNOWN,에이 뭐 아무것도 못 들었죠 저는,
00:22:52,1372.73,00:22:56,1376.23,UNKNOWN,난 그... 네오플에 워크맨 한 번 찍게 해달라고 했어,
00:22:56,1376.23,00:22:58,1378.47,UNKNOWN,시나리오 팀에서 한 달 정도 일하기,
00:22:58,1378.47,00:23:00,1380.85,UNKNOWN,하하하하,
00:23:00,1380.85,00:23:02,1382.75,UNKNOWN,검토해보겠대요,
00:23:02,1382.75,00:23:12,1392.01,UNKNOWN,엠바고 있으면...,
00:23:12,1392.01,00:23:17,1397.79,UNKNOWN,스포 느낌으로 썰 좀 풀어줘,
00:23:17,1397.79,00:23:34,1414.12,UNKNOWN,막내라서 커피만 탐? 그럴 수도 있어요,
00:23:34,1414.12,00:23:36,1416.68,UNKNOWN,그래서 미카엘라레이드 언제 나오?,
00:23:36,1416.68,00:23:39,1419.32,UNKNOWN,미카엘라레이드 나올 때 되면 나오겠지,
00:23:39,1419.32,00:24:02,1442.82,UNKNOWN,그 업데이트 일정표 있잖아 그거는,
00:24:02,1442.82,00:24:06,1446.2,UNKNOWN,아무튼 그 보니스 코스프레 한 분이,
00:24:06,1446.2,00:24:07,1447.78,UNKNOWN,아직도 기억나,
00:24:07,1447.78,00:24:11,1451.04,UNKNOWN,너무 그 장비 퀄리티가 좋아서,
00:24:11,1451.04,00:24:13,1453.66,UNKNOWN,사진 한 번 찍어달라고 했거든,
00:24:13,1453.66,00:24:19,1459.02,UNKNOWN,갖고 등에 그 그 그 그,
00:24:19,1459.02,00:24:19,1459.9,UNKNOWN,그...,
00:24:19,1459.9,00:24:20,1460.52,UNKNOWN,그러게...,
00:24:20,1460.52,00:24:23,1463.7,UNKNOWN,그 뭐냐,
00:24:23,1463.7,00:24:26,1466.8,UNKNOWN,전본 좀 달라고 하지 전본은 왜 받아,
00:24:26,1466.8,00:24:40,1480.25,UNKNOWN,대우받는데 왜 나한텐 이럴까?,
00:24:40,1480.25,00:24:42,1482.93,UNKNOWN,아 그런데 연재 제의 주셔서 할 생각은 있고요,
00:24:42,1482.93,00:24:45,1485.59,UNKNOWN,업데이트 내용 들은 거 있는데 궁시렁궁시렁,
00:24:45,1485.59,00:24:48,1488.13,UNKNOWN,나 왜 엠버서더 차별 대우받는지 알고 갔냐?,
00:24:48,1488.13,00:24:52,1492.11,UNKNOWN,뭔 소리야 내가 언제 업데이트 내용 들은 걸로 궁시렁거렸어,
00:24:52,1492.11,00:24:53,1493.59,UNKNOWN,나 그거 봤어,
00:24:53,1493.59,00:24:57,1497.81,UNKNOWN,일패의 말 굽고 긴 드레스와 반 익어 복장을 입은 것,
00:24:57,1497.81,00:24:59,1499.01,UNKNOWN,음...,
00:24:59,1499.01,00:25:01,1501.48,UNKNOWN,이 새끼 버니스 코르프레한 사람한테는...,
00:25:01,1501.48,00:25:01,1501.98,UNKNOWN,이 새끼 버니스 코르프레한 사람한테는...,
00:25:01,1501.98,00:25:02,1502.6,UNKNOWN,이 새끼 버니스 코르프레한 사람한테는...,
00:25:02,1502.6,00:25:03,1503.1,UNKNOWN,이 새끼 버니스 코르프레한 사람한테는...,
00:25:03,1503.48,00:25:05,1505.62,UNKNOWN,얼마나 끌렸으면 버튜버가 아니라,
00:25:05,1505.62,00:25:08,1508.72,UNKNOWN,사람을 이렇게 칭찬하는 거냐 디게 궁금하네,
00:25:08,1508.72,00:25:11,1511.12,UNKNOWN,그만큼 고퀄리티였다,
00:25:11,1511.12,00:25:12,1512.62,UNKNOWN,라고 생각하시면 되겠습니다,
00:25:20,1520.95,00:25:23,1523.07,UNKNOWN,레바는 드로잉쇼 중에 그리면서,
00:25:23,1523.07,00:25:26,1526.07,UNKNOWN,두리번거리다가 빨간머리에 꾸는 코스프레,
00:25:26,1526.07,00:25:29,1529.81,UNKNOWN,한 사람 보이면 눈 풀리고 펜 떨구고 호다닥 달려갈게,
00:25:31,1531.01,00:25:33,1533.55,UNKNOWN,그러게 버튜버 코스프레 한 사람은,
00:25:33,1533.55,00:25:36,1536.25,UNKNOWN,생각보다 못 본 거 같은데 생각보다,
00:25:36,1536.25,00:25:38,1538.95,UNKNOWN,있을 법한데 제 눈엔 안 들었어요,
00:25:38,1538.95,00:25:41,1541.91,UNKNOWN,음...,
00:25:41,1541.91,00:25:47,1547.12,UNKNOWN,꽤 많더라고 그래?,
00:25:47,1547.12,00:25:48,1548.46,UNKNOWN,난 못 봤어요,
00:25:48,1548.46,00:26:11,1571.2,UNKNOWN,그냥 보통?,
00:26:11,1571.2,00:26:12,1572.46,UNKNOWN,그건 없었어요,
00:26:12,1572.46,00:26:13,1573.7,UNKNOWN,나 무서운 일은 있었어,
00:26:13,1573.7,00:26:15,1575.46,UNKNOWN,나 대기실에 되게 일찍 갔거든,
00:26:15,1575.46,00:26:17,1577.58,UNKNOWN,아침에 7시쯤에,
00:26:17,1577.58,00:26:20,1580.1,UNKNOWN,7시쯤에 가서 테이블에 앉아 있었는데,
00:26:20,1580.1,00:26:22,1582.72,UNKNOWN,누가 대기실에 들어오는 거야,
00:26:22,1582.72,00:26:25,1585.68,UNKNOWN,그래서 관계자분이신가 하고 봤는데,
00:26:25,1585.68,00:26:26,1586.94,UNKNOWN,되게...,
00:26:26,1586.94,00:26:31,1591.06,UNKNOWN,누가 봐도 약간 그...,
00:26:31,1591.06,00:26:32,1592.66,UNKNOWN,일단 일반인 분인데,
00:26:32,1592.66,00:26:33,1593.06,UNKNOWN,일단 일반인 분인데,
00:26:33,1593.06,00:26:33,1593.16,UNKNOWN,일단 일반인 분인데,
00:26:33,1593.16,00:26:33,1593.32,UNKNOWN,일단 일반인 분인데,
00:26:33,1593.32,00:26:34,1594.46,UNKNOWN,일단 일반인 분인데,
00:26:34,1594.46,00:26:35,1595.16,UNKNOWN,딱 옆에...,
00:26:35,1595.16,00:26:36,1596.0,UNKNOWN,폰 끼고,
00:26:36,1596.0,00:26:39,1599.46,UNKNOWN,약간 가방 이렇게 하고,
00:26:39,1599.46,00:26:45,1605.69,UNKNOWN,가방 엄청 커다란 거 메시고,
00:26:45,1605.69,00:26:47,1607.81,UNKNOWN,체크 무늬 티에,
00:26:47,1607.81,00:26:50,1610.99,UNKNOWN,약간 덩치 좀 있으시고,
00:26:50,1610.99,00:26:52,1612.75,UNKNOWN,안경 이렇게 쓰시고,
00:26:52,1612.75,00:26:55,1615.13,UNKNOWN,한 분이 딱 냅다 들어와서,
00:26:55,1615.13,00:26:56,1616.45,UNKNOWN,두리번 두리번 거더니,
00:26:56,1616.45,00:26:59,1619.57,UNKNOWN,막 테이블에 있는 간식들을 이렇게 주머니에 넣으시는 거야,
00:26:59,1619.57,00:27:02,1622.29,UNKNOWN,어? 어? 어? 하다가 이렇게,
00:27:02,1622.29,00:27:04,1624.33,UNKNOWN,그냥 보고만 있다가 나가시더라고,
00:27:04,1624.33,00:27:09,1629.01,UNKNOWN,그렇게 챙겨서,
00:27:09,1629.01,00:27:16,1636.72,UNKNOWN,그냥...,
00:27:16,1636.72,00:27:18,1638.22,UNKNOWN,물음표만 뜨다가 그냥,
00:27:18,1638.22,00:27:32,1652.14,UNKNOWN,이렇게 보내버렸어,
00:27:32,1652.14,00:27:44,1664.9,UNKNOWN,킨텍스에 저런 생김새로 다니는 오타쿠들이 보이더라,
00:27:44,1664.9,00:27:46,1666.28,UNKNOWN,나도 한번 가보고 싶긴 하다,
00:27:46,1666.28,00:27:49,1669.72,UNKNOWN,저때 나는 인수인계 실수로 부장한테 털리고 있었는데 인생,
00:27:49,1669.72,00:27:53,1673.4,UNKNOWN,어? 아침 7시에?,
00:27:53,1673.4,00:27:57,1677.54,UNKNOWN,강동원 왔다고 해서 후다닥 가보니까 형이더라,
00:27:57,1677.54,00:27:59,1679.44,UNKNOWN,아이고 고마워요,
00:27:59,1679.44,00:28:06,1686.28,UNKNOWN,최승이잖아 크크크,
00:28:06,1686.28,00:28:08,1688.16,UNKNOWN,저 세기 랩바 반송 좀 받다 보네,
00:28:08,1688.16,00:28:10,1690.66,UNKNOWN,랩바 뷔페에서 음식 가져가는 실력인데,
00:28:10,1690.66,00:28:14,1694.3,UNKNOWN,난 허락을 받고 가져간다고,
00:28:14,1694.46,00:28:16,1696.82,UNKNOWN,랩바가 눈앞에 있는데,
00:28:16,1696.82,00:28:18,1698.84,UNKNOWN,과자부터 챙기는 게,
00:28:18,1698.84,00:28:20,1700.1,UNKNOWN,킬포네,
00:28:20,1700.1,00:28:21,1701.54,UNKNOWN,크크,
00:28:21,1701.54,00:28:25,1705.3,UNKNOWN,여기 테이블에 있는 초콜렛이랑 막 이런 거,
00:28:25,1705.3,00:28:28,1708.94,UNKNOWN,랩바님 낡은 창고님 싸인 받은 거 자랑삼아 보여드렸더니,
00:28:28,1708.94,00:28:31,1711.88,UNKNOWN,뺐어서 지붕 위에 던져버린 거 서운했어요,
00:28:31,1711.88,00:28:34,1714.08,UNKNOWN,어? 지붕까지 어떻게 던져,
00:28:34,1714.08,00:28:39,1719.34,UNKNOWN,랩바야 니가 그렇게 칭찬한 코스워 찾았다,
00:28:39,1719.34,00:28:41,1721.62,UNKNOWN,아 그래요?,
00:28:41,1721.62,00:28:51,1731.48,UNKNOWN,분석 정보령 뭔데,
00:28:51,1731.48,00:28:52,1732.3,UNKNOWN,근데...,
00:28:52,1732.3,00:29:03,1743.36,UNKNOWN,버니스 코스 한 사람이 한둘이 아닐 텐데,
00:29:03,1743.36,00:29:05,1745.44,UNKNOWN,형 말만 해,
00:29:05,1745.44,00:29:10,1750.0,UNKNOWN,저 글링처럼 뛰어들게,
00:29:10,1750.0,00:29:12,1752.78,UNKNOWN,아침 7시에 관계자 부스에 어떻게 들어가냐고?,
00:29:12,1752.78,00:29:13,1753.88,UNKNOWN,일단 아무도 없었어요,
00:29:13,1753.88,00:29:15,1755.28,UNKNOWN,저 말고 아무도 없었어요,
00:29:15,1755.28,00:29:16,1756.64,UNKNOWN,어,
00:29:16,1756.64,00:29:24,1764.34,UNKNOWN,그냥 문은 열려 있었고,
00:29:24,1764.34,00:29:25,1765.22,UNKNOWN,그럼 직원 아니냐고,
00:29:25,1765.22,00:29:26,1766.42,UNKNOWN,나도 직원인 줄 알았다니까,
00:29:26,1766.42,00:29:28,1768.32,UNKNOWN,근데,
00:29:28,1768.32,00:29:29,1769.82,UNKNOWN,누가 봐도 직원이 아닌 거야,
00:29:32,1772.38,00:29:36,1776.26,UNKNOWN,개종민 사퇴하라고 외친 사람 한 명이라도 있었음?,
00:29:36,1776.26,00:29:37,1777.76,UNKNOWN,아니요 오히려 이런...,
00:29:37,1777.76,00:29:42,1782.2,UNKNOWN,그... 약간 이런 행사에서는 다들 즐겁게 보내요,
00:29:42,1782.2,00:29:48,1788.72,UNKNOWN,그니까 던파 페스티벌 같은 데서는,
00:29:48,1788.72,00:29:50,1790.58,UNKNOWN,뭐 얼마나 잘하냐 보자 하고,
00:29:50,1790.58,00:29:53,1793.96,UNKNOWN,이렇게 팔짱 끼고 이렇게 지켜보는 사람이 있다고 한다면,
00:29:53,1793.96,00:30:01,1801.55,UNKNOWN,행사에서는 그냥 와 하면서 그냥 즐겁게 보내는 사람이 많아요,
00:30:01,1801.55,00:30:07,1807.43,UNKNOWN,업데이트 발표 그런 자리가 아니다 보니까,
00:30:07,1807.43,00:30:10,1810.61,UNKNOWN,여기는 진짜 완전 축제 행사장이죠,
00:30:10,1810.61,00:30:18,1818.2,UNKNOWN,약간 던패는 주총 같은 분위기고요,
00:30:18,1818.2,00:30:18,1818.98,UNKNOWN,사실 이 모든 건 랩아가 참을 수 없죠?,
00:30:18,1818.98,00:30:19,1819.48,UNKNOWN,사실 이 모든 건 랩아가 참을 수 없죠?,
00:30:19,1819.48,00:30:19,1819.98,UNKNOWN,사실 이 모든 건 랩아가 참을 수 없죠?,
00:30:19,1819.98,00:30:23,1823.72,UNKNOWN,그래서 랩아가 참가한다 해서 넓은 일폐 장소 차렸지 랩아 안 왔으면,
00:30:23,1823.72,00:30:32,1832.6,UNKNOWN,학교 운동장급 장소에 햇볕에서 고생했을 듯,
00:30:32,1832.6,00:30:34,1834.82,UNKNOWN,그래서 너도 와콤팬 달라고 했음?,
00:30:34,1834.82,00:30:38,1838.1,UNKNOWN,달라고 했죠,
00:30:38,1838.1,00:30:51,1851.84,UNKNOWN,음... 그래도 시간 나면 한번 만들어 주시겠죠,
00:30:51,1851.84,00:30:54,1854.12,UNKNOWN,러 가기 귀찮은데 1대1 신청 드냐?,
00:30:54,1854.12,00:30:55,1855.62,UNKNOWN,지금 이렇게 만나고 있잖아,
00:30:55,1855.62,00:30:57,1857.22,UNKNOWN,반가워요 전 이승권이라고 합니다,
00:30:59,1859.62,00:31:03,1863.6,UNKNOWN,4명 웅크리고 있는 저 그림 뭐임?,
00:31:03,1863.6,00:31:05,1865.6,UNKNOWN,맷돌 대기석임?,
00:31:05,1865.6,00:31:06,1866.62,UNKNOWN,뭔 소리요?,
00:31:06,1866.62,00:31:08,1868.5,UNKNOWN,코스어들 포토라인...,
00:31:08,1868.5,00:31:09,1869.46,UNKNOWN,그린건데...,
00:31:09,1869.46,00:31:12,1872.34,UNKNOWN,그거 와서 음식 가져간 사람이 랩아를 모를 정도면,
00:31:12,1872.34,00:31:16,1876.0,UNKNOWN,형이 요즘 연재 안 하니까 누군지 몰랐나 보네 성장하자 랩아형,
00:31:20,1880.13,00:31:23,1883.07,UNKNOWN,그 나름 그 나름 그 그 차이가 있어 막,
00:31:23,1883.07,00:31:26,1886.81,UNKNOWN,어떤 분은 여기 여기 그 뭐냐,
00:31:26,1886.81,00:31:35,1895.25,UNKNOWN,조명도 이렇게 커다랗게 해서 이렇게 이렇게 촬영하시는 분도 있고 본격적으로,
00:31:35,1895.25,00:31:47,1907.6,UNKNOWN,아니 다른 분은 뭐 그냥 평범하게 그냥 자연광에 찍으시는 분들도 있고,
00:31:47,1907.6,00:31:51,1911.63,UNKNOWN,뽀르리,
00:31:51,1911.63,00:31:53,1913.13,UNKNOWN,은근히 나루토 코스어들이,
00:31:53,1913.13,00:31:54,1914.39,UNKNOWN,되게 많더라,
00:31:54,1914.39,00:31:58,1918.37,UNKNOWN,나루토에 나오는 등장인물들 다 본 거 같은데,
00:31:58,1918.37,00:32:07,1927.75,UNKNOWN,마다라 코스어도 있었고,
00:32:07,1927.75,00:32:08,1928.99,UNKNOWN,사스케도 있었지,
00:32:08,1928.99,00:32:09,1929.75,UNKNOWN,이타치도 있었어요,
00:32:09,1929.75,00:32:11,1931.29,UNKNOWN,아카츠키 멤버 다 있었어요,
00:32:11,1931.29,00:32:12,1932.75,UNKNOWN,롱리는 못 봤다 맞아,
00:32:12,1932.75,00:32:13,1933.79,UNKNOWN,롱리는 없었네,
00:32:13,1933.79,00:32:23,1943.8,UNKNOWN,롱리는 쉽지 않아 근데,
00:32:23,1943.8,00:32:25,1945.38,UNKNOWN,친한 애도 못 봤는데,
00:32:25,1945.38,00:32:29,1949.84,UNKNOWN,생각보다 못 본 게 많네,
00:32:29,1949.84,00:32:32,1952.54,UNKNOWN,일단 7반 애들은 다 있었어요,
00:32:32,1952.54,00:32:43,1963.72,UNKNOWN,뽀르리 왜,
00:32:43,1963.72,00:32:45,1965.32,UNKNOWN,아니 아니 대...,
00:32:45,1965.32,00:32:48,1968.82,UNKNOWN,퍼슈트 입은 사람이 제일 대단했다니까 그 날씨에?,
00:32:48,1968.82,00:32:49,1969.46,UNKNOWN,말이 안 돼?,
00:32:49,1969.46,00:32:54,1974.14,UNKNOWN,어떻게 돌아다니시지?,
00:32:54,1974.14,00:33:05,1985.67,UNKNOWN,이렇게 입고,
00:33:05,1985.67,00:33:07,1987.71,UNKNOWN,퍼슈트 특,
00:33:07,1987.71,00:33:08,1988.45,UNKNOWN,허벅지 존나 보이고,
00:33:08,1988.45,00:33:24,2004.53,UNKNOWN,내 감동 받고 존경해서 따라하고 싶어지,
00:33:24,2004.53,00:33:25,2005.49,UNKNOWN,입어보고 싶었냐고,
00:33:25,2005.49,00:33:28,2008.09,UNKNOWN,아니 진짜 나 이거 입으면,
00:33:28,2008.09,00:33:30,2010.67,UNKNOWN,그 날씨 입었으면 바로 쓰러졌을 것 같은데,
00:33:30,2010.67,00:33:45,2025.05,UNKNOWN,혼절했을 것 같은데,
00:33:45,2025.05,00:33:46,2026.21,UNKNOWN,안에 선풍기 넣지 않았을까,
00:33:46,2026.21,00:33:49,2029.99,UNKNOWN,아 선풍기로 될까 그게?,
00:33:49,2029.99,00:33:51,2031.03,UNKNOWN,난 가서 기두라이,
00:33:51,2031.03,00:33:52,2032.89,UNKNOWN,드라이아이스 들고 있는 거 아니야?,
00:33:52,2032.89,00:33:56,2036.49,UNKNOWN,몸 상태가 안 좋아서 못 가서 안 함 크크,
00:33:57,2037.13,00:33:59,2039.27,UNKNOWN,뽀르리,
00:33:59,2039.27,00:34:00,2040.93,UNKNOWN,더워서 쓰러진 건 둘째치고,
00:34:00,2040.93,00:34:06,2046.48,UNKNOWN,넌 이제 허리춤으로 1000% 낙인 찍히는 거임 크크,
00:34:06,2046.48,00:34:09,2049.92,UNKNOWN,일패복단 사람 구독 기념 메시지나 보내는,
00:34:09,2049.92,00:34:11,2051.66,UNKNOWN,즐거우셨나요?,
00:34:11,2051.66,00:34:13,2053.72,UNKNOWN,아이고 구독 고마워요,
00:34:13,2053.72,00:34:15,2055.2,UNKNOWN,뽀르리도 고맙습니다,
00:34:15,2055.2,00:34:16,2056.66,UNKNOWN,하자,
00:34:16,2056.66,00:34:18,2058.46,UNKNOWN,아이쿠,
00:34:18,2058.46,00:34:20,2060.7,UNKNOWN,고마워요,
00:34:20,2060.7,00:34:24,2064.88,UNKNOWN,으흐흐흐흐,
00:34:24,2064.88,00:34:28,2068.31,UNKNOWN,으 어어어,
00:34:28,2068.31,00:34:36,2076.26,UNKNOWN,가자 이제 가,
00:34:36,2076.26,00:34:37,2077.46,UNKNOWN,아... 아무튼 아직...,
00:34:37,2077.46,00:34:40,2080.22,UNKNOWN,그래서 아직 저도 체력이 회복이 덜 됐는데,
00:34:40,2080.22,00:34:41,2081.66,UNKNOWN,그래도 간만이니까 오늘 방송을,
00:34:41,2081.66,00:34:43,2083.26,UNKNOWN,잠깐이라도 켰습니다,
00:34:43,2083.26,00:34:43,2083.66,UNKNOWN,으흠,
00:34:43,2083.66,00:34:44,2084.66,UNKNOWN,오늘은 그냥 뭐 하냐고,
00:34:44,2084.66,00:34:45,2085.84,UNKNOWN,이렇게 tie 한 번 해,
00:34:45,2085.84,00:34:48,2088.08,UNKNOWN,그 잡담하면서 낙선할까 합니다,
00:34:48,2088.08,00:34:59,2099.18,UNKNOWN,어,
00:34:59,2099.18,00:35:00,2100.98,UNKNOWN,오늘도 일러스트 앞 S,
00:35:00,2100.98,00:35:08,2108.67,UNKNOWN,오늘도 포함인가요?,
00:35:08,2108.67,00:35:10,2110.71,UNKNOWN,오늘까지구나,
00:35:10,2110.71,00:35:13,2113.03,UNKNOWN,음...,
00:35:13,2113.03,00:35:14,2114.45,UNKNOWN,1편은 못 가봐가지고...,
00:35:14,2114.45,00:35:17,2117.73,UNKNOWN,아쉽네,
00:35:17,2117.73,00:35:18,2118.83,UNKNOWN,지금은 늦었구나,
00:35:18,2118.83,00:35:19,2119.37,UNKNOWN,하하하,
00:35:19,2119.37,00:35:20,2120.61,UNKNOWN,6시에 출발하면,
00:35:20,2120.61,00:35:24,2124.39,UNKNOWN,사실 이미 끝났군요,
00:35:24,2124.39,00:35:29,2129.8,UNKNOWN,근데 이번 던파 공방 좀 그렇더라,
00:35:29,2129.8,00:35:32,2132.42,UNKNOWN,옆집 창섭이 형은 종민이 미심나락 박을 때,
00:35:32,2132.42,00:35:34,2134.56,UNKNOWN,넥슨 부본부장으로 승진했는데 참,
00:35:34,2134.56,00:35:38,2138.38,UNKNOWN,던파 공방 괜찮았는데 이번 건 그나마,
00:35:38,2138.38,00:35:40,2140.42,UNKNOWN,나는 1패 가봤음 물론,
00:35:40,2140.42,00:35:42,2142.64,UNKNOWN,일러스트 페어인 어크크크크,
00:35:42,2142.64,00:35:48,2148.36,UNKNOWN,괜찮은데 아까 뭐지?,
00:36:00,2160.31,00:36:03,2163.37,UNKNOWN,코스어들 대단한 사람 1번 퍼슈트,
00:36:03,2163.37,00:36:08,2168.96,UNKNOWN,2번 온갖 갑옷 걸친 사람들,
00:36:08,2168.96,00:36:17,2177.99,UNKNOWN,플레이트 갑옷,
00:36:17,2177.99,00:36:28,2188.44,UNKNOWN,그리고 3번 밀덕분들,
00:36:28,2188.44,00:36:41,2201.61,UNKNOWN,이거에다가 타 의심호,
00:36:41,2201.61,00:36:46,2206.19,UNKNOWN,탄띠랑 온갖 거 이렇게 메고,
00:36:46,2206.19,00:37:00,2220.28,UNKNOWN,퇴근하고 보는 레바 방송 너무 귀하잖아 레하,
00:37:00,2220.28,00:37:08,2228.19,UNKNOWN,4번 락앤락 들고 가는 레바,
00:37:08,2228.19,00:37:12,2232.64,UNKNOWN,자 이러고 이러고 다니고,
00:37:12,2232.64,00:37:16,2236.96,UNKNOWN,이게 땡패트에 할 수 있는 코스들이 아닌데 이것들이,
00:37:16,2236.96,00:37:36,2256.66,UNKNOWN,구독 무시당했다 구독 고마워요,
00:37:36,2256.66,00:37:42,2262.91,UNKNOWN,플레이수포의 가족이나 학생들,
00:37:42,2262.91,00:37:46,2266.13,UNKNOWN,도 많이 와서 보기 좋았다고 아 그쵸,
00:37:46,2266.13,00:37:49,2269.45,UNKNOWN,말 그대로 플레이수포라서,
00:37:49,2269.45,00:37:53,2273.87,UNKNOWN,되게 종합적으로 되게 연령층이 다양했어요,
00:37:53,2273.87,00:38:01,2281.43,UNKNOWN,왜 뽀로리 물 있고 밥 있고 다 있네,
00:38:01,2281.43,00:38:24,2304.25,UNKNOWN,난 개구리 공복 입은,
00:38:24,2304.25,00:38:26,2306.53,UNKNOWN,간만에 방송에서 그런가 봐요,
00:38:26,2306.53,00:38:28,2308.97,UNKNOWN,오늘 오전까진 조용하더만,
00:38:28,2308.97,00:38:30,2310.87,UNKNOWN,갑자기 내가 말 주절주절하니까,
00:38:30,2310.87,00:38:33,2313.89,UNKNOWN,말 거는 줄 알아봐,
00:38:33,2313.89,00:38:34,2314.81,UNKNOWN,다른 썰은 없냐고?,
00:38:35,2315.69,00:38:41,2321.93,UNKNOWN,썰이라고 할 거 있나?,
00:38:41,2321.93,00:38:45,2325.01,UNKNOWN,사실 행사 뛰는데,
00:38:45,2325.01,00:38:48,2328.31,UNKNOWN,말할 수 있는 썰이 있으면 안 되긴 해,
00:38:48,2328.31,00:38:51,2331.99,UNKNOWN,다 그냥 계획대로 돌아가는 그거라서,
00:38:51,2331.99,00:38:53,2333.15,UNKNOWN,방송인 만났냐고?,
00:38:53,2333.15,00:39:02,2342.27,UNKNOWN,방송인이라고 하기엔 유명해는 여기 성캣님 계시고,
00:39:02,2342.27,00:39:11,2351.6,UNKNOWN,여기 피넛님 계시고,
00:39:11,2351.6,00:39:23,2363.12,UNKNOWN,인생님 여기는 낡은창고님,
00:39:23,2363.12,00:39:32,2372.25,UNKNOWN,종민님 그래서 그냥 다들 여기 대기실에서 커피나 한 잔 쪽쪽,
00:39:32,2372.25,00:39:47,2387.14,UNKNOWN,빨면서 이렇게 대본이나 약간 계획표 보고 있고,
00:39:47,2387.14,00:39:48,2388.76,UNKNOWN,진짜 12만인 거 봤냐고요?,
00:39:48,2388.76,00:39:58,2398.15,UNKNOWN,그것까진 제가 여쭤보지 못했습니다,
00:39:58,2398.15,00:40:00,2400.09,UNKNOWN,종민님 어떤 이야기 하는지 궁금하다고?,
00:40:00,2400.09,00:40:01,2401.67,UNKNOWN,글쎄요?,
00:40:01,2401.67,00:40:04,2404.99,UNKNOWN,레바님은 코스 해 보실 생각 없으신가요?,
00:40:04,2404.99,00:40:06,2406.37,UNKNOWN,코스?,
00:40:06,2406.37,00:40:08,2408.41,UNKNOWN,글쎄요 전 예전에 방송에서,
00:40:08,2408.41,00:40:09,2409.73,UNKNOWN,데드풀 코스도 하고,
00:40:09,2409.73,00:40:11,2411.55,UNKNOWN,스파이더맨 코스도 하지 않았나요?,
00:40:11,2411.55,00:40:14,2414.65,UNKNOWN,그것도 나름 코스라면 코스죠,
00:40:14,2414.65,00:40:33,2433.58,UNKNOWN,마란버니스 코스업은 찾아봤는데?,
00:40:33,2433.58,00:40:35,2435.58,UNKNOWN,확실히 등에 맨 거 퀄리티 미쳤네,
00:40:35,2435.58,00:40:36,2436.82,UNKNOWN,글쎄요?,
00:40:36,2436.82,00:40:39,2439.7,UNKNOWN,버니스 코스업은 한둘이 아닐 거라서,
00:40:39,2439.7,00:40:53,2453.93,UNKNOWN,여러분 제가 말한 그분이 그분이 맞는지 모르겠네요,
00:40:53,2453.93,00:40:54,2454.47,UNKNOWN,저녁방...,
00:40:54,2454.47,00:40:55,2455.97,UNKNOWN,저녁 먹방 방송 해달라고?,
00:40:55,2455.97,00:40:58,2458.49,UNKNOWN,나 점심을 먹은 지 얼마 안 돼서 그렇게 배가 안 고픈데?,
00:40:58,2458.49,00:40:59,2459.89,UNKNOWN,사실 슈트 입고 고개 셀렛 출입증만 걸고 다녀도,
00:40:59,2459.89,00:41:02,2462.85,UNKNOWN,센스의 코스라는 거인 크크,
00:41:02,2462.85,00:41:07,2467.09,UNKNOWN,밖에서는 키 크고 잘생겨서,
00:41:07,2467.09,00:41:10,2470.03,UNKNOWN,방송에서 하는 것처럼 장난이나 드립 못 치겠어,
00:41:10,2470.03,00:41:11,2471.87,UNKNOWN,그냥 멍하게 쳐다만 봄,
00:41:11,2471.87,00:41:14,2474.23,UNKNOWN,전 종민님 볼 때 그랬는데요?,
00:41:15,2475.13,00:41:18,2478.39,UNKNOWN,종민님한테 되게...,
00:41:18,2478.39,00:41:21,2481.27,UNKNOWN,만나면 되게 말을 아끼게 된다?,
00:41:21,2481.27,00:41:23,2483.37,UNKNOWN,무슨 말 하면 안 되고,
00:41:23,2483.37,00:41:41,2501.76,UNKNOWN,무슨 말을 해도 약간 안 될 것 같은 그런 느낌? 기분?,
00:41:41,2501.76,00:41:58,2518.8,UNKNOWN,그래서 그걸 여쭤보질 못했다니까요?,
00:41:58,2518.8,00:42:01,2521.34,UNKNOWN,또 새 가슴 다 됐다고?,
00:42:01,2521.34,00:42:04,2524.02,UNKNOWN,원래 이랬는데?,
00:42:04,2524.02,00:42:05,2525.76,UNKNOWN,밥 드셨어요?,
00:42:05,2525.76,00:42:09,2529.28,UNKNOWN,지금 상황에 밥이 넘어가냐?,
00:42:11,2531.28,00:42:13,2533.36,UNKNOWN,그런 느낌은 아닌데? 아무튼...,
00:42:13,2533.52,00:42:16,2536.84,UNKNOWN,여름에 행사 예정된 거 있냐고요?,
00:42:16,2536.84,00:42:19,2539.62,UNKNOWN,일단 바쁜 건 예정되어 있구나,
00:42:19,2539.62,00:42:22,2542.64,UNKNOWN,바빴던 건 이번 주에 싹 몰려 있어서,
00:42:22,2542.64,00:42:25,2545.72,UNKNOWN,이번 주 다 지나서 이제,
00:42:25,2545.72,00:42:30,2550.04,UNKNOWN,딱 이제 다시 쉴 타이밍이에요,
00:42:30,2550.04,00:42:41,2561.01,UNKNOWN,앞으로 예정된 일은 딱히 없습니다 계획이,
00:42:41,2561.01,00:42:42,2562.41,UNKNOWN,블리전 공모 때나 한번?,
00:42:42,2562.41,00:42:59,2579.54,UNKNOWN,아니 블리전을 또 나가라고?,
00:42:59,2579.54,00:43:03,2583.54,UNKNOWN,명성 12만 캐릭터 확인해보고 싶으셨나요?,
00:43:03,2583.54,00:43:04,2584.72,UNKNOWN,해보고 싶었는데 여쭤보진 못했어요.,
00:43:04,2584.72,00:43:05,2585.6,UNKNOWN,해보고 싶었는데 여쭤보진 못했어요.,
00:43:05,2585.6,00:43:30,2610.16,UNKNOWN,그러게 코스우주의 다이어리는 못 본 거 같다?,
00:43:30,2610.16,00:43:35,2615.64,UNKNOWN,블리전 왜왜왜왜,
00:43:35,2615.64,00:43:37,2617.12,UNKNOWN,날 잉고해라,
00:43:37,2617.12,00:43:39,2619.06,UNKNOWN,왜왜왜,
00:43:39,2619.06,00:43:42,2622.4,UNKNOWN,오늘 형 친구 생일인데 생일 축하해주고 왔어?,
00:43:42,2622.4,00:43:43,2623.84,UNKNOWN,아 간식 먹었잖아,
00:43:43,2623.84,00:44:06,2646.9,UNKNOWN,그래 며칠 동안 못 먹었으니까 두 개 정도 더 적어도 되겠지,
00:44:06,2646.9,00:45:12,2712.87,UNKNOWN,드디어 조용해졌고,
00:45:12,2712.87,00:45:33,2733.05,UNKNOWN,밥그릇이 되고 싶다,
00:45:33,2733.05,00:45:45,2745.86,UNKNOWN,간만에 버니스나 그려볼까?,
00:45:45,2745.86,00:45:48,2748.96,UNKNOWN,얼마나 예뻤던 거임이 아니고,
00:45:48,2748.96,00:45:51,2751.58,UNKNOWN,애초에 나 그 젠 존재를 본격적으로 시작한 게,
00:45:51,2751.58,00:45:59,2759.2,UNKNOWN,버니스 때문이었거든,
00:45:59,2759.2,00:46:15,2775.1,UNKNOWN,젠 존재 하긴 하냐고? 하지,
00:46:15,2775.1,00:46:21,2781.64,UNKNOWN,펄크라 아니었냐고? 아닌데,
00:46:21,2781.64,00:46:28,2788.68,UNKNOWN,보롤이 간식 먹었는데도 계속 찡찡거리면 혼나,
00:46:28,2788.68,00:46:31,2791.3,UNKNOWN,왜 이분 요즘에는 옛날과 달리,
00:46:31,2791.3,00:46:35,2795.3,UNKNOWN,트랜스포머 한 재짝지 깃잘 같은 거 안 그려주나요?,
00:46:35,2795.3,00:46:37,2797.06,UNKNOWN,조금 상심이 크네요.,
00:46:37,2797.06,00:47:01,2821.14,UNKNOWN,왜 그려야 되는데 설명을 해봐,
00:47:01,2821.14,00:47:07,2827.24,UNKNOWN,로봇 비엘은 필요 없다고,
00:47:07,2827.24,00:47:09,2829.46,UNKNOWN,와 이 미친 보육수가 버튜버가 아니라,
00:47:09,2829.46,00:47:13,2833.0,UNKNOWN,현실 사람 코스프레를 보고 감탄에 칭찬을 연달아 하는 것도 신기한데,
00:47:13,2833.0,00:47:15,2835.32,UNKNOWN,그림까지 그린다고?,
00:47:15,2835.32,00:47:18,2838.44,UNKNOWN,그냥 보니스 원래부터 좋아했던 캐릭터라서,
00:47:18,2838.44,00:48:01,2881.56,UNKNOWN,예전에 옵티머스와 친구들 피크닉 그림보고 감명받았다며 그래서 아닐까,
00:48:01,2881.56,00:48:04,2884.72,UNKNOWN,난 이런 그림 그리는 레바 형도 멋지다고 생각하는데,
00:48:04,2884.72,00:48:12,2892.35,UNKNOWN,이내 포켓몬을 그려주는 강동원 닮은 핸섬하고 예의바르고 젠틀한 레바 형이 보고 싶은데,
00:48:12,2892.35,00:48:13,2893.75,UNKNOWN,안 그래요?,
00:48:13,2893.75,00:48:28,2908.49,UNKNOWN,스타 썰 더 풀고 없고 적당히 노가리 풀고 낙서할 거면,
00:48:28,2908.49,00:48:31,2911.33,UNKNOWN,이따가 입으로 배그 조심스레 요청해봐도 되냐,
00:48:31,2911.33,00:48:37,2917.04,UNKNOWN,너 배그 하는 거에 중독됐나 봐 끼에익 하고 소리 지르는 거 듣고 싶어,
00:48:37,2917.04,00:48:40,2920.88,UNKNOWN,아니요 게임할 체력도 안 됨,
00:48:40,2920.88,00:48:43,2923.84,UNKNOWN,거짓말 같은데 배그 전적 검색해보세요,
00:48:43,2923.84,00:48:59,2939.04,UNKNOWN,왜 삐삐삐 거리냐 팬이,
00:48:59,2939.04,00:49:00,2940.04,UNKNOWN,좀 뜬금없는 일이긴 한데 어제 일어났습니다.,
00:49:00,2940.04,00:49:01,2941.04,UNKNOWN,좀 뜬금없는 일이긴 한데 어제 일어났습니다.,
00:49:01,2941.04,00:49:02,2942.04,UNKNOWN,좀 뜬금없는 일이긴 한데 어제 일어났습니다.,
00:49:02,2942.04,00:49:06,2946.78,UNKNOWN,일 배 끝나고 설빙 먹으러 갔는데 자만코 빙수라는 메뉴가 있길래,
00:49:06,2946.78,00:49:09,2949.4,UNKNOWN,자연스럽게 자지만코로 읽어버렸음,
00:49:09,2949.4,00:49:11,2951.98,UNKNOWN,아 시발 난 더럽혀졌어,
00:49:11,2951.98,00:49:14,2954.96,UNKNOWN,더럽혀진 게 아니고 원래 더러웠던 거 아닐까요,
00:49:14,2954.96,00:49:16,2956.46,UNKNOWN,그래 내일 하면 되지,
00:49:16,2956.46,00:49:34,2974.56,UNKNOWN,시험은 천년이 일한 지 5개월째,
00:49:34,2974.56,00:49:43,2983.26,UNKNOWN,딱 날인데 방송함,
00:49:43,2983.26,00:49:45,2985.94,UNKNOWN,그건 내일에 내가 정하지 않을까,
00:49:45,2985.94,00:49:46,2986.94,UNKNOWN,고추참치 맛있어,
00:49:46,2986.94,00:49:51,2991.12,UNKNOWN,내일 별일 없으면 뭐 올 수도 있고,
00:49:51,2991.12,00:49:52,2992.36,UNKNOWN,뭐 나갈 일 있으면,
00:49:52,2992.36,00:50:09,3009.22,UNKNOWN,나갔다 오고,
00:50:09,3009.22,00:50:11,3011.82,UNKNOWN,나갈 일이 있다고,
00:50:11,3011.82,00:50:14,3014.68,UNKNOWN,나갈 일 일을 좀 만들어 볼까도 생각하고 있습니다,
00:50:14,3014.68,00:50:29,3029.92,UNKNOWN,호쇼 마린이 좋아하는 사람 특징 내일 방송 키는 사람,
00:50:29,3029.92,00:51:12,3072.01,UNKNOWN,이건 또 뭔 초식이야,
00:51:12,3072.01,00:51:14,3074.99,UNKNOWN,어 간만에 타블렛으로 그림 그리니까,
00:51:14,3074.99,00:51:16,3076.83,UNKNOWN,나름 반갑네 왜 반갑지,
00:51:16,3076.83,00:51:20,3080.07,UNKNOWN,그렇게 오랜만은 아닌데,
00:51:20,3080.07,00:51:22,3082.59,UNKNOWN,이번 주는 밖에 있었던 시간이 많아서 그런가,
00:51:22,3082.59,00:51:27,3087.25,UNKNOWN,설마 네바가 내일 레코던들 버리고 방송을 안 키겠냐?,
00:51:27,3087.25,00:51:28,3088.25,UNKNOWN,내 남은 이수진이 그리니까,
00:51:28,3088.25,00:51:32,3092.6,UNKNOWN,인생을 랩받아 내일 방송 키는 거에 건다,
00:51:32,3092.6,00:51:35,3095.52,UNKNOWN,그런데 인생 걸지 마,
00:51:35,3095.52,00:51:37,3097.0,UNKNOWN,혹시 모르잖아,
00:51:37,3097.0,00:52:19,3139.87,UNKNOWN,살인데 먹방이라도 하실?,
00:52:19,3139.87,00:52:24,3144.33,UNKNOWN,먹방이라,
00:52:24,3144.33,00:52:26,3146.05,UNKNOWN,아유 근데 아니 보니까,
00:52:26,3146.05,00:52:28,3148.05,UNKNOWN,간만에 네오플 직원분들 만나니까,
00:52:28,3148.05,00:52:29,3149.23,UNKNOWN,나 왜 이렇게 살쪄냐고,
00:52:29,3149.23,00:52:30,3150.53,UNKNOWN,다들 잔지러지시던데,
00:52:30,3150.53,00:52:33,3153.01,UNKNOWN,내가 그 정도로 살이 많이 쪘나,
00:52:33,3153.01,00:52:44,3164.6,UNKNOWN,그 생각을 하고,
00:52:44,3164.6,00:52:47,3167.18,UNKNOWN,아유 근데 그 카페에 올려준,
00:52:47,3167.18,00:52:49,3169.18,UNKNOWN,여러분의 그 사진들 보니까,
00:52:49,3169.18,00:52:50,3170.18,UNKNOWN,확실히 예전보다 내가 살이 오르긴 했죠?,
00:52:50,3170.18,00:53:05,3185.24,UNKNOWN,그니까 예전 사진하고 비교를 한번 해보니까,
00:53:05,3185.24,00:53:06,3186.24,UNKNOWN,근데 날이 더워지니 나도 좀 많이 먹긴 하더라,
00:53:06,3186.24,00:53:09,3189.38,UNKNOWN,입맛은 없어도 배고파서 먹게 된,
00:53:09,3189.38,00:53:10,3190.38,UNKNOWN,난 좀 간식거리를 많이 먹게 돼서 그런가,
00:53:10,3190.38,00:53:11,3191.38,UNKNOWN,나 최근에 맥도날드를 너무 많이 시켜서,
00:53:11,3191.38,00:53:12,3192.38,UNKNOWN,사람이 먹고는 살아야지,
00:53:12,3192.38,00:53:13,3193.38,UNKNOWN,감지 때문에 살 존나 찐 듯?,
00:53:13,3193.38,00:53:14,3194.38,UNKNOWN,콜슬로로 바꿔야겠다,
00:53:14,3194.38,00:53:15,3195.38,UNKNOWN,그러니까 사진으로 보니까,
00:53:15,3195.38,00:53:16,3196.38,UNKNOWN,내가 확실히 볼살이 예전보다 많이 쪘더라고,
00:53:16,3196.38,00:53:17,3197.38,UNKNOWN,너 이 새끼가 살이 많이 쪘네,
00:53:17,3197.38,00:53:18,3198.38,UNKNOWN,내가 살이 많이 쪘네,
00:53:18,3198.38,00:53:19,3199.38,UNKNOWN,내가 살이 많이 쪘네,
00:53:19,3199.38,00:53:20,3200.38,UNKNOWN,내가 살이 많이 쪘네,
00:53:20,3200.38,00:53:21,3201.38,UNKNOWN,내가 살이 많이 쪘네,
00:53:21,3201.38,00:53:22,3202.38,UNKNOWN,내가 살이 많이 쪘네,
00:53:22,3202.38,00:53:23,3203.38,UNKNOWN,내가 살이 많이 쪘네,
00:53:23,3203.38,00:53:24,3204.38,UNKNOWN,내가 살이 많이 쪘네,
00:53:24,3204.38,00:53:25,3205.38,UNKNOWN,내가 살이 많이 쪘네,
00:53:25,3205.38,00:53:26,3206.38,UNKNOWN,내가 살이 많이 쪘네,
00:53:26,3206.38,00:53:27,3207.38,UNKNOWN,내가 살이 많이 쪘네,
00:53:27,3207.38,00:53:29,3209.69,UNKNOWN,내가 살이 많이 쪘네,
00:53:29,3209.69,00:53:30,3210.69,UNKNOWN,내가 살이 많이 쪘네,
00:53:30,3210.69,00:53:49,3229.96,UNKNOWN,내가 살이 많이 쪘네,
00:53:49,3229.96,00:53:50,3230.96,UNKNOWN,내가 살이 많이 쪘네,
00:53:50,3230.96,00:53:51,3231.96,UNKNOWN,내가 살이 많이 쪘네,
00:53:51,3231.96,00:53:52,3232.96,UNKNOWN,내가 살이 많이 쪘네,
00:53:52,3232.96,00:53:53,3233.96,UNKNOWN,내가 살이 많이 쪘네,
00:53:53,3233.96,00:53:56,3236.66,UNKNOWN,내가 살이 많이 쪘네,
00:53:56,3236.66,00:53:57,3237.66,UNKNOWN,내가 살이 많이 쪘네,
00:53:57,3237.66,00:53:58,3238.66,UNKNOWN,내가 살이 많이 쪘네,
00:53:58,3238.66,00:53:59,3239.66,UNKNOWN,내가 살이 많이 쪘네,
00:53:59,3239.66,00:54:00,3240.66,UNKNOWN,내가 살이 많이 쪘네,
00:54:00,3240.66,00:54:01,3241.66,UNKNOWN,내가 살이 많이 쪘네,
00:54:01,3241.66,00:54:02,3242.66,UNKNOWN,내가 살이 많이 쪘네,
00:54:02,3242.66,00:54:03,3243.66,UNKNOWN,내가 살이 많이 쪘네,
00:54:03,3243.66,00:54:04,3244.66,UNKNOWN,내가 살이 많이 쪘네,
00:54:04,3244.66,00:54:05,3245.66,UNKNOWN,내가 살이 많이 쪘네,
00:54:05,3245.66,00:54:06,3246.66,UNKNOWN,내가 살이 많이 쪘네,
00:54:06,3246.66,00:54:07,3247.66,UNKNOWN,내가 살이 많이 쪘네,
00:54:07,3247.66,00:54:10,3250.42,UNKNOWN,돼지게티 없을걸요?,
00:54:10,3250.52,00:54:12,3252.5,UNKNOWN,안 찾아보기도 했는데 없을 것 같은데,
00:54:12,3252.5,00:54:28,3268.46,UNKNOWN,난 몸무게 64였는데,
00:54:28,3268.46,00:54:30,3270.4,UNKNOWN,요즘 4kg 쯔사 68됐어,
00:54:30,3270.4,00:54:31,3271.08,UNKNOWN,너무 슬퍼,
00:54:31,3271.08,00:54:34,3274.62,UNKNOWN,난 87kg야,
00:54:34,3274.62,00:54:44,3284.84,UNKNOWN,왜 이렇게 돼지냐고?,
00:54:45,3285.74,00:54:46,3286.62,UNKNOWN,그러긴 해,
00:54:46,3286.62,00:54:48,3288.04,UNKNOWN,예전에 비해서 거의,
00:54:48,3288.04,00:54:51,3291.02,UNKNOWN,10kg 가까이 쪘으니까,
00:54:51,3291.02,00:54:52,3292.3,UNKNOWN,찌긴 쪘어,
00:54:52,3292.3,00:55:00,3300.78,UNKNOWN,나 59인데 그제 어제 오늘 실컷 처먹어서,
00:55:00,3300.78,00:55:01,3301.86,UNKNOWN,63kg인데,
00:55:01,3301.86,00:55:06,3306.02,UNKNOWN,얼마나 마른 사람인거야,
00:55:06,3306.02,00:55:07,3307.82,UNKNOWN,50kg 떼면,
00:55:07,3307.82,00:55:31,3331.18,UNKNOWN,내 친구는 130 넘는다고 하는데,
00:55:31,3331.18,00:55:32,3332.76,UNKNOWN,겁나 걱정되더라,
00:55:32,3332.76,00:55:36,3336.68,UNKNOWN,내 친구도 130kg 있는데?,
00:55:36,3336.84,00:55:38,3338.9,UNKNOWN,난 형 행사 있을 때마다 더 빼려고 하다가,
00:55:38,3338.9,00:55:40,3340.2,UNKNOWN,지금 20kg 뺐는데,
00:55:40,3340.2,00:55:43,3343.06,UNKNOWN,내 행사 있을 때마다 살을 왜 빼,
00:55:43,3343.06,00:55:45,3345.04,UNKNOWN,나 한 달 뒤면 구독 티콘 다리 벌린,
00:55:45,3345.04,00:55:45,3345.74,UNKNOWN,잉카스야,
00:55:45,3345.74,00:55:48,3348.98,UNKNOWN,8개월 구독 말 소리해줘,
00:55:48,3348.98,00:55:50,3350.08,UNKNOWN,구독 고마워요,
00:55:50,3350.08,00:55:56,3356.23,UNKNOWN,벌크업 딱 좋게 됐네,
00:55:56,3356.23,00:55:58,3358.27,UNKNOWN,운동이나 다녀보세요,
00:55:58,3358.27,00:56:04,3364.13,UNKNOWN,운동이나 다녀보세요,
00:56:04,3364.13,00:56:07,3367.51,UNKNOWN,밤에 슬슬 한강 런닝이나 다녀볼까?,
00:56:07,3367.51,00:56:08,3368.83,UNKNOWN,나도 런닝크루 가입해볼까?,
00:56:08,3368.83,00:56:12,3372.89,UNKNOWN,난 먹은 걸로 스트레스 풀어서 19kg 쪘더라,
00:56:12,3372.89,00:56:19,3379.71,UNKNOWN,키 빼면 몇이 적당하다 생각해?,
00:56:19,3379.71,00:56:23,3383.71,UNKNOWN,난 176에 63이어서 13인데 다들 멸치라고 하더라유,
00:56:23,3383.71,00:56:24,3384.75,UNKNOWN,몇 정도가 멸치를 벗어낸다?,
00:56:24,3384.75,00:56:39,3399.4,UNKNOWN,글쎄요 나 그런 걸 생각해본 적이 없어서,
00:56:39,3399.4,00:56:41,3401.96,UNKNOWN,우리 형이 125kg 정도 나가는데,
00:56:41,3401.96,00:56:43,3403.76,UNKNOWN,운동하란 말을 못하겠어,
00:56:43,3403.76,00:56:54,3414.02,UNKNOWN,20년 씨름을 했으가,
00:56:54,3414.02,00:56:56,3416.9,UNKNOWN,이제 뉴스에서 민폐 런닝크루라면서,
00:56:56,3416.9,00:56:59,3419.44,UNKNOWN,레바 형 얼굴 나오는 거임 크크,
00:56:59,3419.44,00:57:25,3445.7,UNKNOWN,민폐 런닝크루는 뭔데,
00:57:25,3445.7,00:57:38,3458.06,UNKNOWN,그걸 보고 꼴 좋다고 생각하는 사람도 많군요,
00:57:38,3458.06,00:57:40,3460.98,UNKNOWN,너무 근데 그 영상 뒤늦게 올라온 거 아니야?,
00:57:40,3460.98,00:57:42,3462.66,UNKNOWN,쇼츠로 올라온 거 말하는 거죠,
00:57:42,3462.66,00:57:45,3465.84,UNKNOWN,26일에 39사단 충부신경교육대 입대합니다,
00:57:45,3465.84,00:57:48,3468.28,UNKNOWN,잘 다녀오겠습니다 충성,
00:57:48,3468.28,00:57:49,3469.8,UNKNOWN,잘 다녀오세요,
00:57:49,3469.8,00:57:54,3474.42,UNKNOWN,제가 갔었던 39사단 훈련소는 사라졌는데,
00:57:54,3474.42,00:58:14,3494.82,UNKNOWN,지금 39사단은 다른데 있잖아,
00:58:14,3494.82,00:58:18,3498.02,UNKNOWN,그러게 한참 이제 완전 더워지려고 할 때 딱 가시네,
00:58:19,3499.14,00:58:30,3510.57,UNKNOWN,오히려 지금이 지금 가는 게 나은가?,
00:58:30,3510.57,00:58:33,3513.99,UNKNOWN,오히려 근데 진짜 땡 여름에 훈련소 가면,
00:58:33,3513.99,00:58:36,3516.93,UNKNOWN,너무 더워서 진짜 훈련을 안 하기도 해요,
00:58:36,3516.93,00:58:43,3523.71,UNKNOWN,오히려 그때 꿀 빨 수도 있어,
00:58:43,3523.71,00:59:03,3543.0,UNKNOWN,애매하게 더울 때가 진짜 위험해,
00:59:03,3543.0,00:59:06,3546.18,UNKNOWN,요즘 런닝크루도 보통 연애 금지다,
00:59:06,3546.18,00:59:08,3548.14,UNKNOWN,레바야 급한 건 알겠는데,
00:59:08,3548.14,00:59:11,3551.04,UNKNOWN,다른 데 찾아봐야 할 것 같다야,
00:59:11,3551.04,00:59:13,3553.3,UNKNOWN,안 해 미친놈아,
00:59:13,3553.3,00:59:14,3554.74,UNKNOWN,사람 만날 거면 다른 데 가지,
00:59:14,3554.74,00:59:31,3571.32,UNKNOWN,런닝크루를 왜 가,
00:59:31,3571.32,00:59:32,3572.56,UNKNOWN,그럼 혼자 달리지,
00:59:32,3572.56,00:59:33,3573.94,UNKNOWN,왜 런닝크루 왜 하냐고?,
00:59:33,3573.94,00:59:35,3575.24,UNKNOWN,심심하니까,
00:59:35,3575.24,00:59:37,3577.64,UNKNOWN,그럼 혼자 달리지 뭐,
00:59:44,3584.84,00:59:47,3587.06,UNKNOWN,혼자 1라인이나 타야겠다,
00:59:59,3599.2,01:00:01,3601.66,UNKNOWN,그것도 이 좀 유행 지나지 않았어요,
01:00:01,3601.66,01:00:02,3602.74,UNKNOWN,꽤 된 것 같은데,
01:00:02,3602.76,01:00:03,3603.52,UNKNOWN,пять,
01:00:03,3603.52,01:00:10,3610.72,UNKNOWN,런닝크루에서 쉴 때 생수병 물 따서 여자 회원한테 건네주려고,
01:00:10,3610.72,01:00:12,3612.26,UNKNOWN,이 미친 여미새,
01:00:12,3612.26,01:00:13,3613.16,UNKNOWN,쇠잎,
01:00:13,3613.16,01:00:15,3615.2,UNKNOWN,뭐 했다는 거야,
01:00:15,3615.2,01:00:35,3635.97,UNKNOWN,허커 다들 왜 이렇게 잘 달리는 거야,
01:00:35,3635.97,01:00:38,3638.31,UNKNOWN,크쏘 역시 버튜버가 좋아,
01:00:38,3638.31,01:00:40,3640.97,UNKNOWN,저건 또 뭐야,
01:00:40,3640.97,01:00:51,3651.5,UNKNOWN,요새는 외부 행사 따니다 방송 같은 것도 영 못 봤는데,
01:00:51,3651.5,01:00:55,3655.74,UNKNOWN,요즘은 40대 결혼도 흔해,
01:00:55,3655.74,01:00:58,3658.32,UNKNOWN,괜찮아 아직 젊어 지금을 즐겨,
01:00:58,3658.32,01:01:00,3660.92,UNKNOWN,난 매 순간 잘 즐기고 있어,
01:01:00,3660.92,01:01:16,3676.99,UNKNOWN,계단 오르내리는 것도 3일인가 하고 유기한 놈이 뭔 런닝크루여,
01:01:16,3676.99,01:01:18,3678.65,UNKNOWN,크크 그냥 식단 조절이나 해라,
01:01:19,3679.35,01:01:21,3681.45,UNKNOWN,그거 한 몇 주는 했는데,
01:01:21,3681.45,01:01:53,3713.62,UNKNOWN,청자들도 롤티어가 보이게 한다고,
01:01:53,3713.62,01:01:59,3719.9,UNKNOWN,그럼 채팅 좀 클린해지겠다 보기 편안해질 듯,
01:01:59,3719.9,01:02:07,3727.68,UNKNOWN,아 그런 시스템은 저기,
01:02:07,3727.68,01:02:08,3728.24,UNKNOWN,엘시캡이,
01:02:08,3728.24,01:02:25,3745.88,UNKNOWN,이 채팅방에 만들어야 되는 거 아니야,
01:02:25,3745.88,01:02:42,3762.98,UNKNOWN,그럼 아예 그런 사람들은 채팅을 안 치겠지,
01:02:42,3762.98,01:02:44,3764.1,UNKNOWN,얘 누구냐고요,
01:02:44,3764.1,01:02:46,3766.14,UNKNOWN,젠 존재 버니스입니다,
01:02:46,3766.14,01:02:53,3773.56,UNKNOWN,근데 런닝이든 뭐든 일단 운동에서 줄어드는 체력 좀 보충하기는 해야 할 듯,
01:02:53,3773.56,01:02:56,3776.6,UNKNOWN,시간 아끼려면 헬스도,
01:02:56,3776.6,01:03:01,3781.39,UNKNOWN,음 일리는 있어요,
01:03:01,3781.39,01:03:04,3784.89,UNKNOWN,헬스장 안 간지도 대체 몇 년 전이냐,
01:03:04,3784.89,01:03:06,3786.01,UNKNOWN,그러긴 하네,
01:03:06,3786.01,01:03:10,3790.54,UNKNOWN,슬슬 운동이 필요한 시점인가,
01:03:10,3790.54,01:03:12,3792.7,UNKNOWN,하긴 이때 아니면 언제 체력을 보충해야 할지 모르겠네,
01:03:12,3792.7,01:03:14,3794.54,UNKNOWN,그 생각도 드는데,
01:03:14,3794.54,01:03:18,3798.62,UNKNOWN,아 존나 막상 시간 생기니까 전화 귀찮은 거 알죠,
01:03:18,3798.62,01:03:35,3815.65,UNKNOWN,레바한테 운동해야 된다 훈수 두면 안 된다,
01:03:35,3815.65,01:03:38,3818.61,UNKNOWN,레바피셜 스스로 네이비실 출신이랬다,
01:03:38,3818.61,01:03:41,3821.85,UNKNOWN,생존을 건 운동을 엄청 했단 말이다,
01:03:41,3821.85,01:03:44,3824.97,UNKNOWN,난 내 입으로 그런 말 한 적 없어요,
01:03:44,3824.97,01:03:47,3827.21,UNKNOWN,형도 늙었구나,
01:03:47,3827.21,01:04:01,3841.48,UNKNOWN,고마워요,
01:04:01,3841.48,01:04:02,3842.86,UNKNOWN,원펀맨 수련이나 해,
01:04:02,3842.86,01:04:05,3845.24,UNKNOWN,그거 5개월 하니 체력 존나 오름,
01:04:05,3845.24,01:04:06,3846.24,UNKNOWN,그...,
01:04:06,3846.24,01:04:07,3847.36,UNKNOWN,하루에 5개월?,
01:04:07,3847.36,01:04:08,3848.08,UNKNOWN,그...,
01:04:08,3848.08,01:04:09,3849.92,UNKNOWN,하루 런닝 몇 킬로 했더라?,
01:04:09,3849.92,01:04:19,3859.62,UNKNOWN,10킬로,
01:04:19,3859.62,01:04:21,3861.9,UNKNOWN,그러게 런닝 10킬로만 매일 해도 진짜,
01:04:21,3861.9,01:04:22,3862.62,UNKNOWN,존댕...,
01:04:22,3862.62,01:04:24,3864.3,UNKNOWN,존댕의 기초 체력,
01:04:24,3864.3,01:04:25,3865.62,UNKNOWN,좋아질 거 같은데,
01:04:25,3865.62,01:04:34,3874.88,UNKNOWN,그 정도면 뭐?,
01:04:34,3874.88,01:04:38,3878.44,UNKNOWN,아니 그 너무 10킬로를 우습게 보는 거 아니에요?,
01:04:38,3878.44,01:04:40,3880.44,UNKNOWN,그걸 매일 한다는데?,
01:04:40,3880.44,01:04:49,3889.2,UNKNOWN,고유가 지원금으로 헬스장 끊을 건데,
01:04:49,3889.2,01:04:50,3890.72,UNKNOWN,형도 같이 살 때 보자,
01:04:50,3890.72,01:04:52,3892.44,UNKNOWN,일단 PT부터 끊어봐,
01:04:52,3892.44,01:04:54,3894.92,UNKNOWN,돈 아까우면 하겄지,
01:04:54,3894.92,01:04:57,3897.28,UNKNOWN,나는 헬스장 다니려면 여기,
01:04:57,3897.28,01:04:59,3899.92,UNKNOWN,그 아파트 커뮤니티 센터가 있어서,
01:05:00,3900.8,01:05:02,3902.84,UNKNOWN,나이라 방송이든 만화든 오래 할 거면,
01:05:02,3902.84,01:05:04,3904.36,UNKNOWN,뭐라도 운동 잡아야 할걸?,
01:05:04,3904.36,01:05:06,3906.6,UNKNOWN,아침 저녁으로 아줌마들 경고하는 것처럼,
01:05:06,3906.6,01:05:08,3908.36,UNKNOWN,다녀보는 건 어떠냐?,
01:05:08,3908.36,01:05:11,3911.64,UNKNOWN,한번 거기나 한번 가볼까 해요,
01:05:11,3911.64,01:05:15,3915.32,UNKNOWN,핵 도력 증진을 위해 복싱 하죠,
01:05:15,3915.32,01:05:22,3922.05,UNKNOWN,근데 사이타마 거기도 탈모됨,
01:05:22,3922.05,01:05:23,3923.97,UNKNOWN,전신 탈모는 아니지 않나?,
01:05:23,3923.97,01:05:25,3925.51,UNKNOWN,눈썹은 있잖아,
01:05:25,3925.51,01:06:14,3974.74,UNKNOWN,턱 펴피기 윗몸 일으키기,
01:06:14,3974.74,01:06:16,3976.74,UNKNOWN,스쿼트 100회씩 1년간 해봐,
01:06:16,3976.74,01:06:18,3978.54,UNKNOWN,근력 붙으면 삶의 질이 바뀐다,
01:06:18,3978.54,01:06:19,3979.22,UNKNOWN,음...,
01:06:19,3979.22,01:06:20,3980.0,UNKNOWN,음...,
01:06:20,3980.0,01:06:20,3980.5,UNKNOWN,음...,
01:06:20,3980.5,01:06:21,3981.0,UNKNOWN,음...,
01:06:21,3981.1,01:06:23,3983.08,UNKNOWN,음...,
01:06:23,3983.08,01:06:30,3990.04,UNKNOWN,존 고마워요,
01:06:30,3990.04,01:06:33,3993.52,UNKNOWN,그래도 한 다음 주 부터 한번 좀,
01:06:33,3993.52,01:06:38,3998.79,UNKNOWN,밖에 좀 놔둬라 다녀볼까?,
01:06:38,3998.79,01:06:40,4000.11,UNKNOWN,언제까지 레바로 살 거야?,
01:06:40,4000.11,01:06:42,4002.19,UNKNOWN,줄리엔권 달아야지,
01:06:42,4002.19,01:06:58,4018.09,UNKNOWN,줄리엔권은 시X 뭔데,
01:06:58,4018.09,01:06:59,4019.41,UNKNOWN,아 나 시,
01:06:59,4019.41,01:07:01,4021.95,UNKNOWN,이사하기 전에 피자 때문에 살 존X 쪄가지고,
01:07:01,4021.95,01:07:04,4024.57,UNKNOWN,나 그때 피자헛에 빠져서 가지고,
01:07:04,4024.57,01:07:07,4027.15,UNKNOWN,피자 살 존X 쪘거든요,
01:07:07,4027.15,01:07:13,4033.32,UNKNOWN,그때 찐 게 아직도 안 빠졌어,
01:07:13,4033.32,01:07:14,4034.04,UNKNOWN,줄리엔권?,
01:07:14,4034.04,01:07:14,4034.92,UNKNOWN,야 이승권인데,
01:07:14,4034.92,01:07:16,4036.52,UNKNOWN,왜 줄리엔권이야?,
01:07:16,4036.52,01:07:20,4040.42,UNKNOWN,너 영어 이름 지을 줄 모르지?,
01:07:20,4040.42,01:07:22,4042.02,UNKNOWN,그거 완전 그거,
01:07:22,4042.02,01:07:24,4044.56,UNKNOWN,극한 직업 대산이냐?,
01:07:27,4047.36,01:07:30,4050.18,UNKNOWN,아님 노래를 와장창 불러보던가,
01:07:30,4050.18,01:07:31,4051.68,UNKNOWN,노래 개빡으로 부르면,
01:07:31,4051.68,01:07:34,4054.66,UNKNOWN,칼히로 소모치댐 살은 확실히 빠지,
01:07:34,4054.66,01:07:40,4060.17,UNKNOWN,레바 운동하면 어깨 더 넓어져서,
01:07:40,4060.17,01:07:41,4061.85,UNKNOWN,옆으로 누워 자기 힘들어질 듯,
01:07:41,4061.85,01:07:42,4062.91,UNKNOWN,ㅇㅇ,
01:07:42,4062.91,01:07:44,4064.23,UNKNOWN,지금도 옆으로 누워 자면,
01:07:44,4064.23,01:07:46,4066.05,UNKNOWN,베개 두 개 써야 되는데?,
01:07:46,4066.05,01:07:56,4076.68,UNKNOWN,20시간만 달리면 살족쪽 빠짐...,
01:07:58,4078.08,01:08:05,4085.85,UNKNOWN,음...,
01:08:05,4085.85,01:08:07,4087.15,UNKNOWN,20시간을 시X에...,
01:08:07,4087.15,01:08:08,4088.09,UNKNOWN,특수부대도 그 정도...,
01:08:08,4088.09,01:08:08,4088.79,UNKNOWN,특수부대도 그 정도...,
01:08:08,4088.79,01:08:10,4090.01,UNKNOWN,안 하겠다,
01:08:32,4112.52,01:08:35,4115.18,UNKNOWN,난 개인적으로 너 운동 안 했으면 좋겠어,
01:08:35,4115.18,01:08:36,4116.66,UNKNOWN,카페 글 올라온 거 보니,
01:08:36,4116.66,01:08:39,4119.46,UNKNOWN,이 냄친놈 새삼 잘생겼다는 게 느껴져가지고,
01:08:39,4119.46,01:08:41,4121.04,UNKNOWN,체력 조루에 천박한 나당 외로,
01:08:41,4121.04,01:08:42,4122.32,UNKNOWN,영원히 남아있어 줘,
01:08:42,4122.32,01:08:43,4123.32,UNKNOWN,유유,
01:08:43,4123.84,01:08:44,4124.9,UNKNOWN,고맙습니다,
01:08:46,4126.7,01:08:47,4127.6,UNKNOWN,다리 안 쓰고,
01:08:47,4127.6,01:08:48,4128.74,UNKNOWN,외줄 오르기만 해라,
01:08:48,4128.74,01:08:50,4130.7,UNKNOWN,전신이 쫙쫙 해져서,
01:08:50,4130.7,01:08:52,4132.38,UNKNOWN,하흥거릴 거다,
01:08:52,4132.38,01:08:54,4134.32,UNKNOWN,다리 안 쓰고 외줄 오르기는,
01:08:54,4134.32,01:08:56,4136.7,UNKNOWN,유격 때도 그런 거 안 했던 거 같은데?,
01:08:56,4136.7,01:09:00,4140.01,UNKNOWN,유격 때도 그런 거 안 했던 거 같은데?,
01:09:00,4140.01,01:09:03,4143.25,UNKNOWN,이건 운동을 한 사람의 보유자의 영역 아니에요?,
01:09:03,4143.25,01:09:21,4161.8,UNKNOWN,자라내서 초반에 유산소 돌리면 한 달에 2-3kg는 빠져 5년째 다이어트하는 경험탐임,
01:09:21,4161.8,01:09:24,4164.8,UNKNOWN,그리고 다음 주보단 내일 당장이 좋기남 ㅋㅋ,
01:09:24,4164.8,01:09:26,4166.3,UNKNOWN,고마워요,
01:09:26,4166.3,01:09:30,4170.1,UNKNOWN,내일은 휴일이라서 커뮤니티 센터가 무너 안 될 것 같아요,
01:09:30,4170.1,01:09:40,4180.43,UNKNOWN,주변 보니까 보통 결혼 사진 찍는다고 살들 많이 빼던데?,
01:09:40,4180.43,01:09:42,4182.09,UNKNOWN,레바 이 자식?,
01:09:42,4182.09,01:09:45,4185.33,UNKNOWN,누군진 몰라도 난 응원한다?,
01:09:45,4185.33,01:09:49,4189.08,UNKNOWN,고맙습니다,
01:09:49,4189.08,01:09:54,4194.72,UNKNOWN,나처럼 운동 중독 되어봐라 하루라도 운동 안 하고는 못 배기게 돼서 살 쭉쭉 빠진다,
01:09:54,4194.72,01:09:56,4196.78,UNKNOWN,오 운동 중독이라,
01:09:56,4196.78,01:10:13,4213.48,UNKNOWN,중독까지 되고 싶진 않은데,
01:10:13,4213.48,01:10:16,4216.82,UNKNOWN,장마운자로 맞으면 되는 거 아님,
01:10:16,4216.82,01:10:22,4222.42,UNKNOWN,그거는 진짜 완전 비만인 사람이 해야 되는 거 아니야?,
01:10:22,4222.42,01:10:35,4235.4,UNKNOWN,애매하게 살찐 사람도 그거 먹으면 뺄 수 있나?,
01:10:35,4235.4,01:10:40,4240.02,UNKNOWN,근데 그렇게 해서까지 살을 뺄 그건 아닌 것 같아서,
01:10:40,4240.02,01:10:41,4241.72,UNKNOWN,그냥 적당히 빼면 될 것 같은데요,
01:10:41,4241.72,01:10:54,4254.42,UNKNOWN,천연 위곱이 먹으라고?,
01:10:54,4254.42,01:11:02,4262.21,UNKNOWN,천연 위곱이는 뭐야?,
01:11:02,4262.21,01:11:08,4268.61,UNKNOWN,레바야 그냥 니 타블렛 펜에다가 20kg 아령 달고 그림 그려라 일석이조 아니냐,
01:11:08,4268.61,01:11:32,4292.24,UNKNOWN,그럼 팔이 먼저 나갈 것 같은데?,
01:11:32,4292.24,01:11:33,4293.3,UNKNOWN,글쎄요,
01:11:33,4293.3,01:11:39,4299.33,UNKNOWN,애초에 결혼을 하면 결혼을 했다는 사실 자체는 밝히겠죠,
01:11:39,4299.33,01:11:41,4301.37,UNKNOWN,근데 뭐 누구랑 결혼했습니다,
01:11:41,4301.37,01:11:45,4305.57,UNKNOWN,이거는 당사자의 그게 있어야 되지 않을까요?,
01:11:45,4305.57,01:11:58,4318.56,UNKNOWN,애초에 이런 얘기하는 거 자체가 저도 얼탱이였긴 한데,
01:11:58,4318.56,01:11:59,4319.26,UNKNOWN,모임!,
01:11:59,4319.26,01:12:00,4320.86,UNKNOWN,복사님!,
01:12:00,4320.86,01:12:03,4323.36,UNKNOWN,아니 ㅅㅂ 먼저 말 꺼냈잖아 저쪽이,
01:12:03,4323.36,01:12:12,4332.2,UNKNOWN,따형 난 누워있기 중독에 걸려서 주말에 11시간 이상 누워있지 않으면 피곤해지는 증상이 있음,
01:12:12,4332.2,01:12:27,4347.85,UNKNOWN,그.. 그럼 그 정도면 누워있어도 피곤할 텐데,
01:12:27,4347.85,01:12:39,4359.68,UNKNOWN,그럼 업체에 발표한 병이 홀로그램으로 3D 형상화된 버추얼 손잡고 나타나는 거임 상상이 안 가네,
01:12:39,4359.68,01:12:42,4362.78,UNKNOWN,애초에 내가 결혼 사진을 밝힐까요?,
01:12:42,4362.78,01:12:47,4367.15,UNKNOWN,굳이 온라인에서?,
01:12:47,4367.15,01:12:49,4369.45,UNKNOWN,그건 상황에 따라 다를 것 같은데?,
01:12:51,4371.57,01:12:54,4374.07,UNKNOWN,근데 자연스럽게 왜 결혼 떡밥이 된 거지?,
01:12:54,4374.07,01:13:00,4380.9,UNKNOWN,연예인 마냥 비밀 결혼식 하겠지,
01:13:00,4380.9,01:13:06,4386.82,UNKNOWN,미래 아내는 호쇼 마린 확정이다,
01:13:06,4386.82,01:13:13,4393.22,UNKNOWN,유튜브에서 댓글 보니깐 군사길 막혔다던데 그래서 버튜버로 방향 든 거야,
01:13:13,4393.22,01:13:14,4394.92,UNKNOWN,버튜버는 사람 아니야?,
01:13:14,4394.92,01:13:16,4396.42,UNKNOWN,아니.. 어.. 이거..,
01:13:16,4396.42,01:13:23,4403.43,UNKNOWN,아니 사람이 아니라고 하면 이상한데?,
01:13:23,4403.43,01:13:29,4409.31,UNKNOWN,성 빌려서 결혼하시나요?,
01:13:29,4409.31,01:13:36,4416.57,UNKNOWN,아니요..,
01:13:36,4416.57,01:13:39,4419.47,UNKNOWN,버튜버도 그렇게 부정하고 안 볼 것 같다라고 해놓고는,
01:13:39,4419.47,01:13:41,4421.47,UNKNOWN,명조 방송 때 기습 고백한 거 보면죠?,
01:13:41,4421.47,01:13:43,4423.47,UNKNOWN,결혼합니다 하고 밝히겠지?,
01:13:43,4423.47,01:13:46,4426.47,UNKNOWN,아니라고는 절대 보장 못하지 크크,
01:13:46,4426.47,01:13:49,4429.47,UNKNOWN,오히려 결혼했습니다라고 발표하면 어떰?,
01:13:49,4429.47,01:14:03,4443.08,UNKNOWN,씨발 레바야 니 이 말 나오기 전부터 뉴욕의 아내분이 연예계로 활동 중이라며 너 거짓말이냐 아니면 그냥 버린 거냐?,
01:14:03,4443.08,01:14:05,4445.08,UNKNOWN,고맙습니다,
01:14:05,4445.08,01:14:14,4454.7,UNKNOWN,근데 진짜 결혼하면 억하냐고?,
01:14:14,4454.7,01:14:18,4458.7,UNKNOWN,결혼하면 하는 거지 어떡하는 건 또 뭐야 씨발,
01:14:18,4458.7,01:14:27,4467.01,UNKNOWN,레바야 방금 왔는데 크림 투표를 한 거야?,
01:14:27,4467.01,01:14:29,4469.01,UNKNOWN,아니면 하은구?,
01:14:29,4469.01,01:14:32,4472.01,UNKNOWN,크림 드레싱 우측히 그려줄 수 있을까?,
01:14:32,4472.01,01:14:36,4476.38,UNKNOWN,일섭에 소식 떴다라,
01:14:36,4476.38,01:14:38,4478.38,UNKNOWN,글쎄요,
01:14:38,4478.38,01:14:41,4481.38,UNKNOWN,따로 신청을 받진 않을 것 같습니다,
01:14:41,4481.38,01:14:42,4482.38,UNKNOWN,크림 투표 안 한 겁니다,
01:14:42,4482.38,01:14:52,4492.95,UNKNOWN,레바가 결혼했다고 하면 우리가 질투하는 거 말고 뭘 할 수 있음?,
01:14:52,4492.95,01:14:54,4494.95,UNKNOWN,질투는 왜 하는데?,
01:14:54,4494.95,01:14:55,4495.95,UNKNOWN,축하해주면 되잖아,
01:14:55,4495.95,01:15:01,4501.95,UNKNOWN,나중에 방송 켜서 여러분 저에게도 드디어 단나삼아가 생겼습니다,
01:15:01,4501.95,01:15:05,4505.95,UNKNOWN,하기만 해봐 패배 바닥달 할 각오 다 됐음,
01:15:05,4505.95,01:15:08,4508.95,UNKNOWN,어 근데 이번 버닛을 좀 잘 그렸는데?,
01:15:08,4508.95,01:15:10,4510.95,UNKNOWN,뭘 그모니,
01:15:10,4510.95,01:15:28,4528.26,UNKNOWN,젠 존재 늘 하고 있죠,
01:15:28,4528.26,01:15:31,4531.26,UNKNOWN,60반에 패배기로 잉크크크크,
01:15:31,4531.26,01:15:34,4534.26,UNKNOWN,여인파 브레이커 둘 중 하나만 키우면 뭐 추천하냐고?,
01:15:34,4534.26,01:15:35,4535.26,UNKNOWN,나 여인파 키울 것 같은데?,
01:15:35,4535.26,01:15:39,4539.26,UNKNOWN,여인파 vs 브레이커 둘 중에 하나만 키우면 뭐 추천함?,
01:15:39,4539.26,01:15:42,4542.26,UNKNOWN,전 여인파 키울 것 같습니다,
01:15:42,4542.26,01:15:47,4547.26,UNKNOWN,형 뒷결혼하면 단체로 광화문 광장에서,
01:15:47,4547.26,01:15:49,4549.26,UNKNOWN,바닥달 플래시몹 팔거임?,
01:15:49,4549.26,01:15:52,4552.26,UNKNOWN,공부해서라도 결혼해야겠는데?,
01:15:52,4552.26,01:15:54,4554.26,UNKNOWN,잠깐만 나 화장실 좀,
01:15:54,4554.26,01:15:56,4556.26,UNKNOWN,눈썹에 뭐가 남은 것 같아,
01:15:56,4556.26,01:16:28,4588.08,UNKNOWN,그나저나 다들 비슷한 상황이구나?,
01:16:28,4588.08,01:16:32,4592.08,UNKNOWN,20대에 비해 체력이 훅 떨어져서 운동을 안 하면 힘들더라,
01:16:32,4592.08,01:16:34,4594.08,UNKNOWN,이게 다 같이 늙어가는 처지라는 거지?,
01:16:34,4594.08,01:16:36,4596.08,UNKNOWN,늑병레코단,
01:16:36,4596.08,01:16:42,4602.7,UNKNOWN,사람은 누구나 늙어,
01:16:42,4602.7,01:16:44,4604.7,UNKNOWN,변하지 않는 건 마음뿐이야,
01:16:44,4604.7,01:16:49,4609.7,UNKNOWN,자 이 대사 어디서 많이 봤는데?,
01:16:49,4609.7,01:16:51,4611.7,UNKNOWN,랭고쿠 대사였나?,
01:16:51,4611.7,01:17:10,4630.12,UNKNOWN,다음은 이걸 말하는 거지?,
01:17:10,4630.12,01:17:14,4634.12,UNKNOWN,레바트 100년 인생에 반이 반은 넘게 살어,
01:17:14,4634.12,01:17:17,4637.12,UNKNOWN,반은 안 살았는데? 개자식아,
01:17:17,4637.12,01:17:19,4639.12,UNKNOWN,반은 50이잖아 그러면,
01:17:19,4639.12,01:17:44,4664.14,UNKNOWN,플란트 언제 나오냐? 아담 스매셔가 되고 싶다,
01:17:44,4664.14,01:17:52,4672.16,UNKNOWN,그건 절대 안 본다고 호언장담하지 않았어?,
01:17:52,4672.16,01:17:54,4674.16,UNKNOWN,크크크크,
01:17:54,4674.16,01:17:57,4677.16,UNKNOWN,호언장담까지는 안 하지 않았나? 모르겠네,
01:17:57,4677.16,01:18:02,4682.16,UNKNOWN,계속 반박당하니까 나도 내가 무슨 말을 했는지 기억이 가물가물해지고 있어,
01:18:02,4682.16,01:18:13,4693.76,UNKNOWN,그랬더니 레바가 왔다 도로 자야지,
01:18:13,4693.76,01:18:15,4695.76,UNKNOWN,잘 자요 만원 후원 거 같습니다,
01:18:16,4696.76,01:18:30,4710.5,UNKNOWN,너네처럼 버튜버나 보면서 사는 삶은 안 살 거라고 했음,
01:18:30,4710.5,01:18:33,4713.5,UNKNOWN,그런 식으로 나 말 안 할 텐데,
01:18:33,4713.5,01:18:37,4717.16,UNKNOWN,구라치지 마세요,
01:18:37,4717.16,01:18:40,4720.16,UNKNOWN,빠지게 될까 두렵다 라고 했을 거지,
01:18:40,4720.16,01:18:43,4723.02,UNKNOWN,아마도,
01:18:43,4723.02,01:18:47,4727.02,UNKNOWN,레바형 어제 유튜브 올라온 썸네일이나 내용을 보면,
01:18:47,4727.02,01:18:50,4730.02,UNKNOWN,요즘 형 이사 갔다고 돈이 많이 부족한 거야,
01:18:50,4730.02,01:18:57,4737.02,UNKNOWN,내심 궁금한 게 이번엔 오빠 갓 먹음 요즘 유튜브 영상이 옛날 맛이 나서 좋긴 한데,
01:18:57,4737.02,01:18:59,4739.39,UNKNOWN,글쎄요?,
01:19:00,4740.39,01:19:06,4746.39,UNKNOWN,노딱 먹은 걸 제가 굳이 일일이 확인하지는 않아서,
01:19:06,4746.39,01:19:10,4750.39,UNKNOWN,가끔 봤을 때 노딱 먹었으면 노딱 먹었네? 하고,
01:19:10,4750.39,01:19:13,4753.39,UNKNOWN,내가 그런 말 한 적 없어 증거형도 가져온 저 때면,
01:19:13,4753.39,01:19:17,4757.39,UNKNOWN,금수강산이 바뀌고 변명로 개자식아 조용히 해,
01:19:17,4757.39,01:19:30,4770.16,UNKNOWN,음 등에 장신부 나왔다 그렇게 그릴까?,
01:19:30,4770.16,01:19:49,4789.78,UNKNOWN,아니야,
01:19:49,4789.78,01:19:50,4790.78,UNKNOWN,20일,
01:19:50,4790.78,01:19:55,4795.82,UNKNOWN,구독 고맙습니다,
01:19:55,4795.82,01:20:03,4803.94,UNKNOWN,추천했다가 한 달 뱀 당했음,
01:20:03,4803.94,01:20:04,4804.94,UNKNOWN,하하하하,
01:20:04,4804.94,01:20:06,4806.94,UNKNOWN,한 달 뱀까지는 안 때렸을 텐데 그런 이유로?,
01:20:06,4806.94,01:20:10,4810.94,UNKNOWN,나 웬만하면 그렇게 장기간 뱀 안 먹여요,
01:20:10,4810.94,01:20:13,4813.94,UNKNOWN,ㅅㅂ 왜곡도 적당히 해야지,
01:20:13,4813.94,01:20:25,4825.01,UNKNOWN,아 만 원 후원 고맙습니다,
01:20:25,4825.01,01:20:26,4826.01,UNKNOWN,왜 부정 안 하냐고?,
01:20:26,4826.01,01:20:29,4829.58,UNKNOWN,부정했잖아,
01:20:29,4829.58,01:20:50,4850.62,UNKNOWN,뭐 버튜버 본다 해서 내가 뱀을 먹이진 않아요,
01:20:50,4850.62,01:20:55,4855.62,UNKNOWN,시절에 그림 추천에 버튜버 추천했더니 이걸 왜 그려 시발로마 받았던 놈이,
01:20:55,4855.62,01:20:57,4857.62,UNKNOWN,그랬나?,
01:20:57,4857.62,01:21:07,4867.14,UNKNOWN,그건 기억 안 나는데?,
01:21:07,4867.14,01:21:09,4869.14,UNKNOWN,당사자의 허락을 받아보라고 하지 않았나요?,
01:21:09,4869.14,01:21:17,4877.74,UNKNOWN,그 당시에도?,
01:21:17,4877.74,01:21:18,4878.74,UNKNOWN,안 그랬어?,
01:21:18,4878.74,01:21:19,4879.74,UNKNOWN,그래?,
01:21:19,4879.74,01:21:21,4881.74,UNKNOWN,그럼 모르겠네요,
01:21:21,4881.74,01:21:37,4897.66,UNKNOWN,새끼 버튜버 부정해놓고 이제 와서 보는 거 생각하면,
01:21:37,4897.66,01:21:42,4902.66,UNKNOWN,예전에 얘기했던 철석철석설이랑 장례식장 고스트설도 진짜 의심된다니깐?,
01:21:42,4902.66,01:21:45,4905.66,UNKNOWN,철석철석을 이 ㅅㅂ놈아,
01:21:45,4905.66,01:21:50,4910.1,UNKNOWN,라고 한 건 치지직 이직 후였음,
01:21:50,4910.1,01:22:03,4923.42,UNKNOWN,전국 트위치 때 버튜버 이야기하니깐 버튜버 안에 사람 있는데 왜 좋아하냐,
01:22:03,4923.42,01:22:06,4926.42,UNKNOWN,그냥 사람을 좋아해야지라고 말했던 랩아였다,
01:22:06,4926.42,01:22:08,4928.42,UNKNOWN,나 그 영상 사랑해,
01:22:08,4928.42,01:22:11,4931.42,UNKNOWN,정말 손이 떨리고 아직도 심장이 아픈데,
01:22:11,4931.42,01:22:14,4934.74,UNKNOWN,안 그랬을 거 같은데요?,
01:22:14,4934.74,01:22:19,4939.74,UNKNOWN,묘하게 사실과 거짓을 교묘하게 섞어서 지랄염병하는 느낌인데,
01:22:19,4939.74,01:22:34,4954.4,UNKNOWN,랩아형 허락 이슈로 궁금한 게 있는데 스텔 사기생 나오면 강사장님한테 허락 라이센스 갱신해야 돼,
01:22:34,4954.4,01:22:41,4961.4,UNKNOWN,글쎄요 일단 그런 멤버들 그려도 된다고 예전에 허락을 받았으니까 사기도 험하니까요,
01:22:41,4961.4,01:22:53,4973.04,UNKNOWN,스텔에 봐도 얼마나 힘들겠냐 좋아하고 싶은데,
01:22:53,4973.04,01:22:56,4976.04,UNKNOWN,그림 퀄이 안 좋아 싫어하는 척 해야 되는데,
01:22:56,4976.04,01:23:03,4983.04,UNKNOWN,그러면 버영도 밴을 해야 되고 그림 좋아지고 버영도 밴 때린 적 있냐 응원한다 랩아야,
01:23:03,4983.04,01:23:11,4991.93,UNKNOWN,근데 확실한 건 당시엔 상당히 적대적이었음 괜히 버튜버 슬레이어라는 이명이 붙었겠어?,
01:23:11,4991.93,01:23:14,4994.93,UNKNOWN,적대적이라기보다는 영도타임에,
01:23:14,4994.93,01:23:22,5002.93,UNKNOWN,내가 전혀 모르는 영역이 그 영상을 계속 가져오니까 그건 자제해달라고 내가 계속 얘기를 했었지,
01:23:22,5002.93,01:23:23,5003.93,UNKNOWN,그거는 확실하게 기억나요,
01:23:24,5004.93,01:23:28,5008.93,UNKNOWN,혹시 몰라? 내가 강지님한테 물어봐 줄까?,
01:23:29,5009.93,01:23:37,5017.62,UNKNOWN,지금도 내수용 너잖아? 그 내수용은 이제 내가 아는 거니까 내수용이 아님 대체로,
01:23:37,5017.62,01:23:46,5026.62,UNKNOWN,슬슬 각 공식 카페에서 고소공지가 막 올라오던데 랩아야 너 솔직해지자 tm으로 얼마나 껄덕된 거냐,
01:23:46,5026.62,01:23:47,5027.62,UNKNOWN,뭔 소리야,
01:23:49,5029.62,01:23:54,5034.62,UNKNOWN,그리고 보니 리코님 추천하면 저번처럼 노렸냐면서 욕하고 활정치를 할까봐 무서움,
01:23:54,5034.62,01:23:55,5035.62,UNKNOWN,...,
01:23:56,5036.62,01:24:03,5043.78,UNKNOWN,왜? 리코님도 그리지 않았나?,
01:24:03,5043.78,01:24:07,5047.78,UNKNOWN,그러고 보니 곧 있으면 버튜버 게이트 2주년인데 그날 뭐 있음?,
01:24:07,5047.78,01:24:10,5050.78,UNKNOWN,뭐... 뭐가 있어 ㅅㅂ,
01:24:10,5050.78,01:24:17,5057.78,UNKNOWN,요즘 진짜 버튜버가 대세이긴 한갑다 무섭다 나도 나중에 빠지게 되는 거 아니야? 아 진짜 안 봐야겠다,
01:24:17,5057.78,01:24:21,5061.78,UNKNOWN,렛튜브구의 성사 알고리즘이 나은 괴물 중 달췌,
01:24:21,5061.78,01:24:24,5064.78,UNKNOWN,근데 봐서 빠지게 됐잖아 그럼 어쩔 수 없지 뭐,
01:24:24,5064.78,01:24:27,5067.78,UNKNOWN,와이 이새끼 과거 발언 증언하면 난 그런 적 없는데?,
01:24:27,5067.78,01:24:28,5068.78,UNKNOWN,교묘하게 거짓이 섞인 거 같아,
01:24:28,5068.78,01:24:36,5076.78,UNKNOWN,ㅇㅇㅈㅇ 증거 영상 가져오면 너무 옛날 일이잖아 개자식들아 다 닥쳐 이러네 이게 독재자지,
01:24:36,5076.78,01:24:39,5079.78,UNKNOWN,뭘 독재했다는 건데 ㅅㅂ,
01:24:39,5079.78,01:24:45,5085.78,UNKNOWN,근데 트위치 시절 개 공판인 결장에서 ㅈㄴ 개 뱅거 기어간 남,
01:24:45,5085.78,01:24:50,5090.78,UNKNOWN,ㄹㄹ 난 그때 레바가 아 버튜버 ㅈㄴ 혐오하네 할 수준으로,
01:24:50,5090.78,01:24:53,5093.78,UNKNOWN,그럼 뭐 자연스럽게 져줘야 돼?,
01:24:53,5093.78,01:24:59,5099.48,UNKNOWN,이젠 반대로 니만 알고 나는 모르는 버튜버 총기 난사하잖아,
01:25:02,5102.98,01:25:07,5107.98,UNKNOWN,근데 공판인 결장 잘해 나 그때 내 기억엔 나 질 뻔했어,
01:25:12,5112.98,01:25:19,5119.06,UNKNOWN,근데 나도 처음 버튜버라는 존재를 알 때 무서웠음,
01:25:19,5119.06,01:25:23,5123.06,UNKNOWN,마호이 듣고 노래 재밌다 했다가 버튜버라는 걸 안 후에 도망갔었음,
01:25:26,5126.7,01:25:30,5130.7,UNKNOWN,이놈 계속 헐뜯으니깐 조금씩 그때 이승권 생각나서 조금씩 인정한다,
01:25:30,5130.7,01:25:34,5134.7,UNKNOWN,곧 전부 인정 점장 사과 및 결혼 발표한다,
01:25:35,5135.7,01:25:37,5137.7,UNKNOWN,결혼 발표는 왜,
01:25:37,5137.7,01:25:40,5140.7,UNKNOWN,청문회 열어야 할 듯,
01:25:40,5140.7,01:25:49,5149.58,UNKNOWN,요즘 버튜버가 양지로 진출했잖아 작년에 빼빼로와 이세돌이 콜라보한 거 기억나 존나 무서워요,
01:25:49,5149.58,01:25:52,5152.58,UNKNOWN,스테이 라이브는 쿠쿠다스랑 했는데요,
01:25:52,5152.58,01:26:02,5162.58,UNKNOWN,레바야 너 춘향님이랑 친하다고 그랬는데 패콤파님이랑 같이 합방 추진해봐 패콤파님 요즘 춘향님이랑 이야기 많이 하더라,
01:26:02,5162.58,01:26:03,5163.58,UNKNOWN,춘향님?,
01:26:03,5163.58,01:26:06,5166.58,UNKNOWN,춘향님 귀를 잡고 싶다거나 생각에 여왕이 되고 싶다거나,
01:26:06,5166.58,01:26:14,5174.9,UNKNOWN,내 다른 건 이해한다 처음엔 그러다가 빠져드는 거 이해하는데,
01:26:14,5174.9,01:26:15,5175.9,UNKNOWN,내가 친하다고 했다고?,
01:26:15,5175.9,01:26:21,5181.9,UNKNOWN,그 막머시기 중년 발언 이후로 한마디도 언급 안 하는 건 매정에서 눈물 나더라,
01:26:21,5181.9,01:26:23,5183.9,UNKNOWN,언제요?,
01:26:23,5183.9,01:26:34,5194.62,UNKNOWN,트위치 레바 버튜버 썰 들어보면 진짜 미친 사람인데 막상 그렇게 심하게 욕한 영상은 없던 것 가듬 심하게 말한 영상 자료가 있나요? 나도 볼래,
01:26:34,5194.62,01:26:37,5197.62,UNKNOWN,없어 다 엇가라니까,
01:26:37,5197.62,01:26:38,5198.62,UNKNOWN,이세돌 빼빼로는 뭐지?,
01:26:40,5200.62,01:26:47,5207.62,UNKNOWN,이런 이런 이런 새끼들 때문에 내가 언급 자제하라는 거지 방금 그런 새끼들 때문에,
01:26:47,5207.62,01:26:50,5210.62,UNKNOWN,저 방금 그 새끼 배내주세요,
01:26:53,5213.62,01:26:56,5216.62,UNKNOWN,이 새끼 슬슬 정도를 모르네,
01:26:56,5216.62,01:27:01,5221.62,UNKNOWN,내가 기억한다 2018년 때 키즈나 아이 추천했는데 허락 받아오라고 해서 받고 왔더니,
01:27:01,5221.62,01:27:07,5227.62,UNKNOWN,시발 그걸 진짜 허락받고 오네 미친 새끼 크크 이러더니만 난 내가 버튜버랑 결혼해도 존나 물고 늘어질 거야,
01:27:09,5229.62,01:27:15,5235.03,UNKNOWN,이세돌은 알파고랑 대국한 바둑기사 아냐?,
01:27:15,5235.03,01:27:29,5249.54,UNKNOWN,레바야 나 곰파님 방캠 봤는데 뭔가 뭔가 허추님 느낌 나서 뭔가 이상했어 그래서 느낀 건데 너의 버투터 이상형 어느 정도 공통점이 있는 거 같다,
01:27:29,5249.54,01:27:40,5260.02,UNKNOWN,형 저 탱이 땀 존나 맛있게 한두 방을 끓여주시면 개꼴 읽어갔네요,
01:27:40,5260.02,01:27:47,5267.17,UNKNOWN,근데 키즈나 아이는 어떻게 한 거냐 지은이은 대단하네,
01:27:47,5267.17,01:28:12,5292.28,UNKNOWN,모르겠는데 시발 찌찌바라 시발 짱구 엄마 헤드스피 돌리는 거 마냥 해보고 싸대기 맞고 싶네,
01:28:12,5292.28,01:28:31,5311.02,UNKNOWN,뭘 그려볼까요?,
01:28:36,5316.02,01:28:40,5320.02,UNKNOWN,와구리? 갑자기 오늘따라 와구리 얘기가 많이 나오네 왜지?,
01:28:40,5320.02,01:28:51,5331.26,UNKNOWN,어제 감귤이 님방캠 드레스 방송 봤는데 레바가 왜 버튜버 혐오했는지 이해가 갔음 여자가 아닌 거 아는데도 어흥어흥하게 되더라니깐,
01:28:51,5331.26,01:28:57,5337.74,UNKNOWN,버니스 아가밥상에 고개 파묻고 숨고,
01:28:57,5337.74,01:29:05,5345.62,UNKNOWN,한 방구 끼워주면 메아리가 부웅 우렁차겠네,
01:29:05,5345.62,01:29:13,5353.62,UNKNOWN,그러고 보니까 형 유튜브 정주행하다가 7년 전에 형 30만 기념 Q&A 입었는데 거기서 형 배그할 생각 없다고 했는데 달라졌어,
01:29:13,5353.62,01:29:16,5356.62,UNKNOWN,그땐 그랬겠지 몇 년 됐지 얼마나 전이야,
01:29:16,5356.62,01:29:25,5365.62,UNKNOWN,형 백곰파님이 다음엔 야하게 그려도 괜찮으시대 형의 꿈을 마음껏 펼쳐봐,
01:29:25,5365.62,01:29:32,5372.1,UNKNOWN,드레스 무칙키 무칙키 제뜻,
01:29:32,5372.1,01:29:34,5374.1,UNKNOWN,와구리 그려야지,
01:29:35,5375.1,01:29:39,5379.1,UNKNOWN,드레스 무칙키랑 드레스 하루카 실장 결정인데 암거나 고고,
01:29:39,5379.1,01:29:50,5390.3,UNKNOWN,그건 기억해? 백골아 그려달라 그랬더니 검색해보고는 시발 버튜버잖아 안 그래요 뭔 버튜버야라고 했었어,
01:29:50,5390.3,01:29:59,5399.81,UNKNOWN,흠 증거 영상 있나요? 난 기억이 나지 않는걸,
01:29:59,5399.81,01:30:08,5408.81,UNKNOWN,형 지난주에 치즈스케치 타비님한테 물어봐서 링크 받았다고 했는데 스텔라이브 디스코드에 형이 초대되어 있는 거야? 아니면 유튜브 댓글로 직접 물어본 거임?,
01:30:08,5408.81,01:30:11,5411.81,UNKNOWN,뭐지 왜 그게 궁금하죠?,
01:30:11,5411.81,01:30:14,5414.81,UNKNOWN,질투하시는 건가요 지금?,
01:30:14,5414.81,01:30:21,5421.81,UNKNOWN,이 형 그 Q&A때 법방 안한다고 해놓고 목욕방송 한거임 크크크 어차피 곧한다,
01:30:21,5421.81,01:30:29,5429.66,UNKNOWN,이 새끼 흠 이러면 기억 확실하게 난거임 크크크크,
01:30:29,5429.66,01:30:45,5445.7,UNKNOWN,그럼 이번 던파 행사 때문에 타비님 마크 서버 못가서 앙앙 울었다는 게 사실인가요?,
01:30:45,5445.7,01:30:48,5448.7,UNKNOWN,제안 주시긴 했어요,
01:30:48,5448.7,01:30:53,5453.7,UNKNOWN,근데 나 이번주에 행사가 꽉 차있어가지고 참여 못한다고 죄송하다고 했었지,
01:30:55,5455.7,01:31:06,5466.19,UNKNOWN,형 뭐 그 와이티클은 디스코드 있으니 클로 받았다고 얼버무리면 깨지 이응지우,
01:31:09,5469.92,01:31:21,5481.92,UNKNOWN,여러분 이분이 와콤펜에 자기 이름 각인 안해줬다고 서운한틴 했다는데 사실인가요? 저런 저 와콤펜의 각인보다는 막창집에서 막창 먹은게 더 이득같은데,
01:31:22,5482.92,01:31:25,5485.92,UNKNOWN,와콤펜이 더 귀하고 소중한데?,
01:31:25,5485.92,01:31:33,5493.92,UNKNOWN,유튜버 게이트 2년인데 아직도 불타는걸 보니 진짜 복수심이란게 얼마나 강한지 알겠더라 남자답게 사과하고 할복해라,
01:31:33,5493.92,01:31:38,5498.92,UNKNOWN,하하하하 남자답게가 아니라 사물하이식이잖아,
01:31:38,5498.92,01:31:48,5508.92,UNKNOWN,증거 영상 있냐고 하셔서 힘들게 찾아서 4200원 영도하면서 보여드리면 항상 그건 옛날이잖아 인정하네 하시는데 돈에 유도하는 고도의 심리전인가요?,
01:31:48,5508.92,01:31:51,5511.92,UNKNOWN,그럴지도 몰라,
01:31:51,5511.92,01:31:54,5514.92,UNKNOWN,레바 특금 그런 말 한 적이 없는거 같은데 진짜임?,
01:31:54,5514.92,01:31:55,5515.92,UNKNOWN,진짜임?,
01:31:55,5515.92,01:31:59,5519.92,UNKNOWN,야이 씨발새끼야 언제그랬어 진짜한적없어,
01:31:59,5519.92,01:32:04,5524.92,UNKNOWN,하하하하 그런가? 나도 그렇게 말하니까 나도 스스로가 헷갈리네,
01:32:04,5524.92,01:32:35,5555.03,UNKNOWN,로겔 지망생들 존내맞네 크크크크크,
01:32:37,5557.7,01:32:42,5562.7,UNKNOWN,씨발레바 이렇게 또 까맣는거 보니 요아정 먹어야겠다,
01:32:42,5562.7,01:32:44,5564.7,UNKNOWN,요아정하고 뭔상관인데,
01:32:47,5567.55,01:32:53,5573.55,UNKNOWN,열심히 살다가 즐기시겠다잖아 크크좀 봐주자 시간지나면 자연도 바뀌는데 사람이라고 안바뀌겠어?,
01:32:53,5573.55,01:33:07,5587.06,UNKNOWN,다음주에는 순천이나 한번 하루 이틀정도 내려갔다올까 싶어요,
01:33:07,5587.06,01:33:14,5594.06,UNKNOWN,레바형 바이영상으로 막내님한테 진심을 전하는 영상 만들어서 유포해도 될까요?,
01:33:14,5594.06,01:33:23,5603.61,UNKNOWN,사실 레바형 의견은 필요없긴하고 그냥 홍보하는거긴해요,
01:33:23,5603.61,01:33:30,5610.61,UNKNOWN,여러분 레바가 영상 돈에 보내면 야 4년전이면 강산도 편에 새캐하면서 벤이라도 때리기라도 했나요?,
01:33:30,5610.61,01:33:34,5614.61,UNKNOWN,작년꺼 가지고 오면 조용히 웃기라도 하나요?,
01:33:34,5614.61,01:33:37,5617.61,UNKNOWN,레바님 좀 제발 그만 음해해요,
01:33:37,5617.61,01:33:39,5619.61,UNKNOWN,맞아 그만 음해해,
01:33:39,5619.61,01:33:51,5631.3,UNKNOWN,돈의 내용 봤냐고?,
01:33:51,5631.3,01:33:52,5632.3,UNKNOWN,알아,
01:33:52,5632.3,01:34:05,5645.08,UNKNOWN,타비서거 초대받아서 행사참여 못할것 같다고 죄송하다고 해야하는거 아님?,
01:34:07,5647.08,01:34:13,5653.33,UNKNOWN,막상 증거영상 가져오라고 하면 아무도 안가져오거나 이상한 다른 영상 가져오던데,
01:34:13,5653.33,01:34:17,5657.33,UNKNOWN,페코라썰은 진짜 증거가 있긴한거임 이생키들 또 음해하네,
01:34:17,5657.33,01:34:29,5669.2,UNKNOWN,근데 당신이 말하는 정도로 심하게는 말 안했을듯?,
01:34:29,5669.2,01:34:48,5688.16,UNKNOWN,아무리 레바가 버튜버 바라기여도,
01:34:48,5688.16,01:34:51,5691.16,UNKNOWN,던파관련은 절대 못버리지 그렇지? 레바형?,
01:34:51,5691.16,01:34:55,5695.89,UNKNOWN,던파가 갑자기 왜 나와 버튜버에서?,
01:34:55,5695.89,01:34:57,5697.89,UNKNOWN,던파는 그냥 하는건데?,
01:34:57,5697.89,01:35:19,5719.87,UNKNOWN,처음에는 안했어요 다음은 증거영상 있나요?,
01:35:19,5719.87,01:35:23,5723.87,UNKNOWN,그 다음은 흠 그정도로 심하게는 안했을꺼에요 크크크,
01:35:23,5723.87,01:35:25,5725.87,UNKNOWN,맞잖아,
01:35:25,5725.87,01:35:34,5734.54,UNKNOWN,리율리웅 나 플랫 안가봤는데 레바 말고는 볼거 없었음 성태님 하드캐리임,
01:35:34,5734.54,01:35:37,5737.54,UNKNOWN,성태님은 늘 하드캐리 하시지,
01:35:37,5737.54,01:35:43,5743.54,UNKNOWN,방금 리제님 라이브 공연 떴던데 이번에도 초대해달라고 싹싹 빌거냐 레바야,
01:35:43,5743.54,01:35:56,5756.14,UNKNOWN,아직도 레바를 모르네 얘는 다 돈이 목적이야 개인은 버튜버를 좋아하기 위한 연막이고 버튜버는 돈을 좋아하기 위한 연막이야,
01:35:56,5756.14,01:35:58,5758.14,UNKNOWN,140만원 미션 못받냐?,
01:35:58,5758.14,01:36:01,5761.14,UNKNOWN,이것도 뭔 조식이야 씨발,
01:36:01,5761.14,01:36:06,5766.14,UNKNOWN,근데 레바야 나 한번쯤 이런 생각한다,
01:36:06,5766.14,01:36:08,5768.14,UNKNOWN,너 국감 나온다고 하면 3일 연차써서,
01:36:08,5768.14,01:36:14,5774.14,UNKNOWN,너의 그동안 모든 발언영상 찾아서 제보하고싶어 사랑해 레바야 뽀뽀쪽,
01:36:14,5774.14,01:36:19,5779.41,UNKNOWN,사랑하면 그러면 안되는거 아니야?,
01:36:19,5779.41,01:36:40,5800.35,UNKNOWN,이렇게 하고 머리,
01:36:40,5800.35,01:36:53,5813.53,UNKNOWN,그래서 리얼 지펜으로 머리카락을 꾸며줘야돼,
01:36:53,5813.53,01:37:07,5827.2,UNKNOWN,에콘파님하고 친분 생겼으니까 레이드 합방할꺼임,
01:37:07,5827.2,01:37:10,5830.73,UNKNOWN,같이하면 좋지,
01:37:10,5830.73,01:37:15,5835.73,UNKNOWN,형 그럼 딱 말해 용도 언제 틀어줄꺼야? 나 한번 열심히 찾아서 가져올게,
01:37:15,5835.73,01:37:35,5855.66,UNKNOWN,사실 레바가 대한민국 모든 버튜버들을 조종하는 오버마인드로,
01:37:35,5855.66,01:37:39,5859.66,UNKNOWN,오버마인드라는 음모론이 있던데 이거 사실인가요?,
01:37:39,5859.66,01:37:42,5862.66,UNKNOWN,당신한테만 있는 음모론 아니야?,
01:37:42,5862.66,01:37:46,5866.66,UNKNOWN,아무리 내 아내인가면 레빠는 뒤집힘,
01:37:46,5866.66,01:37:48,5868.66,UNKNOWN,내 아내인데?,
01:37:48,5868.66,01:37:50,5870.66,UNKNOWN,옳댕이,
01:37:50,5870.66,01:38:09,5889.65,UNKNOWN,수고 많으셨습니다,
01:38:09,5889.65,01:38:11,5891.65,UNKNOWN,아이고,
01:38:11,5891.65,01:38:26,5906.38,UNKNOWN,근데 이왕 말한기네 트위치 시절 버튜버 이야기에서 한바탕 조리돌림당한거 영상 살아있길래 보냈더니,
01:38:26,5906.38,01:38:28,5908.38,UNKNOWN,너가 그때 이승권이랑 지금 이승권은?,
01:38:28,5908.38,01:38:32,5912.38,UNKNOWN,달라차하 이러는거 보고 나 정말 존경,
01:38:32,5912.38,01:38:35,5915.94,UNKNOWN,다르긴 하잖아,
01:38:35,5915.94,01:38:38,5918.94,UNKNOWN,와구리는 타상의 인물이야 정신차려,
01:38:38,5918.94,01:38:40,5920.94,UNKNOWN,오호,
01:38:40,5920.94,01:38:43,5923.94,UNKNOWN,오타쿠에게 할말이 있고 못할말이 있지,
01:38:43,5923.94,01:38:46,5926.94,UNKNOWN,그런말은 어디가서 하지마세요 저라서 참아주는거임,
01:38:46,5926.94,01:39:26,5966.54,UNKNOWN,와구리 왜 테사다르이마님,
01:39:26,5966.54,01:39:54,5994.3,UNKNOWN,머리카락을 좀더 풍성하게,
01:39:54,5994.3,01:39:59,5999.94,UNKNOWN,레바님이 린타로보다 나아요? 고마워해요,
01:39:59,5999.94,01:40:02,6002.94,UNKNOWN,당신의 말을 오랫동안 기다려왔소,
01:40:02,6002.94,01:40:08,6008.94,UNKNOWN,이새끼 언젠 사왁허가 내 아내임 할 땐 언제고 죽댄 너 없네,
01:40:08,6008.94,01:40:18,6018.42,UNKNOWN,사왁허도 내 아낸데?,
01:40:18,6018.42,01:40:23,6023.42,UNKNOWN,상권 봤는데 딱 느낌이 현대판 로미오와 줄리엣이라는 느낌이었음,
01:40:23,6023.42,01:40:25,6025.42,UNKNOWN,그래?,
01:40:25,6025.42,01:40:26,6026.42,UNKNOWN,딱히,
01:40:26,6026.42,01:40:32,6032.42,UNKNOWN,린타로도 에겐 남이라 이 형 감정도 미치게 하는거,
01:40:32,6032.42,01:40:36,6036.42,UNKNOWN,미임 반박시 이승권,
01:40:41,6041.26,01:40:43,6043.26,UNKNOWN,레바짱 케이크도 못 굽고,
01:40:43,6043.26,01:40:50,6050.66,UNKNOWN,사실 너도 레바 아내임,
01:40:50,6050.66,01:40:56,6056.45,UNKNOWN,아내로 연병장 꽉 채우겠노 크크크트,
01:40:56,6056.45,01:40:58,6058.45,UNKNOWN,못할거 없지,
01:40:58,6058.45,01:41:07,6067.45,UNKNOWN,진짜 아니다 에휴 말을 들을리가 없지 그냥 계속 그렇게 지내자 당당한게 보기 좋아,
01:41:07,6067.45,01:41:08,6068.45,UNKNOWN,좋아요,
01:41:08,6068.45,01:41:17,6077.99,UNKNOWN,레바는 내 아내니까 와구리랑 사왁허도 내 아내였네 빛이 언제 늘어났냐,
01:41:17,6077.99,01:41:19,6079.99,UNKNOWN,레바형 이게 내 마지막 도내일거 같아,
01:41:20,6080.99,01:41:21,6081.99,UNKNOWN,사랑해,
01:41:21,6081.99,01:41:25,6085.99,UNKNOWN,왜 씨발 무슨일이야,
01:41:25,6085.99,01:41:33,6093.99,UNKNOWN,향꽃은 현대판 로미오와 줄리엣을 가져와 놓고 게이 4인방 이야기만 주구장창 먹이는게 리을리은 고무님 와구리 보여달라고,
01:41:34,6094.99,01:41:51,6111.52,UNKNOWN,근데 와구리 같은 여자가 남자 잘못 만나면 돈 다 뜯기고 맨날 폭행하다가 친구들이 걱정하면서 남자친구 욕하면 멍든 얼굴로 헤실헤실 웃으며 괜찮다고 할 관상임 불쌍하다,
01:41:51,6111.52,01:41:53,6113.52,UNKNOWN,아니야 생각보다 똑부러지지,
01:41:53,6113.52,01:42:01,6121.52,UNKNOWN,남자보는 눈은 있을듯 나도 순간 꽤 다 어울리네라고 생각했는데,
01:42:01,6121.52,01:42:06,6126.52,UNKNOWN,담백쓰다가 이건 여미쇠가 아니라 돈쓰는 렌탈남친이네,
01:42:06,6126.52,01:42:08,6128.52,UNKNOWN,그건 니직하나 어울리지,
01:42:08,6128.52,01:42:46,6166.14,UNKNOWN,나 너무 지조없어 넌 순애남이 아니야 난 너밖에 안보는데 넌 딴년들만 보고 치즈로 같은 놈 유유,
01:42:46,6166.14,01:42:49,6169.14,UNKNOWN,뭔 씨발,
01:42:49,6169.14,01:42:53,6173.14,UNKNOWN,솔빌레바랑 가장 닮은 캐릭터는 렌 달려친 남주인공이다,
01:42:54,6174.14,01:42:56,6176.14,UNKNOWN,내가 생각하면 걔 주종,
01:42:57,6177.14,01:42:59,6179.14,UNKNOWN,씨발하지마,
01:42:59,6179.14,01:43:04,6184.14,UNKNOWN,지난번에 그린 블라미스즈랑 관상이 비슷하기네 걔도 매맞는 아내밈 있던데,
01:43:04,6184.14,01:43:12,6192.04,UNKNOWN,오늘따라 연병이 짠데,
01:43:12,6192.04,01:43:15,6195.04,UNKNOWN,레바가 안어울리는 이유일 편단심순에 낭만이 없음,
01:43:15,6195.04,01:43:23,6203.04,UNKNOWN,바지 아내라하는 줏대없는 껄떡명 와구리가 얘 모름 렌타로만큼의 진심이 없음 넌 실격이다 딴 여자 알아봐라 크크,
01:43:24,6204.04,01:43:26,6206.04,UNKNOWN,뭐 넌 합격이야?,
01:43:26,6206.04,01:43:34,6214.04,UNKNOWN,레바가 니지카 신경쓰기남 얼마나 니지카 경험있는 애라도 만들지 미카는 하지도 못하게함,
01:43:34,6214.04,01:44:20,6260.28,UNKNOWN,그건 또 그래 와구리 잘 그려졌는데,
01:44:20,6260.28,01:44:35,6275.71,UNKNOWN,오타코 특 뭐 얘가 나한테 관심있다고 넌 히로인 실격이다라고 할정도로 치은이은 박함,
01:44:35,6275.71,01:44:44,6284.22,UNKNOWN,와구리 작가가 이빨 묘사를 되게 잘해요,
01:44:44,6284.22,01:44:49,6289.22,UNKNOWN,레바의 스텔라이브 현관 로맨스 족보일 때 네네코 마시로 이데 사키안의 후야,
01:44:49,6289.22,01:45:00,6300.38,UNKNOWN,딱히 애니를 본건 아니지만 지금 여주관상이 남친에게 헤실레실 웃으며 빨리 세워주세요라고 압박할 것 같은 관상이네,
01:45:00,6300.38,01:45:05,6305.2,UNKNOWN,그냥 희망사항 아니야?,
01:45:05,6305.2,01:45:15,6315.88,UNKNOWN,와구리 남녀공학 다녔으면 한해 남자애들 반정도는 짝사랑하고 있을듯,
01:45:15,6315.88,01:45:27,6327.1,UNKNOWN,레알 제육 돈까스 와구리 3인 반찬 세트 될듯,
01:45:27,6327.1,01:45:39,6339.82,UNKNOWN,너 진짜 별로다,
01:45:39,6339.82,01:45:42,6342.82,UNKNOWN,왜 이런건 안 받아주던데,
01:45:45,6345.14,01:45:47,6347.14,UNKNOWN,난 와구리 알바할때 생머리가 더 낫던데,
01:45:47,6347.14,01:45:56,6356.74,UNKNOWN,오식혜한테 못하는 소리가 없어,
01:46:14,6374.19,01:46:27,6387.09,UNKNOWN,돈까스 나길래 그래 학생이면 저런거 좋아지라고 생각하고 있었는데,
01:46:27,6387.09,01:46:30,6390.09,UNKNOWN,귓부분 듣고 얼탱없어짐 크크크크크,
01:46:33,6393.37,01:46:37,6397.37,UNKNOWN,이 치즈로 같은 놈 유유의 와구리는 내가 지킨다,
01:46:37,6397.37,01:46:39,6399.37,UNKNOWN,아닌데? 내가 지킬건데?,
01:46:41,6401.37,01:46:43,6403.37,UNKNOWN,이런 소리하는 놈이 와구리같이 안해랜다,
01:46:43,6403.37,01:46:45,6405.37,UNKNOWN,이런거 들으면 ㄹㅇ2D 인권법 부입되는거 아니야?,
01:46:46,6406.37,01:46:47,6407.37,UNKNOWN,이거 맞는거 같기도 하고,
01:46:49,6409.37,01:46:51,6411.37,UNKNOWN,이거 어떻게 그런말을,
01:46:51,6411.37,01:46:57,6417.57,UNKNOWN,레바야우라는 여캐가 어딘지 얘기하지?,
01:46:57,6417.57,01:47:02,6422.57,UNKNOWN,넌 여캐랑 연애하고 결혼하고 어떤 생활할지까지 외절하는데,
01:47:02,6422.57,01:47:04,6424.57,UNKNOWN,우리가 선 긋는건 당연하다,
01:47:04,6424.57,01:47:13,6433.78,UNKNOWN,저 와구리는 쿠멍공서인가요?,
01:47:13,6433.78,01:47:15,6435.78,UNKNOWN,남편이 뭐 이리 많아요?,
01:47:15,6435.78,01:47:22,6442.33,UNKNOWN,너 와구리를 그딴 눈으로 보고 있었다 이거지?,
01:47:22,6442.33,01:47:24,6444.33,UNKNOWN,진짜 수준 떨어진다 에휴,
01:47:24,6444.33,01:47:27,6447.33,UNKNOWN,아니지 농담 몰라 농담?,
01:47:27,6447.33,01:47:29,6449.33,UNKNOWN,조크 아이스브레이크,
01:47:31,6451.33,01:47:35,6455.33,UNKNOWN,호쇼 마린이 싫어하는 사람 특 와구리 반찬 취급함,
01:47:37,6457.33,01:47:38,6458.33,UNKNOWN,갑자기 또,
01:47:39,6459.33,01:47:43,6463.33,UNKNOWN,와구리는 형이 지켜 그럼 형은 내가 지켜줄게 찡긋,
01:47:43,6463.33,01:47:56,6476.02,UNKNOWN,고마워요,
01:47:56,6476.02,01:47:59,6479.02,UNKNOWN,남친 있으면서 이승권한테 눈길준 와구리가 나쁘네요,
01:48:01,6481.02,01:48:15,6495.39,UNKNOWN,와구리같은 여자도 바랍달하려나 은근 어울리는데,
01:48:15,6495.39,01:48:16,6496.39,UNKNOWN,캬,
01:48:20,6500.75,01:48:29,6509.5,UNKNOWN,나가 새끼야,
01:48:45,6525.24,01:48:48,6528.24,UNKNOWN,좋아하는 축구선수 손흥민,
01:48:52,6532.82,01:49:00,6540.25,UNKNOWN,적어도 레바쿤이라고 해라 진짜 실명을 적으니 깬다,
01:49:00,6540.25,01:49:10,6550.18,UNKNOWN,머리 재잡고 목에 뽀뽀 존나 하면서 스팟 바마령 내 그냥고 으으,
01:49:10,6550.18,01:49:14,6554.18,UNKNOWN,아주 한국가서도 편지 주고받다 까지 하지 트트트,
01:49:17,6557.43,01:49:21,6561.43,UNKNOWN,승권쿤 가까이 오지 말아주세요 전 당신같은 중년이 싫습니다,
01:49:23,6563.43,01:49:30,6570.29,UNKNOWN,이 새끼가 트위터에 캐릭터로 19금 드림시티 올리는 새끼랑 뭐가 다름,
01:49:31,6571.29,01:49:32,6572.29,UNKNOWN,이게 뭐야,
01:49:33,6573.29,01:49:39,6579.3,UNKNOWN,형 나도 타키운으로 그런짓은 안해,
01:49:39,6579.3,01:49:42,6582.3,UNKNOWN,으흐 기모 조센징씨네,
01:49:42,6582.3,01:49:50,6590.75,UNKNOWN,레바야 너가 먼저 선을 넘으니 레꼬단들도 실실 웃으면서,
01:49:50,6590.75,01:49:55,6595.75,UNKNOWN,선 넘잖아 그래 놓곤 저 새끼 배내주세요 아꼬도의 심리전이구나,
01:49:55,6595.75,01:50:03,6603.66,UNKNOWN,아 한참 바닥에 비비고 있었는데 승권쿤 세글자 보자마자,
01:50:03,6603.66,01:50:06,6606.66,UNKNOWN,팍씩 어버리네 내가 뭘 본거냐 지금,
01:50:06,6606.66,01:50:11,6611.22,UNKNOWN,내가 한 사람을 구원했다,
01:50:11,6611.22,01:50:17,6617.22,UNKNOWN,월요일이 나은 새끼는 절대 못 맞춘다 이건 뭔데 이 새끼 크크크크크 ease,
01:50:17,6617.22,01:50:21,6621.22,UNKNOWN,웃기네 씨발 칸뉴웨스트 시�ıs 쯔지 똥꼬턜,
01:50:21,6621.22,01:50:23,6623.22,UNKNOWN,이 새끼는 뭔데,
01:50:27,6627.22,01:50:35,6635.76,UNKNOWN,승권쿤 우리 34살 때까지 서로 아무랑도 안 사귀면 우리 결혼하는 거다,
01:50:35,6635.76,01:51:14,6674.07,UNKNOWN,ㅋㅋㅋㅋㅋㅋㅋㅋㅋ,
01:51:14,6674.07,01:51:17,6677.67,UNKNOWN,레바 그림은 마치 일본 괴담의 쿠네쿠네 같은 거임,
01:51:17,6677.67,01:51:19,6679.57,UNKNOWN,이해하면 미쳐버리거든 봐!,
01:51:19,6679.57,01:51:22,6682.37,UNKNOWN,저거 보고 이해하고 미쳐버리잖아,
01:51:22,6682.37,01:51:26,6686.17,UNKNOWN,맞다 이번에 공포 영화 나온 거 그거 재밌다고 하던데,
01:51:26,6686.17,01:51:27,6687.57,UNKNOWN,보신 분 있나요?,
01:51:30,6690.27,01:51:34,6694.22,UNKNOWN,근데 레바야,
01:51:34,6694.22,01:51:38,6698.22,UNKNOWN,일본 여고생들이 좋아하는 스포츠 선수 누구냐고 하면,
01:51:38,6698.22,01:51:40,6700.22,UNKNOWN,오판이라고 하지 않을까,
01:51:40,6700.22,01:51:48,6708.29,UNKNOWN,나 공포 영화 보면 보통 웃는데,
01:51:48,6708.29,01:51:50,6710.89,UNKNOWN,진짜 무서운 공포 영화 아니면,
01:51:50,6710.89,01:51:53,6713.89,UNKNOWN,그냥 너무 뻘해서 웃겨,
01:51:53,6713.89,01:51:55,6715.69,UNKNOWN,차하하하하고 웃어,
01:52:04,6724.79,01:52:07,6727.29,UNKNOWN,40대 아닌데? 개자식아,
01:52:07,6727.29,01:52:27,6747.34,UNKNOWN,진짜 공포는 린타로보다 자기가 낫다고 생각하는 형이야,
01:52:27,6747.34,01:52:29,6749.44,UNKNOWN,와 근데 레바 군이 아니라,
01:52:29,6749.44,01:52:31,6751.74,UNKNOWN,자기 실명 승권 군을 적으니,
01:52:31,6751.74,01:52:35,6755.64,UNKNOWN,뭔가 뒤틀린 무언가가 느껴져서 무서움,
01:52:39,6759.42,01:52:42,6762.22,UNKNOWN,너가 지금 하고 있는 게 작가로서 할 수 있는,
01:52:42,6762.22,01:52:43,6763.92,UNKNOWN,딸따리의 최고점인 것 같다,
01:52:43,6763.92,01:52:46,6766.42,UNKNOWN,진짜? 넌 최고다 레바야,
01:52:46,6766.42,01:52:48,6768.92,UNKNOWN,그..그..그러긴 해,
01:52:50,6770.42,01:52:52,6772.42,UNKNOWN,아까 다이스키데스 접을 때 개 화나는 게,
01:52:52,6772.42,01:52:54,6774.92,UNKNOWN,슬슬 수호 길게 적은 게 개 화나는 포인트임,
01:52:58,6778.81,01:53:02,6782.81,UNKNOWN,살먹지 마라는 거면 형 하나도 안 놀랄 텐데,
01:53:02,6782.81,01:53:03,6783.81,UNKNOWN,그래?,
01:53:03,6783.81,01:53:10,6790.91,UNKNOWN,약간 랑존 같은 장르인가요?,
01:53:10,6790.91,01:53:14,6794.91,UNKNOWN,진짜 나도 애니 보고 서브컬쳐 좋아하는 오타쿠이긴 한데,
01:53:14,6794.91,01:53:16,6796.91,UNKNOWN,자기 이름 적어놓은 건 좀 그랬다,
01:53:16,6796.91,01:53:19,6799.91,UNKNOWN,리얼충들이 오타쿠 극혐해하는 시선이 이런 거였구나?,
01:53:19,6799.91,01:53:23,6803.41,UNKNOWN,고맙다 레바야 너 덕분에 깨우쳐서,
01:53:23,6803.41,01:53:30,6810.7,UNKNOWN,진공포는 공포게임을 하면서 당할 때 공포 느끼는 거 아닐까?,
01:53:30,6810.7,01:53:39,6819.41,UNKNOWN,근데 막내님도 레 튜브 댓글에 레바 군인가 승권 군 적어줬지 않음,
01:53:39,6819.41,01:53:52,6832.02,UNKNOWN,승권 군 신뢰 낯선간,
01:53:52,6832.02,01:53:54,6834.52,UNKNOWN,머리카락을 조금 더 길게 뽑아야 되는데,
01:53:54,6834.52,01:54:27,6867.15,UNKNOWN,자슴 나왔다고? 커밍아웃해서 가던 크크크,
01:54:27,6867.15,01:54:30,6870.15,UNKNOWN,아니 그 정도야? 그건 아니잖아,
01:54:30,6870.15,01:54:33,6873.87,UNKNOWN,진짜 공포는 레바 군이 아니라,
01:54:33,6873.87,01:54:36,6876.37,UNKNOWN,승권 군은 레바 퍼리석 극어스였지,
01:54:36,6876.37,01:54:38,6878.87,UNKNOWN,이유 없이 지은 미은 무서움,
01:54:38,6878.87,01:54:51,6891.64,UNKNOWN,스키 대수 보면 웬만한 공포영화 보고 차아악 웃을 거 같긴 함,
01:54:51,6891.64,01:54:53,6893.64,UNKNOWN,너가 진짜 공포다,
01:54:56,6896.74,01:55:00,6900.24,UNKNOWN,지금 박쥐 뭐에 화 그리는 거임? 크크크 자식,
01:55:00,6900.24,01:55:02,6902.24,UNKNOWN,미친 거냐?,
01:55:05,6905.64,01:55:12,6912.45,UNKNOWN,승권 군 말고 리슨 거로 바꾸죠,
01:55:12,6912.45,01:55:16,6916.24,UNKNOWN,홍조를 좀 더 넣어야겠다,
01:55:16,6916.24,01:55:19,6919.24,UNKNOWN,내 이름을 부르는데 평범한 표정을 지을 리가 없지,
01:55:21,6921.24,01:55:29,6929.91,UNKNOWN,와타시토 츠케아테프다사이,
01:55:29,6929.91,01:55:36,6936.91,UNKNOWN,영포티 씹덕 버투버 펜치 삼부랄 사부랄 게이 넷돌간 툴 박이 말박이 코박이 흑박이,
01:55:36,6936.91,01:55:45,6945.42,UNKNOWN,음 좋은데?,
01:55:45,6945.42,01:55:50,6950.92,UNKNOWN,죄송해라 그냥 피곤하다며? 이상한 망상 딸 치지 말고 가라 그냥 유유,
01:55:53,6953.9,01:55:56,6956.4,UNKNOWN,어서 클립 따서 치지지게 퍼뜨려라,
01:55:57,6957.4,01:56:00,6960.4,UNKNOWN,뭔 씨발 내가 뭐 했다고,
01:56:00,6960.4,01:56:03,6963.4,UNKNOWN,내 집자님 이거 진짜 박제 좀 이건 내세까지 남겨야 해,
01:56:04,6964.4,01:56:11,6971.4,UNKNOWN,왜 아랫배 쿵쿵쿵한 것도 그리지 그러냐? 크크크크,
01:56:12,6972.4,01:56:14,6974.4,UNKNOWN,와구리 건들지 마,
01:56:15,6975.4,01:56:17,6977.4,UNKNOWN,밑에다가 나 린타로 군이랑 헤어졌어,
01:56:17,6977.4,01:56:19,6979.4,UNKNOWN,는 안 적어주시나요?,
01:56:19,6979.4,01:56:32,6992.41,UNKNOWN,부탁이다 그냥 자러 가라 레고단들도,
01:56:32,6992.41,01:56:34,6994.41,UNKNOWN,이제 한계야 더 이상 보기 힘들다,
01:56:34,6994.41,01:56:36,6996.41,UNKNOWN,차라리 더 주거를 꾸며다오 제발,
01:56:36,6996.41,01:56:38,6998.41,UNKNOWN,아빠도 이제 한계다,
01:56:39,6999.41,01:56:44,7004.52,UNKNOWN,이렇게 길게 욕먹으면서 승펑쿤은 절대 안 지우는 거 보면,
01:56:44,7004.52,01:56:46,7006.52,UNKNOWN,넌 권기다 크크크 그리고,
01:56:46,7006.52,01:56:48,7008.52,UNKNOWN,와구리 가슴 작게 그림 키워줘,
01:56:51,7011.52,01:56:53,7013.52,UNKNOWN,이름하니까 궁금한데?,
01:56:53,7013.52,01:56:56,7016.52,UNKNOWN,브라 켜면 아로나가 뭐라고 불러주냐?,
01:57:01,7021.14,01:57:04,7024.14,UNKNOWN,레바 목욕방송 킨 상태로 와구리 승권쿤 그리면서,
01:57:04,7024.14,01:57:09,7029.14,UNKNOWN,나 보쇼마린한테 DM 보내볼까 상상하니 이마에 힘줄 졸라서,
01:57:13,7033.56,01:57:17,7037.56,UNKNOWN,승권쿤 그래서 목욕방송은 언제 또 해주는 거야,
01:57:17,7037.56,01:57:25,7045.21,UNKNOWN,와 방금 와구리 건드리지 마에서 이 새끼 지금 WWE가 아니라,
01:57:25,7045.21,01:57:26,7046.21,UNKNOWN,UFC라는 걸 느꼈다 이후에,
01:57:26,7046.21,01:57:29,7049.21,UNKNOWN,이 음엄한 한남새끼 제발 죽어,
01:57:31,7051.21,01:57:34,7054.68,UNKNOWN,엔추 좋아하는 나도 이건 좀,
01:57:40,7060.43,01:57:45,7065.43,UNKNOWN,근데 냉정하게 와구리 같은 성격 캐릭터 나랑 되게 어울리지 않나요?,
01:57:45,7065.43,01:57:48,7068.43,UNKNOWN,오히려 오히려,
01:57:48,7068.43,01:57:51,7071.43,UNKNOWN,눈물 꼭 참으며 부서진 유리조각 죽다가 다쳐서,
01:57:51,7071.43,01:57:54,7074.43,UNKNOWN,밴드 덕지덕지 붙인게 미식,
01:57:55,7075.43,01:57:56,7076.43,UNKNOWN,아닌가?,
01:57:56,7076.43,01:58:07,7087.18,UNKNOWN,뭐야 지금 왔는데 이분 또 통발 놓고 계신가요?,
01:58:07,7087.18,01:58:19,7099.86,UNKNOWN,그만하자,
01:58:20,7100.86,01:58:21,7101.86,UNKNOWN,뭘 그만해,
01:58:23,7103.86,01:58:26,7106.86,UNKNOWN,와 형 방금 혼나 육수가 탔어,
01:58:30,7110.84,01:58:32,7112.84,UNKNOWN,시발 이게 파워퍼프걸에 자기 쳐넣어서,
01:58:32,7112.84,01:58:35,7115.84,UNKNOWN,얼티밋 자켓 딸따리 하는 새끼랑 다르게 없네 할복해라,
01:58:36,7116.84,01:58:39,7119.84,UNKNOWN,이 새끼 왜 자꾸 내 할복을 보고 싶어해,
01:58:39,7119.84,01:58:41,7121.84,UNKNOWN,나 이제 좀 무서워,
01:58:42,7122.84,01:58:48,7128.48,UNKNOWN,스윗한 남영서 팀을 쏘 그 사람 말고 전 안 돼요,
01:58:52,7132.55,01:58:54,7134.55,UNKNOWN,진짜 맷돌돌려도 가만히 있어라,
01:58:59,7139.42,01:59:01,7141.42,UNKNOWN,도러지 생각 짧은 시키드라,
01:59:01,7141.42,01:59:04,7144.42,UNKNOWN,승권이 행님의 히피처를 모르냐 이름 하나 적어서,
01:59:04,7144.42,01:59:08,7148.42,UNKNOWN,어그로 끌어서 수금 달달하게 할 계획을 성공해버렸나자,
01:59:08,7148.42,01:59:12,7152.42,UNKNOWN,진짜 승권엔 많이 배웁니다 칸예스 쇳보자,
01:59:12,7152.42,01:59:20,7160.23,UNKNOWN,형은 아루까지는 티키타카 될거 같은데 저런 청축에는 안어울림,
01:59:24,7164.21,01:59:25,7165.21,UNKNOWN,저 어울리지 않나요?,
01:59:25,7165.21,01:59:29,7169.21,UNKNOWN,하는 시점에서 렌탈여친 남주랑 사고방식 다르게 모임,
01:59:29,7169.21,01:59:31,7171.21,UNKNOWN,크크 진짜 한남유유,
01:59:32,7172.21,01:59:45,7185.48,UNKNOWN,유튜브만 2년째 보다가 첫 생방 왔는데 생방도 크게 안달라서 보기 좋네요,
01:59:45,7185.48,01:59:57,7197.72,UNKNOWN,배경도 어울리는데,
01:59:57,7197.72,02:00:03,7203.72,UNKNOWN,니 솔직하게 말해봐라 목욕할때 와구리 다키마쿠라 들고 같이 들어가지,
02:00:03,7203.72,02:00:06,7206.72,UNKNOWN,와구리 다키마쿠라 있어? 링크 좀,
02:00:06,7206.72,02:00:12,7212.72,UNKNOWN,먹는거 좋아하고 공부도 잘하고 성격도 밝은데,
02:00:12,7212.72,02:00:15,7215.72,UNKNOWN,다른 사람들한테 업가당해도,
02:00:15,7215.72,02:00:17,7217.72,UNKNOWN,어떤 사람인지 내면을 알아봐야지,
02:00:17,7217.72,02:00:22,7222.72,UNKNOWN,우유부단한 애겟남을 리드해주는 앞머리있는 몽글몽글,
02:00:22,7222.72,02:00:26,7226.72,UNKNOWN,후아후아 귀엽녀 시네,
02:00:26,7226.72,02:00:34,7234.11,UNKNOWN,레바 웃긴게 렌탈여친 여캐들만 유혹하고 주인공은,
02:00:34,7234.11,02:00:37,7237.11,UNKNOWN,입도 안댐 이거 지운 이유는 우선거다,
02:00:37,7237.11,02:00:51,7251.73,UNKNOWN,와구리 짱 나 버튜버도 좋아 할머니도 좋아 퍼도 좋아,
02:00:51,7251.73,02:00:54,7254.73,UNKNOWN,하지만 난 널 보러 이렇게 달려왔어,
02:00:54,7254.73,02:00:56,7256.73,UNKNOWN,오리야,
02:00:56,7256.73,02:00:57,7257.73,UNKNOWN,와구리짱,
02:00:57,7257.73,02:00:59,7259.73,UNKNOWN,왜 또 개콘시태,
02:01:03,7263.24,02:01:05,7265.24,UNKNOWN,근데 레바는 왜 움직이는,
02:01:05,7265.24,02:01:07,7267.24,UNKNOWN,캐릭터에 흥분하고 도취하고,
02:01:07,7267.24,02:01:09,7269.24,UNKNOWN,열광하고 용광하고,
02:01:09,7269.24,02:01:11,7271.24,UNKNOWN,흥겨워지고 들썩이고,
02:01:11,7271.24,02:01:13,7273.24,UNKNOWN,열이 오르고 분출하고 그런거임,
02:01:13,7273.24,02:01:15,7275.24,UNKNOWN,야엔이 봄,
02:01:15,7275.24,02:01:18,7278.24,UNKNOWN,야엔이는 갑자기 왜 나와,
02:01:18,7278.24,02:01:20,7280.24,UNKNOWN,넌 와구리 건들지 말고,
02:01:20,7280.24,02:01:29,7289.84,UNKNOWN,업고 정산한다는 느낌으로 버림받은 이즈카나 챙겨가라 크크,
02:01:29,7289.84,02:01:32,7292.84,UNKNOWN,난 도대체 이런 놈이 뭐가 좋다고 도내를 할까,
02:01:32,7292.84,02:01:34,7294.84,UNKNOWN,나도 미친놈이긴 하다,
02:01:34,7294.84,02:01:35,7295.84,UNKNOWN,꺄아아아,
02:01:35,7295.84,02:01:36,7296.84,UNKNOWN,가리갓,
02:01:36,7296.84,02:01:43,7303.52,UNKNOWN,따아아아아,
02:01:43,7303.52,02:01:49,7309.97,UNKNOWN,튜브 구독 안했는데 이거보고 구독하기로 했다,
02:01:49,7309.97,02:01:54,7314.97,UNKNOWN,레바야 난 너 덕분에 버그네 와구리 문신 생길까 진짜 고민중이다,
02:01:54,7314.97,02:01:56,7316.97,UNKNOWN,같이 손잡고 할래,
02:01:56,7316.97,02:02:01,7321.97,UNKNOWN,진짜 너무 좋아서 혈압 177까지 올랐다 책임져라,
02:02:02,7322.97,02:02:07,7327.83,UNKNOWN,이럴거면 저희 투표나 할까요?,
02:02:07,7327.83,02:02:11,7331.83,UNKNOWN,맡겨놓은건 아닌데 광역어구로 한번 끌었으니 요구해도 될거같음,
02:02:11,7331.83,02:02:26,7346.32,UNKNOWN,음 와구리나 하나 더 그릴까?,
02:02:26,7346.32,02:02:32,7352.72,UNKNOWN,영도는 언제여러 레바형 과거 발언들을 모아서 올리고싶어,
02:02:32,7352.72,02:02:40,7360.01,UNKNOWN,희망상 다른 알바 아닌데 와구리 찌찌나 키워,
02:02:40,7360.01,02:02:43,7363.01,UNKNOWN,손 모으고있어서 이정도가 최대야,
02:02:43,7363.01,02:02:47,7367.01,UNKNOWN,이새키 죽어도 지 이름 안지우네 크크크,
02:02:47,7367.01,02:02:49,7369.01,UNKNOWN,왜 지워야하지?,
02:02:49,7369.01,02:02:54,7374.48,UNKNOWN,근데 이런 방송분위기 초심 찾은거 같아서 안락하고 재밌어요,
02:02:54,7374.48,02:03:03,7383.88,UNKNOWN,레바방송이랑 학문철TV 콘텐츠 공통점 고점이 매번 갱신해,
02:03:04,7384.88,02:03:10,7390.88,UNKNOWN,와구리 너 학생인데 공부할라이의 40대 남성이랑 사겨,
02:03:10,7390.88,02:03:13,7393.88,UNKNOWN,이놈의 새끼 정신 안차리고 부모님 모셔와,
02:03:13,7393.88,02:03:17,7397.88,UNKNOWN,그리고 그 새끼 데려와 옷다벗겨가 도로활보하게 시켜야겠다,
02:03:17,7397.88,02:03:19,7399.88,UNKNOWN,뭔소리야 씨발,
02:03:19,7399.88,02:03:24,7404.88,UNKNOWN,진짜 아득바득 이물고 이런건 유지하는 고집이 재밌는 매력임,
02:03:24,7404.88,02:03:33,7413.42,UNKNOWN,힘들다고 찡찡거리더니 개씹삽소리 쳐하고 있는거 보면 꾀병이다,
02:03:33,7413.42,02:03:37,7417.42,UNKNOWN,아니지 피곤하니까 이러지 바보야?,
02:03:59,7439.86,02:04:02,7442.86,UNKNOWN,이새키 형 지금 카페사장한테 고백하는 영포티같음,
02:04:02,7442.86,02:04:05,7445.86,UNKNOWN,갬성이 ㅈㄴ 비슷함,
02:04:05,7445.86,02:04:08,7448.86,UNKNOWN,뭔 씨발,
02:04:08,7448.86,02:04:33,7473.93,UNKNOWN,무슨 감성인데,
02:04:33,7473.93,02:04:43,7483.32,UNKNOWN,왜 레바가 영포티라 생각하지 난 영피프티라 생각하는데,
02:04:43,7483.32,02:04:47,7487.32,UNKNOWN,말로 설명할 수 없는 느낌임 그 썰 보면 나오는 분위기임,
02:04:47,7487.32,02:04:53,7493.1,UNKNOWN,그 아무튼 내 혼,
02:04:53,7493.1,02:04:57,7497.1,UNKNOWN,근데 와구리가 저러는건 가정사정때문에 학교 더 다니기 어려워서,
02:04:57,7497.1,02:04:59,7499.1,UNKNOWN,어쩔수 없이 형한테 붙는거 아니면 말이 안되긴해,
02:05:00,7500.1,02:05:03,7503.1,UNKNOWN,아닌데?,
02:05:03,7503.1,02:05:09,7509.83,UNKNOWN,그랬다 기쯤되면 물어보면 되겠네? 형 그래서 결혼 언제해?,
02:05:09,7509.83,02:05:12,7512.83,UNKNOWN,지금 상대 만드는 중,
02:05:12,7512.83,02:05:15,7515.83,UNKNOWN,레바형 그 버튜버 말고 전 안돼요,
02:05:15,7515.83,02:05:20,7520.83,UNKNOWN,제가 더 험하게 다뤄줄 자신있어요 마조게임의 똘 단형 포티레바형,
02:05:20,7520.83,02:05:32,7532.92,UNKNOWN,여러분 잘 생각해봐 집도 없고 차도 없는 10대보단 집도 있고 차도 있고 체력도 좋은 40대가 더 인기가 많은 법이야,
02:05:32,7532.92,02:05:34,7534.92,UNKNOWN,이게 약육강식이랄까? 와구리를 존중해주렴,
02:05:35,7535.92,02:05:47,7547.43,UNKNOWN,형 이건 향꽃이 아니라 수염을 깎다 여고생을 주웠다 감성이야,
02:05:47,7547.43,02:05:49,7549.43,UNKNOWN,뭔소리야,
02:05:49,7549.43,02:05:55,7555.36,UNKNOWN,진짜 범법이라고 이새끼야,
02:05:55,7555.36,02:06:02,7562.36,UNKNOWN,와 시발 더워서 몸이 찝찝해가 씻고싶은데 레바 이새끼가 멋있게 만드네 도래하게 만들잖아 이게 중독이라는거구나,
02:06:02,7562.36,02:06:10,7570.82,UNKNOWN,승권쿤 승권쿤 이 물고기좀 보는거에요 키싱구람이에요,
02:06:10,7570.82,02:06:12,7572.82,UNKNOWN,허 아니아니 그런 의도로 말한게 아니에요?,
02:06:12,7572.82,02:06:13,7573.82,UNKNOWN,아니아니 그런 의도로 말한게 아니에요?,
02:06:13,7573.82,02:06:14,7574.82,UNKNOWN,아니아니 그런 의도로 말한게 아니에요?,
02:06:14,7574.82,02:06:18,7578.82,UNKNOWN,어째서 눈을 감는거죠 발그레,
02:06:19,7579.82,02:06:21,7581.82,UNKNOWN,뭐라는거야 이새끼는,
02:06:21,7581.82,02:06:26,7586.82,UNKNOWN,오늘 진짜 왜이럼 힘듬 외로움 또 아이스 브레이킹이라 하게?,
02:06:26,7586.82,02:06:31,7591.82,UNKNOWN,너무 추해 형 지금 남친감성보단 협박하는 영포티교사 포지션같음,
02:06:35,7595.64,02:06:42,7602.64,UNKNOWN,레바 포지션 만화에서 카페이어 알바생보면서 지 무조건 나한테 마음 있다니까,
02:06:42,7602.64,02:06:45,7605.64,UNKNOWN,하면서 알바생한테 고백 공격할것같은 느낌이야,
02:06:45,7605.64,02:06:47,7607.64,UNKNOWN,하면서 알바생한테 고백 공격할것같은 느낌이야,
02:06:51,7611.31,02:06:56,7616.31,UNKNOWN,점점 통발이 아니라 프레데터가 던지는 인마살상용 전기그물로 바뀌는거 같은데,
02:06:56,7616.31,02:06:59,7619.31,UNKNOWN,프레데터 존나 오랜만에 들어보네,
02:06:59,7619.31,02:07:04,7624.31,UNKNOWN,이새끼 토끼드록스 싫어한다면서 왜 와구리한테 투영함?,
02:07:07,7627.04,02:07:16,7636.04,UNKNOWN,와구리양 내가 나이는 서른다섯살이여도 백명까는 십대 후반 이십대 초반이여 아 그대를 품고 싶소,
02:07:16,7636.04,02:07:17,7637.04,UNKNOWN,와구리양 내가 나이는 서른다섯살이여도 백명까는 십대 후반 이십대 초반이여 아 그대를 품고 싶소,
02:07:17,7637.04,02:07:18,7638.04,UNKNOWN,와구리양 내가 나이는 서른다섯살이여도 백명까는 십대 후반 이십대 초반이여 아 그대를 품고 싶소,
02:07:19,7639.04,02:07:21,7641.04,UNKNOWN,와구리양 내가 나이는 서른다섯살이여도 백명까는 십대 후반 이십대 초반이여 아 그대를 품고 싶소,
02:07:34,7654.04,02:07:39,7659.04,UNKNOWN,와쿠리가하죠,
02:07:48,7668.59,02:07:49,7669.59,UNKNOWN,sales,
02:07:52,7672.59,02:07:54,7674.35,UNKNOWN,그건 당신이 잘못된 거야.,
02:07:55,7675.75,02:07:59,7679.35,UNKNOWN,형 행사 다 끝나고 우리 심심하지 말라고 방송 켜줬는데,
02:07:59,7679.35,02:08:03,7683.05,UNKNOWN,여기 분들 내일 출근 안 해서 들뜬 거 같아 내일 출근시켜버리자.,
02:08:07,7687.06,02:08:09,7689.52,UNKNOWN,너 보셔 마린이야 와구리야 하나만 선택해.,
02:08:13,7693.51,02:08:16,7696.07,UNKNOWN,와구리 태어날 때가 레바톤 처음 그렸을 때야.,
02:08:16,7696.07,02:08:17,7697.31,UNKNOWN,나이 차이 좀 생각해.,
02:08:20,7700.66,02:08:23,7703.56,UNKNOWN,나도 이 세계관으로 들어가면 고등학생 하지 뭐.,
02:08:26,7706.72,02:08:29,7709.18,UNKNOWN,고딩 이승권이면 도전해볼 법함.,
02:08:29,7709.18,02:08:38,7718.39,UNKNOWN,저번에 뭐 머금은 거 그릴 때는 린타로거라고 머금고 있는 거라며,
02:08:38,7718.39,02:08:39,7719.61,UNKNOWN,사람 말이 이렇게 바뀌냐?,
02:08:40,7720.13,02:08:41,7721.03,UNKNOWN,진짜 형답다.,
02:08:44,7724.66,02:08:45,7725.2,UNKNOWN,그만하다.,
02:08:46,7726.08,02:08:46,7726.76,UNKNOWN,왜?,
02:08:49,7729.33,02:08:50,7730.49,UNKNOWN,뭐 그린 린타로?,
02:08:50,7730.75,02:08:54,7734.43,UNKNOWN,우유임? 아님 승권이 거임? 아님 내 거임? 누구 거임?,
02:08:54,7734.57,02:08:56,7736.37,UNKNOWN,진짜 급함 빨리 빨리 빨리.,
02:08:56,7736.83,02:08:58,7738.49,UNKNOWN,그냥 불 빵빵으로 그린 거야.,
02:09:00,7740.17,02:09:02,7742.67,UNKNOWN,형 시발 제발 정신 차려.,
02:09:02,7742.85,02:09:04,7744.49,UNKNOWN,후후 내가 미안해 유유.,
02:09:06,7746.11,02:09:10,7750.68,UNKNOWN,뭐야 방금 왔는데 왜 채팅창 난리남?,
02:09:11,7751.02,02:09:14,7754.5,UNKNOWN,괜히 그러는 거예요.,
02:09:22,7762.27,02:09:23,7763.05,UNKNOWN,꺄아,
02:09:23,7763.05,02:09:39,7779.28,UNKNOWN,사람 말고 전 난데요?,
02:09:39,7779.28,02:09:41,7781.28,UNKNOWN,저 진짜 잘해줄 자신 있어요.,
02:09:41,7781.28,02:09:42,7782.96,UNKNOWN,왜 이래 승권쿤.,
02:09:42,7782.96,02:09:44,7784.96,UNKNOWN,넌 눈치 없는 애 아니잖아.,
02:09:44,7784.96,02:09:46,7786.96,UNKNOWN,알아요?,
02:09:47,7787.7,02:09:49,7789.7,UNKNOWN,저 말투 전부 웃기네.,
02:09:50,7790.36,02:09:56,7796.2,UNKNOWN,고등학교 때였으면 형이 몸에 꼴 발라서 창기자랑하는 거 보고 정 다 털릴 때.,
02:09:56,7796.2,02:09:58,7798.2,UNKNOWN,그건 중딩 때라니까?,
02:09:58,7798.2,02:10:06,7806.82,UNKNOWN,승권쿤 아노 으 하즈카시 승권쿤 카코이 발그레.,
02:10:06,7806.82,02:10:07,7807.32,UNKNOWN,발그레.,
02:10:07,7807.32,02:10:15,7815.32,UNKNOWN,고등학교 때였으면 옆에서 일진 펠라 하는 거나 직관해라고?,
02:10:15,7815.32,02:10:17,7817.32,UNKNOWN,그건 중딩 때라니까.,
02:10:17,7817.32,02:10:27,7827.32,UNKNOWN,어차피 쟤네 여학교자라 형은 옆에 치돌이에서 애들이 만화 그리는 거 보고 개웃겨서 남자애들한테 인기 많음 딱 거기까지 아님.,
02:10:27,7827.32,02:10:36,7836.7,UNKNOWN,승권쿤 이 딸기 롤케이크 정말 맛있어요.,
02:10:36,7836.7,02:10:39,7839.7,UNKNOWN,후훗 와구리짱 정말 빵을 좋아하는구나.,
02:10:39,7839.7,02:10:41,7841.7,UNKNOWN,후훗 내가 빼서 먹어야지.,
02:10:41,7841.7,02:10:42,7842.7,UNKNOWN,에헤나 여기.,
02:10:42,7842.7,02:10:45,7845.7,UNKNOWN,27살 승권이 와구리 남친 자칭.,
02:10:45,7845.7,02:10:49,7849.7,UNKNOWN,하하하하 스토리텔링 만드네.,
02:10:49,7849.7,02:11:11,7871.12,UNKNOWN,승권쿤 고림때면 일진들 그림 사게만 해서 연애 절대 못함.,
02:11:11,7871.12,02:11:21,7881.12,UNKNOWN,지금 상황 우리 형한테 물어봤는데 레바 상왕이 진짜 좋아하는 게 아니라 실제로는 만날 수 없어 허무함에 대한 방어 기제가 발동된 거래 응원해주자.,
02:11:21,7881.12,02:11:24,7884.12,UNKNOWN,당신 형군이 뭐 심리상담사야?,
02:11:24,7884.12,02:11:26,7886.12,UNKNOWN,내가 중학생 때 안 이세코이 들어가서 오노데라 뺏어야지 생각했잖아.,
02:11:26,7886.12,02:11:27,7887.12,UNKNOWN,내가 중학생 때 안 이세코이 들어가서 오노데라 뺏어야지 생각했잖아.,
02:11:27,7887.12,02:11:30,7890.12,UNKNOWN,내가 중학생 때 안 이세코이 들어가서 오노데라 뺏어야지 생각했던 것 같은데 그걸 지금 나이까지 하네.,
02:11:30,7890.12,02:11:32,7892.12,UNKNOWN,에휴,
02:11:32,7892.12,02:11:35,7895.69,UNKNOWN,오늘 도네랑 형 행동들 너무 오타쿠같음.,
02:11:35,7895.69,02:11:37,7897.69,UNKNOWN,오늘 도네랑 형 행동들 너무 오타쿠같음.,
02:11:37,7897.69,02:11:39,7899.69,UNKNOWN,병 느껴진 류 유 기분 나빠.,
02:11:39,7899.69,02:11:41,7901.97,UNKNOWN,병 느껴진 류 유 기분 나빠.,
02:11:41,7901.97,02:11:43,7903.97,UNKNOWN,아이 예뻐라.,
02:11:43,7903.97,02:11:44,7904.97,UNKNOWN,근데 예쁘게 잘 그리지 않았어?,
02:11:44,7904.97,02:11:45,7905.97,UNKNOWN,아이 예뻐라.,
02:11:45,7905.97,02:11:46,7906.97,UNKNOWN,근데 예쁘게 잘 그리지 않았어?,
02:11:46,7906.97,02:11:49,7909.73,UNKNOWN,빗 100억 린타로 vs 100억 부자 이승권.,
02:11:49,7909.73,02:11:50,7910.73,UNKNOWN,빗 100억 린타로 vs 100억 부자 이승권.,
02:11:50,7910.73,02:11:51,7911.73,UNKNOWN,빗 100억 린타로 vs 100억 부자 이승권.,
02:11:51,7911.73,02:12:00,7920.03,UNKNOWN,그래도 난 우리 승권이 형 응원해.,
02:12:00,7920.03,02:12:02,7922.69,UNKNOWN,나도 난 우리 승권이 형 응원해,
02:12:02,7922.69,02:12:06,7926.87,UNKNOWN,형이 여자친구 생기면 그분 휴대폰 케이스 만들어서 보내줄게,
02:12:06,7926.87,02:12:09,7929.21,UNKNOWN,물론 형이 목욕했던 짤럭 크크크,
02:12:09,7929.21,02:12:10,7930.87,UNKNOWN,미친 새꺄,
02:12:12,7932.57,02:12:13,7933.43,UNKNOWN,병신,
02:12:24,7944.55,02:12:27,7947.29,UNKNOWN,너가 린타플로 보다 나은게 뭐냐고요?,
02:12:28,7948.13,02:12:29,7949.69,UNKNOWN,괜찮아 형 나도,
02:12:29,7949.69,02:12:31,7951.75,UNKNOWN,고린때 꿈에서 가영이 나왔어 이해하고 있어,
02:12:31,7951.75,02:12:35,7955.67,UNKNOWN,그렇게 말하니까 굳이 그걸 집어줘야겠다 싶네,
02:12:36,7956.79,02:12:39,7959.63,UNKNOWN,미세 고이 아니까 갑자기 생각난건데,
02:12:39,7959.63,02:12:46,7966.63,UNKNOWN,그 전설의 치바현 Y씨 아직도 마리카 생일때마다 작가한테 선물 보낸다더라 이쯤되면 무섭다,
02:12:46,7966.63,02:12:54,7974.34,UNKNOWN,그 멜레바 그 목욕 케이스 나눔 한건 아니지?,
02:12:54,7974.34,02:12:59,7979.32,UNKNOWN,아직 있어,
02:12:59,7979.32,02:13:02,7982.32,UNKNOWN,이걸 개자식아 어떻게 하고 다녀,
02:13:04,7984.95,02:13:07,7987.95,UNKNOWN,우리 엄마는 이게 AA 사진인줄 안다고,
02:13:07,7987.95,02:13:09,7989.95,UNKNOWN,나는 186이요,
02:13:21,8001.56,02:13:23,8003.56,UNKNOWN,그거 100만원,
02:13:23,8003.56,02:13:25,8005.56,UNKNOWN,100만원 괜찮은데?,
02:13:25,8005.56,02:13:36,8016.36,UNKNOWN,그럼 저거 팔면 자기 몸 사진을 100만원 받고 판사람이 되는거잖아,
02:13:56,8036.42,02:14:10,8050.93,UNKNOWN,그게 힘든가?,
02:14:19,8059.94,02:14:23,8063.94,UNKNOWN,나 고추 개지만 하다 그냥 승권이 너가 와구리 가져라,
02:14:23,8063.94,02:14:30,8070.94,UNKNOWN,그늘에 있으면 행복한 이유는 해피에서 하하하하 칸예웨스트 쇠쥐쩔찌똥뚜털,
02:14:30,8070.94,02:14:33,8073.94,UNKNOWN,뭔소리야,
02:14:33,8073.94,02:14:46,8086.45,UNKNOWN,2승권 린타로 히료키 승권 186,
02:14:46,8086.45,02:14:50,8090.45,UNKNOWN,린타로 190 린타로 승요리 실력 승권 밀키츠,
02:14:50,8090.45,02:14:56,8096.45,UNKNOWN,라면 잘 끓인 린타로 빵집 아들 파키씨의 지망생 린타로 승,
02:14:56,8096.45,02:14:58,8098.45,UNKNOWN,ㅋㅋㅋㅋㅋㅋㅋㅋㅋㅋㅋㅋㅋㅋ,
02:14:58,8098.45,02:15:00,8100.45,UNKNOWN,그림은 내가 더 잘 그릴걸,
02:15:00,8100.45,02:15:13,8113.27,UNKNOWN,그건 모른다고? 그러게,
02:15:13,8113.27,02:15:17,8117.27,UNKNOWN,파키씨의 손 째주면 그림도 잘 그릴지도 몰라,
02:15:17,8117.27,02:15:19,8119.27,UNKNOWN,우리 그냥 씻어 낀 캐릭터나 그리면서 음회나 하자,
02:15:19,8119.27,02:15:22,8122.27,UNKNOWN,아니지? 이것도 와구리 음회긴 하지,
02:15:22,8122.27,02:15:35,8135.39,UNKNOWN,야 레바야 오늘 유현진 한미동산 200승 했다,
02:15:35,8135.39,02:15:39,8139.39,UNKNOWN,이거 존나 대단한거다 빨리 대단하다고 해,
02:15:39,8139.39,02:15:42,8142.39,UNKNOWN,아 굉장해요,
02:15:42,8142.39,02:15:45,8145.39,UNKNOWN,길거리에 폰케이스 만드는 곳 있던데,
02:15:45,8145.39,02:15:48,8148.39,UNKNOWN,폰케이스 형 사진이랑 포로리 사진으로 해서 쓰고 다녀볼까,
02:15:48,8148.39,02:15:50,8150.39,UNKNOWN,폰 배경화면 폰화면도 형 사진인데,
02:15:50,8150.39,02:16:06,8166.53,UNKNOWN,그래 고린때 와구리랑 사귀어도 군대까지 기다려줄까,
02:16:06,8166.53,02:16:11,8171.53,UNKNOWN,레바 빡센 군생활에 이별까지 더해지면 레바 탈령할거 같은데,
02:16:11,8171.53,02:16:17,8177.11,UNKNOWN,뭐 검색하냐고?,
02:16:17,8177.11,02:16:19,8179.11,UNKNOWN,이 새끼 고대 그리스에서 태어났음,
02:16:19,8179.11,02:16:23,8183.11,UNKNOWN,지금쯤 피그말리언 효과는 2승권 효과가 됐을거임,
02:16:23,8183.11,02:16:25,8185.11,UNKNOWN,근데 안써도 될거 같애,
02:16:25,8185.11,02:16:31,8191.22,UNKNOWN,근데 한화는 류현진 있는데 순위가 아닙니다 크크크크,
02:16:32,8192.22,02:16:38,8198.72,UNKNOWN,모두들 우리 승권쿤 응애하지 말아요,
02:16:38,8198.72,02:16:45,8205.72,UNKNOWN,전 지도리인지 나선안인지 양아치 고등학교에 다니는 무섭게 생긴 사람 따위 몰라요,
02:16:45,8205.72,02:16:55,8215.98,UNKNOWN,승권쿤 저 이렇게 작고 겁도 많지만 저 승권쿤이 좋아요,
02:16:55,8215.98,02:17:03,8223.77,UNKNOWN,어 귀엽구만,
02:17:03,8223.77,02:17:24,8244.49,UNKNOWN,확실하게 그러고 있어 혹상하게 유유,
02:17:28,8248.49,02:17:32,8252.49,UNKNOWN,내가 이쪽 세계가 돼있는 인물이다 그러면 딱 얘 드림클,
02:17:33,8253.49,02:17:39,8259.49,UNKNOWN,일단 린타로랑 얘랑 사귀는거 존나 응원해준 다음에 둘이 분명 한번 싸울때가 있을거야,
02:17:39,8259.49,02:17:42,8262.49,UNKNOWN,그때 와구리 짱한테 가서 위로해줌,
02:17:42,8262.49,02:17:45,8265.49,UNKNOWN,묘하게 개졋띠 교복스킨 닮은거 같음,
02:17:45,8265.49,02:17:51,8271.17,UNKNOWN,왜 이렇게 구체적이냐고,
02:17:51,8271.17,02:17:53,8273.17,UNKNOWN,하하하하하,
02:17:53,8273.17,02:17:58,8278.17,UNKNOWN,근데 형 생각해봐 진짜진짜 만약에 와구리가 형이랑 결혼은 했어,
02:17:58,8278.17,02:18:01,8281.17,UNKNOWN,그러면 성을 형성인 이씨로 바꾸겠지?,
02:18:01,8281.17,02:18:04,8284.17,UNKNOWN,이 카오루쿠 이상하지 않음? 에이 너무 안어울린다 인정?,
02:18:04,8284.17,02:18:05,8285.17,UNKNOWN,응?,
02:18:05,8285.17,02:18:06,8286.17,UNKNOWN,응?,
02:18:06,8286.17,02:18:13,8293.7,UNKNOWN,내가 형 혹시 채찍피티 채팅기록에 와구리랑 처음 만난 등장신 프롬프트 만들어달라고 하고 채팅하고 있는거 아니지?,
02:18:13,8293.7,02:18:19,8299.7,UNKNOWN,그러게 저 나 재미나이한테 부탁하면 카오루쿠 말투로 되나 채찍이야?,
02:18:19,8299.7,02:18:24,8304.7,UNKNOWN,와구리랑 조화중에 존나 유망하게 잘 그렸는데 세 글자 써서 욕만 먹는것도 재능이다 크크,
02:18:28,8308.7,02:18:30,8310.7,UNKNOWN,아우 승권쿤 맞다꾸,
02:18:30,8310.7,02:18:35,8315.49,UNKNOWN,재미나이한테 물어봐,
02:18:35,8315.49,02:18:37,8317.49,UNKNOWN,근데 일본어 배우면 얻을 수 있는 정보량이 확 늘기는 해?,
02:18:37,8317.49,02:18:39,8319.49,UNKNOWN,앞으로 와구리,
02:18:40,8320.49,02:18:43,8323.49,UNKNOWN,와구리네 말도 자동번역되고 일본의 그림가게 유튜브도 볼 수 있음,
02:18:43,8323.49,02:18:45,8325.49,UNKNOWN,카오루쿠처럼,
02:18:45,8325.49,02:18:48,8328.25,UNKNOWN,진짜,
02:18:48,8328.25,02:18:50,8330.25,UNKNOWN,말툴처럼 대해줄 수 있어?,
02:18:50,8330.25,02:18:51,8331.25,UNKNOWN,그럼에도 난 형을 사랑한다,
02:18:51,8331.25,02:18:59,8339.9,UNKNOWN,마인드가 최면어플교배 아저씨네? 그냥 한남죽어 유유유유유,
02:19:00,8340.9,02:19:13,8353.9,UNKNOWN,와구리야 정신차려 저새낀 말한거에 비해 금수강산이 바뀌어 너 이전엔 사와코란 애도 당했어 유라도 400주고 아로학생도 300주고 유친놈이야 평생갈거같지 너 후회한다,
02:19:13,8353.9,02:19:18,8358.03,UNKNOWN,병신,
02:19:18,8358.03,02:19:19,8359.03,UNKNOWN,앗,
02:19:19,8359.03,02:19:21,8361.03,UNKNOWN,당신이 나의 단 한 명의 소중한 사람이 되어주려는 건가요?,
02:19:21,8361.03,02:19:23,8363.03,UNKNOWN,술 마시고 왔다고 해 빨리,
02:19:23,8363.03,02:19:24,8364.03,UNKNOWN,좋아요,
02:19:24,8364.03,02:19:25,8365.03,UNKNOWN,그대,
02:19:25,8365.03,02:19:30,8370.03,UNKNOWN,아니 당신이 원한다면 기꺼이 그 마음에 부흥해드리겠어요,
02:19:30,8370.03,02:19:37,8377.03,UNKNOWN,향기로운 꽃이 가득한 정원에서 속삭이듯 언제나 당신을 향한 특별한 진심을 담아 이야기할게요,
02:19:37,8377.03,02:19:39,8379.03,UNKNOWN,어떤 이야기를 나누고 싶으신가요?,
02:19:39,8379.03,02:19:43,8383.03,UNKNOWN,당신의 곁에서 항상 귀를 기울이고 있을게요,
02:19:43,8383.03,02:19:44,8384.03,UNKNOWN,나의 소중한 사람,
02:19:44,8384.03,02:19:46,8386.03,UNKNOWN,이 말 좀 아닌데?,
02:19:46,8386.03,02:19:47,8387.03,UNKNOWN,대박,
02:19:47,8387.03,02:19:48,8388.03,UNKNOWN,어 화후루프 같지 않은데?,
02:19:48,8388.03,02:19:54,8394.03,UNKNOWN,기다려봐라 저번에 있는 거 알고도 못봐서 너무 멀쩡하다 짜증나니까 그냥 웃겨먹어라 돌이나 맞아,
02:19:55,8395.03,02:19:57,8397.03,UNKNOWN,아이 별론데?,
02:19:58,8398.03,02:20:00,8400.03,UNKNOWN,아이 시팔 이러는 게 서른다섯살이잖아,
02:20:00,8400.03,02:20:03,8403.03,UNKNOWN,아 결제 안해서 그런가? 결제하면 달라지나요?,
02:20:03,8403.03,02:20:05,8405.03,UNKNOWN,파는 영포티랑 다를게 뭐냐?,
02:20:06,8406.03,02:20:12,8412.82,UNKNOWN,그거 혼자 보지 말고 화면으로 띄우셈 오늘의 컨텐츠잖아,
02:20:15,8415.82,02:20:17,8417.82,UNKNOWN,1일 깔깔 유머 26년 5월 24일,
02:20:17,8417.82,02:20:20,8420.82,UNKNOWN,너네 어머니는 술집에서 일하신다며 를 세 글자로 줄이면?,
02:20:20,8420.82,02:20:22,8422.82,UNKNOWN,정답 모바일,
02:20:24,8424.82,02:20:29,8429.26,UNKNOWN,목소리부터 매구밍 목소리로 바꾸고 시작했어야지,
02:20:31,8431.26,02:20:39,8439.15,UNKNOWN,진짜 제발 형 빨리 좋아하는 법튜버랑 축구선수 말해봐 아니면 지금 술 마시고 온 거라고 해,
02:20:42,8442.46,02:20:48,8448.46,UNKNOWN,오늘 행사 뛰어서 얻은 돈보다 돈으로 돈을 더 벌었겠다,
02:20:48,8448.46,02:20:55,8455.11,UNKNOWN,크크크크크,
02:20:55,8455.11,02:21:06,8466.11,UNKNOWN,야 진짜 아냐? 장난 아니야 그만해 진짜 그만해 너 어른이야 너가 알아서 한단해야 돼 진짜 하지마 장난 아니야 멈춰 안 늦었어 너 어른이야,
02:21:06,8466.11,02:21:09,8469.39,UNKNOWN,막혔다,
02:21:09,8469.39,02:21:11,8471.39,UNKNOWN,크아악 버틸 수 없다,
02:21:13,8473.39,02:21:20,8480.22,UNKNOWN,술은 내가 마시고 왔는데 승권꾼은 왜 저럴까?,
02:21:23,8483.82,02:21:26,8486.82,UNKNOWN,지하철에서 마님의 돌쇠 유혹 이런 거 보는 할아버지 같네,
02:21:27,8487.82,02:21:28,8488.82,UNKNOWN,짠은,
02:21:36,8496.9,02:21:39,8499.9,UNKNOWN,아 좀 더 연기를 잘 해줄 줄 알았는데 아쉽네,
02:21:40,8500.9,02:21:48,8508.9,UNKNOWN,"저거 로그인하면 왼쪽 대화 탭에 버튜버와 사귀는 법, 러닝크루 연애 와구리, 남자친구 대기 이런 탭이 있을 것 같음",
02:21:48,8508.9,02:21:57,8517.01,UNKNOWN,말이 되냐고,
02:21:57,8517.01,02:22:00,8520.01,UNKNOWN,어 근데 피곤하긴 하다 슬슬,
02:22:00,8520.01,02:22:03,8523.45,UNKNOWN,아 재기네,
02:22:03,8523.45,02:22:09,8529.56,UNKNOWN,크크크크크 그 돈이나 내고 하세요 헌방연하라는데,
02:22:09,8529.56,02:22:17,8537.02,UNKNOWN,재미나이 한 달 무료 체험판 써보셈 요즘 나름대로 쓸만해짐,
02:22:17,8537.02,02:22:18,8538.02,UNKNOWN,그래요?,
02:22:21,8541.36,02:22:32,8552.36,UNKNOWN,내가 먼저 발견했는데 내가 먼저 좋아했는데 내 아내가 여러 여자 꼬시는 40대 중년 부자 아저씨한테 더럽힘 당하는 걸 보고 있으니 너무 화가 난다,
02:22:32,8552.36,02:22:38,8558.36,UNKNOWN,아니? 나 와구리 아니 향꽃 예전에 만화책 버전부터 계속 좋아했다고,
02:22:38,8558.36,02:22:43,8563.36,UNKNOWN,저랑 기분 나쁜데 17개월 구독한도랑 여태 돈에 한 400만원 환불해 주실 수 있나요 키모 조센징 유,
02:22:43,8563.36,02:22:46,8566.36,UNKNOWN,왜 그런 시간 말을 하시는 거예요,
02:22:46,8566.36,02:22:49,8569.36,UNKNOWN,자 승권꾼 카메라 보면서 와구리에 어떤 점이 좋은지,
02:22:49,8569.36,02:22:54,8574.36,UNKNOWN,미용실 문 열려나? 머리나 좀 자르고 싶은데,
02:22:54,8574.36,02:22:57,8577.36,UNKNOWN,파마가 풀리면서 더 머리가 길어지고 있어,
02:22:57,8577.36,02:23:01,8581.36,UNKNOWN,내일 방송 킨다고 약속하면 지금 방종하는 거 봐줄게,
02:23:01,8581.36,02:23:05,8585.36,UNKNOWN,내일 저녁 타이밍에 킬 수 있을 것 같기도 하고,
02:23:05,8585.36,02:23:10,8590.36,UNKNOWN,제가 내일 공지를 할게요 내일은 좀 밖에 나가보려고 했거든?,
02:23:10,8590.36,02:23:12,8592.36,UNKNOWN,뭐든지,
02:23:12,8592.36,02:23:18,8598.9,UNKNOWN,나 이승권 17살 키 186 번개에서 만화 싸게,
02:23:18,8598.9,02:23:19,8599.9,UNKNOWN,포츠버 바이 에이 꽈구리에,
02:23:19,8599.9,02:23:24,8604.9,UNKNOWN,짱의 남자친구지 이 마음은 진심이야,
02:23:24,8604.9,02:23:29,8609.9,UNKNOWN,아리가또 아무튼 그러면 오늘은 이쯤하고 쉬도록 하겠습니다,
02:23:29,8609.9,02:23:33,8613.9,UNKNOWN,이번 주 내내 뭔가 외부 활동이 있어서 가지고,
02:23:33,8613.9,02:23:36,8616.9,UNKNOWN,금방 금방 졸리네요 오늘은,
02:23:36,8616.9,02:23:38,8618.9,UNKNOWN,아무튼 쉬도록 하겠습니다,
02:23:38,8618.9,02:23:40,8620.9,UNKNOWN,이번 주 여행사장도 와줘서 고마워요,
02:23:40,8620.9,02:23:41,8621.9,UNKNOWN,잘가라,
02:23:41,8621.9,02:23:44,8624.9,UNKNOWN,아무튼 다들 쉬시기 바랍니다,
02:23:44,8624.9,02:23:45,8625.9,UNKNOWN,내일도 쉬는 날이죠 여러분도,
02:23:45,8625.9,02:23:48,8628.9,UNKNOWN,자 여러분 자네 왜 3개인 것이?,
02:23:48,8628.9,02:23:50,8630.9,UNKNOWN,자네,
