시작 시간,종료 시간,내용
00:01:22.48,00:01:29.90,아 아 아 아
00:02:02.49,00:02:12.90,하일로 머리 안 감았냐고요?
00:02:13.31,00:02:16.59,파마한 거야 갑자기?
00:02:24.10,00:02:24.24,뭔 일 있어?
00:02:31.36,00:02:51.55,26개월 구독 고마워요 원고 하다 왔어요 오늘 왜 이렇게 부었냐고?
00:02:51.57,00:02:51.75,살이 찐 걸 걸?
00:02:51.77,00:02:56.96,왜 이렇게 오랜만인 거 같냐고?
00:02:56.98,00:02:58.38,오랜만인 거 같기도 하고 뭔 일이 있었나?
00:03:01.08,00:03:15.67,일주일 동안 안 웃긴 했어라니요 똥바 같아 보여.. 뭔 소리야 저게?
00:03:16.15,00:03:18.78,코가 왜 이렇게 부었냐고?
00:03:18.97,00:03:22.90,평소랑 똑같은데?
00:03:22.92,00:03:23.18,뭐가 다르단 거지 다들?
00:03:23.20,00:03:28.83,기분 탓인가?
00:03:28.84,00:03:28.93,흐흐흐흐
00:03:36.95,00:03:43.24,왜 이렇게 부었냐고?
00:03:43.26,00:03:43.64,살이 찐 걸까요?
00:03:43.68,00:04:04.08,왜 오자마자 갑자기 인신공격한 건가?
00:04:04.10,00:04:04.36,다 레바형을 위한 말이야
00:04:05.96,00:04:08.50,아 구독 고맙습니다 그래서 오늘 뭐 하냐고?
00:04:09.27,00:04:12.11,그림 공부할 건데?
00:04:12.13,00:04:32.93,여러분은 낙서처럼 보이겠죠 조만간 고해성사를 다시 부활시켜 볼까 합니다 저기 익명이 일단 보장되어야 되니까 네이버 폼 같은 걸로
00:04:35.76,00:05:02.73,따로 받으면 되겠지 일단 어떻게 받을지는 제가 한번 생각을 해 볼게요 구글 폼 그것도 괜찮다 18개월 구독 고맙습니다
00:05:08.18,00:05:26.50,아리가또!
00:05:26.66,00:05:35.39,이 며칠 신작을 계속 유효화를 만들고 없고 만들고 없고를 하고 있는데
00:05:38.03,00:05:50.57,몰라요?
00:05:50.59,00:05:50.87,보여주세요?
00:05:51.15,00:05:52.52,평가해줘?
00:05:54.10,00:06:03.74,안돼요 그러면 1화 나왔을 때 기대감이 없잖아
00:06:07.75,00:06:28.63,게다가 저 아니면 못 알아보고 지금 제 콘티는.
00:06:28.65,00:06:28.99,재미없다고 할까봐 쫄리나봐 퓨.
00:06:29.01,00:06:29.13,고마워요.
00:06:29.15,00:06:34.10,강희야 아직 콘티지.
00:06:34.12,00:06:35.42,드림투표함 반하면 술 마시러 가도 됨?
00:06:35.44,00:06:35.60,가세요 가세요.
00:06:37.42,00:06:49.21,난 고해성사가 싫어.
00:06:49.23,00:06:49.79,난 너무 정상적으로 살아서 나만 소외감 느껴지거든.
00:06:49.81,00:06:50.45,나도 고해성사 애들처럼 짐승새끼들처럼 살 거라고 고민이야.
00:06:50.47,00:06:50.65,아이고 고마워요.
00:06:50.79,00:06:50.85,뭐래.
00:06:50.87,00:06:52.27,아무튼 고민이 콘티 정도는 뭐죠?
00:06:52.37,00:06:54.39,콘티 정도는 콘티도 안 되지.
00:06:57.34,00:07:01.94,콘티가 곧 본체인데.
00:07:01.96,00:07:02.48,결혼 시작하면 결혼 못할 것 같다고 하지 않음.
00:07:02.50,00:07:02.98,결혼 포기하고 넷돌 단위로 킥보잉하는 거야?
00:07:03.91,00:07:21.23,아무튼 천천히 짜고 있어야 콘티야 힘이 많이 안 들어가니까 어디서 연재하냐고요?
00:07:21.50,00:07:29.33,그것도 모르죠 일단 작품이 준비되어야지 어디에 투고를 하든가 하죠 아무튼
00:07:29.85,00:07:58.88,설렁설렁 짜고 한 4-5파 쌓이면 아마 연재초가 어디든 찔러볼 듯?
00:07:58.91,00:07:59.06,장미가 뭔가요?
00:07:59.08,00:07:59.21,시트콤이죠?
00:07:59.23,00:07:59.57,흐흐흐흐흐 흐흐흐흐흐 흐흐흐흐흐
00:08:01.25,00:08:24.61,모르죠 웹툰을 단행본화 시키는건 난 별로
00:08:27.14,00:08:55.07,별로라고 생각해요 애초에 만화를 짰을 때 컷 구성으로 짰으면 다 책으로 읽을 때 잘 어울리는데 웹툰식으로 짜놓고 그걸 스크롤 웹툰을 책으로 만드는 건 또 별로인 것 같아 연출 자체가 달라서 일단 저는 그래요 뭐 사람마다 차이가 있겠지만
00:08:59.20,00:09:27.00,뭐 매일매일 돌고 있죠?
00:09:27.02,00:09:27.16,아니 고마워요
00:09:28.98,00:09:51.99,이렇게까지 진행하는거 보면 레바튼은 진짜 버려졌네 태초에 불꽃 유기하면 그 엔딩으로 렉보다는 모두 망자가 되어버린다 크크 농담이고 항상 화이팅 모르지?
00:09:52.00,00:09:53.07,또 신작하다가 갑자기 아 ㅅㅂ ㅈㄴ 할만한데 해놓고 ㅅㅂ 레바튼이랑 같이 할지도 모를 일이야 음
00:09:56.03,00:10:07.29,어시를 좀 열었고 하면 가능할지도 모르겠지요?
00:10:07.31,00:10:07.39,아마도?
00:10:07.41,00:10:08.13,근데 계속 말해서 미안한데 그래서 피드백 방송 언제 한 판 중은?
00:10:08.15,00:10:23.49,피드백 방송은 내일이나 일요일 중으로 하는 걸로 하죠?
00:10:36.06,00:11:01.04,서연이 그림치는 그새 또 바뀌었네.
00:11:01.06,00:11:01.50,인상 깊은 캐릭터 만들기가 쉽지 않구나.
00:11:01.52,00:11:01.66,정말 슬프게.
00:11:01.68,00:11:01.92,주인공은 딱 이 관상.
00:11:01.94,00:11:02.50,애초에 어시 없이 2개 연재하던 게 미친 짓이었음.
00:11:02.52,00:11:02.84,낙서뱅이면 영도나 트러브거라.
00:11:02.86,00:11:03.20,오늘도 문제 있으면 다시 끄고.
00:11:03.22,00:11:03.30,그럴까?
00:11:05.21,00:11:06.55,"1, 3, 1년은 없냐구요?"
00:11:06.93,00:11:31.92,그 정도로 키 작은 애는 없지만 조그만 애는 있어요.
00:11:31.94,00:11:32.00,얘죠.
00:11:32.02,00:11:32.38,간만에 집에 혼잔데 술을 마실까?
00:11:32.40,00:11:32.76,얌전히 공차나가서 음료를 마실까?
00:11:35.34,00:12:02.33,오늘 금요일이구나 한잔하기에는 나쁘지 않은 요일이네요 그린 다음에 한두달 뒤에 다시 그 그림을 봐 그럼 X같은 점이 보여요 그 X같은 점을 이제 고치려고 노력하면 돼
00:12:09.51,00:12:37.65,맞아요 그리고 그 과정을 사람들에게 보여줌으로써 수치심을 증폭시키는 거죠 월 건강 잘 챙기세요
00:12:39.99,00:12:52.71,연차까지 쓸 정도인가?
00:12:54.18,00:13:02.65,아직 일단 당신 쓰고 싶을 때 쓰세요.
00:13:03.57,00:13:03.67,그쵸?
00:13:03.69,00:13:04.19,아무래도?
00:13:26.92,00:13:53.94,생각보다... 부끄러워하는 것 같네.
00:13:53.96,00:13:54.72,자신에게... 순수해지는... 아무것도... 할 수 없는 감정입니다.
00:14:00.38,00:14:29.05,"네, 말씀하신 대로입니다."
00:14:29.07,00:14:29.47,저에게 필요한 일이었다고 생각합니다.
00:14:29.49,00:14:29.95,선생님들에게 여러 가지 혐의를 주었습니다.
00:14:29.97,00:14:30.09,그래도...
00:14:31.10,00:14:58.86,선생님과 만난 나는... 역시... 예... 정말... 이렇게 된다고 생각합니다.
00:14:58.88,00:14:59.14,본지는 늘 짜고 있는데?
00:14:59.16,00:14:59.64,"무슨 가슴 크기가 유저 뱃살만 하냐, 쯧쯧."
00:14:59.66,00:15:00.04,"포코나, 키사키, 시베테와 나베레."
00:15:00.06,00:15:00.36,이따가 잊어버릴 수 있겠지.
00:15:01.64,00:15:14.02,"지금, 이 순간에서만... 언젠가... 기대 많이 한다, 빨리 그려도 하고?"
00:15:15.52,00:15:17.40,너무 기대하면 제가 부담스러운데?
00:15:17.90,00:15:27.27,열심히는 그려볼게요.
00:15:27.29,00:15:27.48,저도 기억합니다.
00:15:27.50,00:15:28.04,선생님이 잊어버렸어도... 정말 중요한 것은...
00:15:30.02,00:15:56.52,대충 남주는 이렇게 생... 보임?
00:15:56.80,00:15:58.17,안 보이네?
00:15:58.53,00:15:58.75,안 보여서
00:15:59.35,00:16:03.76,그럴 수 없네.
00:16:05.92,00:16:26.42,아니 후벌집 나 이거 진짜 진짜 진짜 응 맛있다 아니 너무 달면 김치랑 먹어요 여러분들 맵고 달고 짜고 고소하고 맵단짠고 아니 밸런스 되게 괜찮다니까 그리고 커피로 무슨 메뉴야 저게?
00:16:26.44,00:16:27.48,아 케이크랑 김치라고?
00:16:34.41,00:16:35.55,나 원래 케이크 먹을 때 김치 먹는데 아니 단 거 먹을 때 김치 괜찮아요 아아 아 먹어 먹어 먹어 아아
00:16:36.54,00:16:51.37,저의 개인적인 입맛이지!
00:16:51.39,00:16:51.73,옥경이 이게 어떻게 퇴직이야!
00:16:51.75,00:16:51.85,야 김치!
00:16:52.05,00:16:52.13,케이크!
00:16:52.37,00:16:52.49,어 먹어봐.
00:16:52.51,00:16:52.61,깜짝이야.
00:17:17.18,00:17:28.91,눈을 약간 갈색에서 약간 붉은빛 차이로 할까?
00:17:28.95,00:17:34.22,저관으로 할까?
00:17:34.24,00:17:34.28,어?
00:17:44.84,00:17:49.45,클립인데 아직도 소리가 안 들리네 왜 우리 방송만 이럴까?
00:18:26.74,00:18:54.25,저도 그런게 있나 싶어서 눌러봤는데 없더라고?
00:18:54.27,00:18:55.50,구독 고마워요 와 빌리 이격이다
00:19:07.43,00:19:26.28,타이디자인이 너무 고속방지턱 같지 않나요?
00:19:26.30,00:19:26.50,과속유도 아니냐고?
00:19:44.92,00:20:08.94,이 정도 포인트 컬러는 넣어야겠다 너무 너무 흑백보다는 딱 인물 컬러는 한 이 정도만?
00:20:08.96,00:20:09.28,눈 색깔이 왜 흑평이 같다고?
00:20:09.30,00:20:09.72,랩파님도 그리고 계신 웹툰 팬이신가요?
00:20:09.74,00:20:10.08,저도 저 웹툰 좋아하는데 그래요
00:20:13.29,00:20:37.11,예전에 트위치 때인가 TV 직속참기 때인가도 랩바 방송만 뭐 설정 이상한 거 있었는데 그때 아이패드에서 랩 바꿔 노그아웃하고 하는 거로 해결하지 않았나?
00:20:37.13,00:20:38.81,아까 티나님 클립 뭔지 찾아보고 왔는데 다음에 합방 한번 하시죠가 아니라 입마린도 모르는 척 들이대라고 알려준다 뭔 소리야 ㅅㅂ 여학생 편지라고?
00:20:39.07,00:20:41.78,애니메이트 가서 작품서도 좀 몇 개 써봤어요
00:20:41.87,00:20:57.15,이번에도 손그리기 작법서랑 이건 교복 모음집 디자인 이거는 포즈 모음집이에요
00:21:00.71,00:21:12.72,우리나라 교복은 거의 안 입는다는데?
00:21:12.74,00:21:14.40,그쵸 이제?
00:21:14.42,00:21:15.18,근데 알빵가?
00:21:28.41,00:21:29.31,바다 위에서 즉석으로 만든 방어회와 초밥 보는 것만으로도 먹음직스러워 보이는데요.
00:21:29.33,00:21:30.07,대방어 한 마리면 작업자 8명이 충분히 먹고도 남을 정도로 큽니다.
00:21:30.84,00:21:31.87,대방어?
00:21:31.89,00:21:53.21,"와, 배 위에서 바로 잡아서 먹는 거야?"
00:21:53.23,00:21:53.75,"와, 배 위에서 먹는 방어회 정말 잘 먹겠네요."
00:21:53.77,00:21:53.87,맛있어요?
00:21:53.89,00:21:54.20,"소고기, 나는 고기 있잖아."
00:21:54.22,00:21:54.90,"일부러 이렇게 방어 먹으려고 방어 배 타는 거예요, 이 맛에."
00:21:54.92,00:21:55.22,그리느라 또 빠진 캐프테일.
00:21:57.63,00:22:26.35,그것도 존나게 맞는 말이에요 그린 사람 입장에선
00:22:28.41,00:22:56.29,우산을 씨발... ㅋㅋ
00:22:56.99,00:23:21.21,도라에몽 주머니야?
00:23:21.23,00:23:23.59,나오면 당연히 해보겠죠?
00:23:42.74,00:24:06.62,근데 큰 렛인 기준이 70만 렛 시절이라고 하던데 듣기로는 이게 던전 막 나오던 시절?
00:24:06.64,00:24:09.90,그럼 크로니컬 파밍 해야 돼?
00:24:09.92,00:24:11.14,그러고 싶진 않은데
00:24:37.43,00:24:55.49,아 요새 미스텍워시 얼마씩 하죠?
00:24:55.93,00:25:06.04,혹시 워시 경험 있으신 분?
00:25:06.76,00:25:15.69,근데 이런 걸 하면 진짜 미안하다고 생각할 수도 있는데 그거 더 복잡해진 거 말고는 나도 액션 편하게 갈 수 있어서 지금 입문하고 싶어
00:25:17.76,00:25:22.53,주간 작가한테 물어보는 게 빠를 듯?
00:25:22.55,00:25:46.89,당연하지 내가 애초에 진짜 작정하고 물어볼 생각이었으면 그렇게 했죠 지금은 아이스 브레이킹 드름바론 컷당 10000원?
00:25:47.67,00:25:50.13,"컷당 10,000원?"
00:25:50.15,00:26:10.89,"개소리도... 컷당 10,000원 주면 한 주에 보통 7,80코트 하는데 한 편에 7,80이라고?"
00:26:10.91,00:26:15.48,그... 완전 그 밑색의 그림자 보정까지 하면 은정이에요.
00:26:17.52,00:26:27.96,"아, 내가 죽였다."
00:26:27.98,00:26:28.30,이건 거짓말이지만 규제입니다.
00:26:28.32,00:26:28.42,죽였다고?
00:26:28.44,00:26:28.64,내가 죽지 않았다.
00:26:28.66,00:26:28.70,왜?
00:26:28.72,00:26:28.84,물어보세요!
00:26:28.86,00:26:33.51,"그냥, 그냥 순수 그... 원어시 체제라면 그 정도 급여는 납득이 되겠는데?"
00:26:33.53,00:26:39.60,윗색만이라면 말이 안되고.
00:26:39.62,00:26:39.78,"이리와, 리카."
00:26:39.80,00:26:39.88,전부다.
00:26:44.84,00:27:01.80,스토리 어시는 어떠냐고?
00:27:01.82,00:27:02.12,스토리 어시는 왜 필요한데?
00:27:02.14,00:27:14.15,원포맨 무라타 작가 어시가 월 500이라던데 근데 존나 박봉이라고 생각해요 무라타 어시 정도 돼야지 500을 받는다고?
00:27:35.78,00:28:00.37,아유 죄송합니다 아유 제가 오신 분들을 다 뵙지 못해가지고 아이고야 죄송합니다 이게 참
00:28:00.54,00:28:20.13,희나야 사고방식을 바꿔 보자 근데 저 오답이라고 적힌건 뭐야 스티머 맞추기야?
00:28:20.27,00:28:27.88,갸소리 하지 말라고요 그럼 나는 얼마나 열심히 해야 되는거야?
00:28:27.90,00:28:29.00,그런 말 할거면 나부터 더 열심히 해야지 근데 혹시 무슨 자신감으로 이거 시작한건지 물어봐도 될까?
00:28:29.02,00:28:29.18,진짜 모름 땀땀
00:28:30.14,00:28:41.90,풍령 다음으로 충격적인데 아 그래?
00:28:41.92,00:28:42.40,레바님 다음에 한번 합방하시죠.
00:28:42.42,00:28:59.04,이거 완전 언제 한번 밥 한번 먹자 수준의 약간 멘트인데요?
00:28:59.06,00:28:59.34,일참 와주셔서 감사합니다.
00:28:59.36,00:28:59.82,틀리면 미안해하지 말고 갸소리하지 마세요.
00:28:59.84,00:29:00.06,갸소리하지 말라고요.
00:29:00.67,00:29:07.02,그럼 나는 얼마나 열심히 해야 하는 거야?
00:29:14.78,00:29:15.93,그런 말 할 거면 나보다 더 열심히 해야지 그림 압수 무슨 자신감으로 이거 시작한 건지 물어봐도 될까?
00:29:15.95,00:29:16.13,진짜 모름 땀 땀
00:29:17.05,00:29:30.90,풍령 다음으로 충격적인데 어 그래?
00:29:30.92,00:29:38.47,레바님 다음에 한번 합방하시죠 진짜 근데 진짜 딱 밥 한번 먹자 그런 말투라서 오히려 웃긴데?
00:29:44.78,00:29:47.94,헐 맨티빅스 아니에요 이거?
00:29:47.96,00:29:48.00,맞네
00:30:19.67,00:30:40.53,어벤져 보니까 매트릭스 다시 보고싶네 애니매트릭스가 진짜 잘 뽑혔어 그 몰입감이 되게 좋은데 타스 레버님이 그리신 럭키님?
00:30:40.55,00:30:49.46,이게 뭐야 레버님이 나를 그려주셨네 어 뭐야 와 진짜 나를 그려주셨네 아니 이렇게 저렇게 비춰질거면 내가 채색까지 했어야 했는데 아래 그릇을 줬네
00:30:51.64,00:31:15.06,레바님이랑 옛날에 뭐였지?
00:31:15.08,00:31:15.52,마인크래프트... 악어의 놀이터 2였나?
00:31:15.54,00:31:15.80,그때 뵀었던 적이 있어.
00:31:15.82,00:31:16.42,레바님은 잘 모르시겠지만 저는 그때 기억을 해서 맞아.
00:31:16.44,00:31:16.90,그때 유콘이랑 이렇게 약간 연결시켜줬었던?
00:31:16.92,00:31:17.12,기억이 있긴 하네.
00:31:19.18,00:31:42.40,일단 럭키님을 끌어들이면 자연스럽게 오몽님도 끌어들일 수 있어요 레바님 오몽이 엄청 좋아하던데 오몽이 웃기고 귀엽다고 오몽이 좋아할 만 하긴 해 오몽이 좋아할 만 하긴 해
00:31:44.42,00:31:52.59,귀엽잖아 하느님 것도 진짜 급하구나 내가 급한 건 원고밖에 없어
00:31:55.61,00:32:00.17,1970년 뉴욕타임즈의 광고란에 한 줄의 짧은 글이 실렸습니다.
00:32:00.19,00:32:06.00,1955년식 메르세데스 300SL 걸이인 3만 마일 이하 루지일 장착 상태 우수.
00:32:06.04,00:32:09.00,"당시 2차의 가격은 고작 3,500달러였죠."
00:32:09.02,00:32:14.93,하지만 가장 최근의 경매에서 거래된 이 녀석의 최종 낙찰가는 150만 천 달러 약 22억이었다고 합니다.
00:32:14.91,00:32:44.82,단순한 자동차를 넘어 시대를 초월한 예술 작품으로 평가받는 메르세데스 벤츠의 선택이 있습니다 유명한 학술에 등장했을 때 이 차는 세상에서 가장 빠른 양산차였으며 상상할 수 있는 가장 숨막히는 스타일을 갖추고 있었다고 하는데요 이 녀석의 특징 중 하나인 걸윈도어 때문인지 프랑스인들은 이 차를 파피옹이라고 불렀다고 합니다 1950년대 초 독일은 제2차 세계대전의 페어에서 막 벗어나고 있었는데요 메르세데스 벤츠는 전쟁 이전의 명성을 되찾기 위해 특별한 것이 필요했고 그 해답을 레이싱 트랙에서 찾고자 했습니다
00:32:44.80,00:33:00.92,1952년 메르세데스는 W194 레이스카를 개발해 로마 24시간 레이스와 카네라 파나메리카나 같은 유명 레이스에서 우승을 거두며 세계를 놀라게 했습니다 이 성공을 바탕으로 300SL 프로젝트가 시작되었고 1954년 뉴욕 국제오토스에 출품하게 되었던 것이죠
00:33:00.90,00:33:24.94,300SL을 보면 가장 먼저 눈에 띄는 것은 바로 위로 열리는 거링 도어인데요 단순히 디자인적인 선택이었다고 생각할 수 있지만 사실은 엔지니어링의 필요성에서 비롯된 것이었습니다 경량화와 강성을 위해 튜브형 트랠리스 프레임을 사용했는데 이 구조는 차량 측면에 높은 문턱을 만들어 일반적인 도어를 사용하기 어려웠고 엔지니어들은 이 문제를 해결하기 위해 도어를 지붕까지 확장하고 명도 소리 좀 작게 해달라고?
00:33:25.66,00:33:29.62,이상 작게 하면 거의 안 들릴 텐데 2%로 줄여드렸습니다
00:33:30.11,00:33:49.94,뭐야 영역전개 모음집이야?
00:33:57.60,00:34:15.18,우리 국산차도 다른 나라에서는 외제차가... 이거 몇 번째 오는 거야?
00:34:15.20,00:34:15.66,"풍령 다음으로 충격적인데... 아, 그래?"
00:34:15.68,00:34:16.16,"레번... 레번님, 다음에 한번 합방하시죠."
00:34:29.22,00:34:45.64,맞다 나도 왕사남 봤어요 심야영화로 혼자 헐레벌떡 보고왔다 할게 없어갖고 뭔 내용이냐구요?
00:34:46.32,00:34:52.69,집에서 일단 넷플릭스로 관상 한편 본다음에 보러가면 더 재밌을듯?
00:34:52.71,00:34:53.91,시대상이 이어져서
00:35:04.96,00:35:06.06,진짜 개이경화냐고?
00:35:11.63,00:35:34.21,개.. 씨발 겠냐고 약간.. 스읍.. 내가 생각하건 한거와는 좀 다른 장르긴 했어 약간 웰컴 투 도막볼 감성이라고 생각하시면 돼요 암..
00:35:36.06,00:35:55.24,그러게 웰컴 투 송방골도 너무 옛날 영화네 이제 얘기하기에는 뭐야 종력전 애들이잖아
00:35:58.79,00:36:28.65,아 구독 고마워요
00:36:47.12,00:36:56.84,뭐지 노래 AI로 만든건가?
00:36:56.86,00:37:06.18,음식인가요?
00:37:06.20,00:37:06.60,볼 때리네
00:37:11.73,00:37:23.44,음...
00:37:27.00,00:37:56.50,애니에 나오지 않은 스페셜 스토리 전 호카게들은 예토 전생한 뒤 나루토가 있는 전장으로 향하는 이야기 그런데 해당 부분을 다룬 게임에서는 특별한 장면이 추가되었는데요 사스케와 동료들의 실력을 테스트하죠 약간 오리지널 에피소드네 주고의 도움으로 막아내고
00:38:00.51,00:38:24.63,초대의 목둔 그러자 스사노우의 힘으로 강제로 열기 초대 오카게에게 공격이 들어갑니다.
00:38:27.48,00:38:28.10,엘붕아님?
00:38:47.16,00:38:47.53,어쨌든 우리 안에 스파이가 있다.
00:38:47.55,00:38:47.82,분명히 스파이가 있습니다.
00:38:47.84,00:38:48.21,누군가 한 명은 급하겠구만 지금.
00:38:48.23,00:38:48.47,아주 안달이 났겠구만.
00:38:48.49,00:38:48.73,이 중에 두 명은 삼!
00:38:48.75,00:38:48.91,공체가 아니야.
00:38:48.93,00:38:48.97,어?
00:38:48.99,00:38:49.07,낙하산.
00:38:49.09,00:38:49.43,하나가 분명히 범인이었을 거야.
00:38:49.45,00:38:50.03,이 중에 공체인데도 불량에 불만이 많은 사람이 있죠.
00:38:51.80,00:39:11.22,채색보드를 만들어 놔야겠다
00:39:19.40,00:39:35.37,뭐야 라인이 약간 맥라렌인데?
00:39:35.39,00:39:35.47,아닌가?
00:39:35.96,00:39:41.13,이런 영상이 유료 광고 포함이야?
00:39:41.39,00:40:00.85,그러면 저 자동차를 협찬받은 건가?
00:40:00.87,00:40:02.24,정면 모습을 안 보여주네
00:40:05.02,00:40:18.72,맥라렌이 아닌가?
00:40:18.74,00:40:18.96,다른 하이퍼카인가?
00:40:18.98,00:40:20.10,왜케 옛날 차 같지?
00:40:20.12,00:40:30.10,라이트가?
00:40:30.12,00:40:30.20,스타잖아
00:40:43.53,00:41:07.78,앵글이 그 테사다르.. 어.. 꼴박신이네 맞네 음..
00:41:13.85,00:41:21.71,근데 그 신형 모델링이어도 옛날 감성 못 따라오네 다음 웹툰은 채색이냐고요?
00:41:21.81,00:41:25.94,이 정도면 풀채색이라고 부르기엔 애매해요 포인트 컬러
00:41:44.82,00:41:48.20,독자는 풀컬러 좋아해요?
00:41:48.22,00:42:13.07,글쎄요 전 제가 하고 싶은 대로 아니 솔직히 피부색 옷색만 칠해줘도 사람들은 풀컬러라고 생각해요 여러분 격기산만 보면서 이게 그게
00:42:14.04,00:42:28.94,그.. 컬러 만화라고 생각하지 않아요?
00:42:28.96,00:42:31.98,만화는 존나 오막하세요 돈내고 주는대로 먹어야함?
00:42:33.93,00:42:34.39,아니죠!
00:42:34.41,00:42:37.99,만화는 그 뭐냐 마트 cc코너 같은거라구요
00:42:39.32,00:42:48.78,작가가 추라이 추라이 이거 제발 한 입만 드셔보세요 하고 이렇게 흔들고 있으면 와서 한 입 먹고 맛있네 하고 이렇게 함택 사가는 그런 구조라고요
00:43:09.90,00:43:31.64,단편의 악마는 팝업스토어 같은 거냐고?
00:43:32.10,00:43:33.24,그렇게 생각할 수도 있죠?
00:43:48.69,00:44:01.71,나 시트콤 이거 오래 안 할 거 같은데?
00:44:01.73,00:44:12.85,"한 5, 60파 정도로 생각하고 있어요 근데 5, 60파면 기본 80파까지는 감 그러니까 보통 1.5배 해야 돼요 작가가 생각한 거만큼"
00:44:20.79,00:44:21.45,짧다고요?
00:44:22.19,00:44:36.16,핵차로만 그렇게 보면 그렇지만 1년이 52주인거 생각하면 거의 1년 반이라고 생각하면 되죠 평일에 일 안하고 왜 주말에 일하냐고?
00:44:39.57,00:44:39.77,평일에도 일했는데?
00:44:39.93,00:44:42.19,오늘 이번주 꼬박꼬박 밖에 나가서 일했어
00:44:48.74,00:45:15.35,레바님은 좋아하는 캐릭터가 있나요?
00:45:15.37,00:45:16.27,이 캐릭터는 정말 나의 이상형이다 아 저는 그 너에게 다키르리라는 만화 아시나요?
00:45:16.29,00:45:18.71,아 제 인생 만화죠 아 거기 나오는 사와코가 정말 제 취향이라서 아 사와코 그래서 저는 스스로 카제하야라고 생각하고 있습니다 카제하야 승권 근데 사람들이 잘 몰라서 그렇지 생각보다 약간 디테일한 면이 저랑 좀 닮았어요
00:45:18.82,00:45:19.15,왜?
00:45:19.57,00:45:33.51,틀린 말 안 하는데?
00:45:33.53,00:45:33.73,뭘 그렇게 웃기죠?
00:45:33.75,00:45:34.15,하재하야는 소년미가 있지 않나요?
00:45:34.17,00:45:34.99,저도 소년이던 시절이 있었어요.
00:45:35.01,00:45:35.31,레바님은 이제 중년이잖아요.
00:45:35.33,00:45:35.45,좋아요.
00:45:35.47,00:45:41.16,빨리 호추님한테 혼나라고.
00:45:41.18,00:45:41.56,어른을 공격하는 법을 배워야겠어요.
00:45:41.58,00:45:41.66,좋아요.
00:45:55.59,00:46:21.69,1800권 개쩐다 아 콜로도 콜로도 느낌 있는데
00:46:23.02,00:46:24.96,"흑백도, 흑백도로 맛이 있지 않나요?"
00:46:24.98,00:46:49.11,아 존나 고민이네 막상 칠하고 보니까
00:46:49.41,00:47:16.99,이 세계농가?
00:47:20.26,00:47:22.46,이 세계에는 원래 농업이 발달하지 않았나?
00:47:22.62,00:47:49.38,그런 설정인가?
00:47:49.40,00:47:49.80,이 세계에는 농업이 발달하지 않았나?
00:47:49.82,00:47:49.98,그런 설정인가?
00:47:52.93,00:48:21.60,요새 만화책으로 용사님 고문 시간입니다 보고 있는데 공주였나 용사였나
00:48:24.63,00:48:27.62,공주 맞아?
00:48:34.77,00:48:35.17,공주네.
00:48:35.23,00:48:37.39,일단 원작이 그림을 유독 잘 그리더라고?
00:48:53.53,00:48:54.03,운명 당신을 기다리는 훈련 버츠버들도 있어요.
00:48:57.95,00:49:19.13,아우터는 약간 푸른빛 돌면 자연스레 올려놔
00:49:29.91,00:49:36.88,시트콤 끝내고 하고싶은거 있어 짧게 한다길래 글쎄요 그건 그때 또 생각하지 않을까요?
00:49:36.90,00:49:48.76,아니면 갑자기 시트콤이 대박이 어마어마하게 터져서 연재처에서 제발 연장해달라고 하면 이 새끼들 이제 공부 안하고 슬슬 놀러다닐 때
00:50:00.30,00:50:23.99,대학평도 내라고?
00:50:24.01,00:50:27.13,글쎄 대학평까지 내고 싶진 않은데
00:50:32.45,00:50:54.89,"감귤 형, 들어봐."
00:50:54.91,00:50:55.27,레바 형이 요즘 결혼하고 싶나봐.
00:50:55.29,00:50:55.69,어떤 더튜버 분이랑 개인적으로 연락?
00:50:55.71,00:50:56.03,더튜버랑 결혼을 어떻게 해요?
00:50:56.05,00:50:56.29,미친 소리 하고 있네.
00:50:56.31,00:50:56.61,정신 나간 소리 하고 있어.
00:50:56.63,00:50:57.03,"그러게, 감귤 못 본 지도 꽤 됐다."
00:50:57.05,00:50:57.21,많이 안 됐네?
00:50:57.23,00:50:57.99,결혼은 못하고 연애한다는 DM 보내는 상상은 해방될지도 모르는 흑흑.
00:50:58.01,00:50:58.27,"헐, DM 먼저 보내고?"
00:50:58.29,00:50:58.35,아니?
00:50:58.62,00:51:06.19,미친 거야 살아 있냐고 이상해 살아있지 손절 한거 아니야?
00:51:07.12,00:51:20.78,무슨 질로 손절하는데 예전에는 흠 난 별로던데 아 근데 샤이 딜리는 봐요 이거 하더니 이제 1년에 조금씩 스펙트럼이 넓어져가네 몇 개 추천해줄까?
00:51:20.80,00:51:21.20,난 내가 판단해 귀여운 애들 있다니까
00:51:25.03,00:51:52.94,그런 취미로 나 너 갖지 말자 쿠쿠다스 처리하느라 진짜 개고생했는데 그래도 가자고 고민은 안해도 되겠다
00:51:55.22,00:52:19.78,"나 볼 때 이 최근에 살 7, 8kg 찐 것 중에 2kg는 쿠쿠다스다."
00:52:19.80,00:52:19.84,예?
00:52:19.86,00:52:20.04,몇 박스 먹었어?
00:52:20.06,00:52:20.48,나 지금 한 박스 드디어 끝나가는 중.
00:52:20.51,00:52:20.82,세 박스 너무 많이 먹었는데?
00:52:20.84,00:52:21.35,혹시 파프를 안 먹고 쿠쿠다스 마음 드셨나요?
00:52:21.37,00:52:21.83,세 박스는... 발 박스는 또 미친놈이고.
00:52:21.85,00:52:22.15,발을 한 박스 어떻게 먹어?
00:52:22.17,00:52:22.47,공간이 안 좋을 것 같던데.
00:52:22.49,00:52:22.63,조심해주세요.
00:52:28.16,00:52:58.17,아 눈에 확 띄는 건 채색이 확실히 눈에 확 띄긴 하는데 백감성 버리기 존나 아깝네
00:52:58.15,00:53:21.16,뭔 소리야 이 새끼 캐릭터 디자인 했을 때 향꽃 리뷰로도 안 나왔다 뭐.
00:53:21.18,00:53:21.28,이보세요.
00:53:21.30,00:53:21.90,그렇지만 당신은 대한민국에서 가장 유명한 거니까 알아.
00:53:21.92,00:53:22.04,넌 유리야.
00:53:22.06,00:53:22.18,영몰이잖아.
00:53:25.97,00:53:44.43,그랬구나.
00:53:44.45,00:53:44.71,"그래, 계속 꿈을 꿔줘."
00:53:44.73,00:53:44.81,그랬다.
00:53:44.83,00:53:45.09,모든 것이 꿈만 같았다.
00:53:45.11,00:53:45.37,시명이 있어서 즐거웠다.
00:53:45.39,00:53:45.75,이곳으로 야인 설명 이야기는 끝.
00:53:48.06,00:54:13.29,방금 불꽃 소방대 전권 다 보고 왔는데 재밌었어요 저야말로 이렇게 불러주셔서 감사합니다 선생님 이렇게 상담을 드리게 된 것은 혹시라도 제가 이런 영상을 업로드하는 게 공무원의 품위 유지 의무 위반으로 인해 징계 사유가 되지 않을까 하는 걱정이 돼서입니다 확실히 사람으로서 품위를 비롯한 여러 가지를 내려놓으셨다는 느낌을 받고 있기는 하네요 공익을 위해 그렇게 자신을 내려놓으신 점 개인적으로 정말 존경합니다
00:54:13.27,00:54:31.88,감사합니다.
00:54:31.90,00:54:32.04,빡 변호사님.
00:54:32.06,00:54:32.24,그래서 어떤가요?
00:54:32.26,00:54:32.64,소피키는 품위유지 의무 위반일까요?
00:54:32.66,00:54:35.82,실제로 국가공무원법은 공무원의 품위유지 의무 위반을 징계사유로 규정하고 있긴 합니다만 한례는 품위유지 의무에 관해서 그냥 추상적인 품위를 지켜야 할 의무라고 보고 있지는 않고 본인과 공직사회에 대한 국민의 신뢰를 실추시킬 우려가 있는 행위를 하지 않아야 할 의무라고 해석하고 있네요.
00:54:35.80,00:55:02.15,결론적으로 소방관님께서 유튜브 채널을 운영하시면서 다소 해악적이거나 우스꽝스러운 림을 차용하여 영상을 제작하고 업로드하였다 하더라도 이 영상에 소방에 관한 공익적 메시지를 많이 포함하고 있고 시청자들도 소방관님의 직무에 관한 신뢰를 잃기보다는 공익을 위해 노력하는 소방관 크리에이터의 모습에 더욱 주목하고 있다는 점을 고려하면 소방관님의 영상 제작 및 업로드가 호미유지 위반으로서 징계 사유에 해당할 가능성은 낮다고 판단됩니다.
00:55:02.13,00:55:24.48,그러면 저는 속삐키를 계속 해도 되는 거죠?
00:55:24.50,00:55:27.14,아 네 뭐 그렇죠 좋아요 좋아요 소방이 좋아요 속삐키 내리지 마세요 속삐키 영상 올려도 포미오 지휘반이 아니란 말이에요 공익을 위한 소방관님의 희생을 잊지 않겠습니다 여러분도 오늘은 소화기와 감지기를 한 번씩 점검해 보시는 건 어떨까요?
00:55:42.42,00:55:45.46,4월 1일에 지게차 시험 원서 내려고 증명사 등지
00:56:25.96,00:56:52.86,아 반가워요 이야 우와 호쇼 마린이다 잠깐만 이분의 오드아이가 이정도 차이밖에 안났어?
00:56:52.88,00:56:53.00,차이 있잖아
00:56:55.86,00:57:11.27,저 때 비하면 확실히 지금 살이 찐 것 같기도 하죠?
00:57:11.29,00:57:17.12,확산이 좀 사라졌는데 지금?
00:57:17.14,00:57:20.30,저 때랑 지금이랑 7... 8kg 차이 날걸?
00:57:22.98,00:57:51.01,헤드 워이 아 아 아 아 아 아 아 아 아 아 아 아 아 아 아 아 아 아 아 아 아 아 아 아 아 아 아 아 아 아 아 아 아 아 아 아 아 아 아 아 아 아 아 아 아 아 아 아 아 아 아 아 아 아 아 아 아 아 아 아 아 아 아 아 아 아 아 아 아 아 아 아 아 아 아 아 아 아 아 아 아 아 아 아 아 아 아 아 아 아 아 아 아 아 아 아 아 아 아 아 아 아 아 아 아 아 아 아 아 아 아 아 아 아 아 아 아 아 아 아 아 아 아 아 아 아 아 아 아 아 아 아 아 아 아 아 아 아 아 아 아 아 아 아 아 아 아 아 아 아 아 아 아 아 아 아 아 아 아 아 아 아 아 아 아 아 아 아 아 아 아 아 아 아 아 아 아 아 아 아 아 아 아 아 아 아 아 아 아 아 아 아 아 아 아 아 아 아 아 아 아 아 아 아 아 아 아 아 아 아 아 아 아 아 아 아 아 아
00:58:00.02,00:58:16.66,뭐야 이제 총이 아니야?
00:58:16.94,00:58:17.56,뭐가 왔다 갔다 하는 거야?
00:58:23.88,00:58:40.13,잠깐 뭐 그런 얘기가 나왔네요.
00:58:40.15,00:58:41.96,"글씨를 오타쿠, 우리가 아는 애니메이션 매니아지 그런 게 아니라 지금 오타쿠라고 먼저 생각나는 미소녀를 주축을 하는 흔히 말하는 씹덕이라 부르는 왕자같은 친구들."
00:58:41.98,00:58:42.66,이런 친구들의 문화를 만드는 데 시작을 하였던 선두자가 있죠.
00:58:42.68,00:58:44.32,나는요 90년대에서 이제 05년대 딱 기점으로 나온 그 타이밍에 지금의 아키야바라라는 문화 자체를 만든 대표적인 타이틀 3개가 있다고 생각하거든요.
00:58:44.30,00:58:58.32,이 세 개를 빼놓고는 이 미소녀 유행인 뺴글라 따위 이야기하는 게 불가능한 생각이에요.
00:58:58.34,00:58:59.05,그 세 가지 중에 하나 메이드 카페에 대해서 얘기해볼까 합니다.
00:58:59.07,00:58:59.37,아키하바라의 특징이 뭡니까?
00:58:59.39,00:58:59.75,한마디로 씹덕들 모이는 곳이잖아.
00:58:59.77,00:58:59.97,좀 이상하지 않아?
00:58:59.99,00:59:00.27,씹덕들이 모이는 곳이라니?
00:59:00.29,00:59:00.85,씹덕은 집에 박혀서 미소녀 게임 즐기는 사람이잖아.
00:59:00.87,00:59:01.17,모이는 일이 애초에 없다고.
00:59:01.19,00:59:01.37,원래 그랬어요.
00:59:01.39,00:59:01.45,그치?
00:59:01.43,00:59:20.06,그때는 약간
00:59:20.04,00:59:43.43,락스 할 때마다 계속 그렸을 텐데 그게 벌써 그렇게 됐잖아?
00:59:43.45,00:59:44.45,스토리는 이미 다 짰냐고요?
00:59:44.96,00:59:49.56,콘티를 짜고 있죠 요새?
00:59:50.96,01:00:05.00,내가 지금 이 얘기 하려고 한 거야 피아키로시라는 게임이 있습니다 옛날에 칵테일 소프트가 전세를 만들었던 게임이죠 시즈도 10개 발매됐고 90년대 미에이시지의 알뜰 상징적인 타이틀이에요 게임 스토리를 간단하게 한 달 동안 피아키로시로 많은... 근데 2020년도부터 그렸으면 많이 차이 나겠는데?
01:00:05.12,01:00:09.81,그림 실력이?
01:00:18.41,01:00:39.37,헤스티아는 2020년도가 아니야 훨씬 더 예전이지 얘네들 언제 첫 캐디 했는지 한번 찾아볼까요?
01:00:39.39,01:00:41.42,20년도라고 이게?
01:00:41.44,01:00:48.20,그렇게 오래됐을 리는 없을 것 같은데
01:00:48.32,01:01:01.21,아니야 20년도는 아니야 적어도 21 22년도
01:01:05.11,01:01:15.48,알바라면서 메이트리스라든지 점원이라든지 점장이라든지 그런 사람들과 다 친해지고 연애도 하고 선게임이니까 당연히 X도 하고 그런 게임이요.
01:01:15.51,01:01:16.31,심플하고 발랄한 구조에다가 당시 미현식의 정성을 다는 정계.
01:01:16.41,01:01:25.34,이게 22년도인데?
01:01:25.32,01:01:41.84,피아키로시랑 함께하는 해킹 시스템인데 내가 앞으로 일하게 될 각의 웨이트리스들이 입고 있는 유니폼 의상을 선택이 가능합니다.
01:01:41.86,01:01:42.96,3개의 유니폼을 고를 수 있고 원하는 의상을 고르면 등장하는 히로이들이 전부 다 이걸 입고 나와요.
01:01:42.98,01:01:43.36,당시에 신선하고 좋은 시스템이었죠.
01:01:43.38,01:01:44.10,"보이시다시피 정통 웨이트리스 의상, 스쿨룩, 교복 같은 느낌이죠."
01:01:44.12,01:01:44.58,당연히 이겨진 게 많을 거라 생각했거든요.
01:01:44.60,01:01:45.21,근데 중간에 메이드 룩이라는 뜬금없는 게 나왔어요.
01:01:45.19,01:02:03.50,완전 처음 그린 건 21년도쯤이 되지 않을까
01:02:03.48,01:02:30.26,그런 생각이 드네요 저거 보니까 진짜 그때는 완전 휘갈겨서 약간
01:02:31.09,01:02:36.42,아이디어만 내본 것 같은데?
01:02:40.06,01:03:02.98,맞네 그때 시차기작 언젠가 그릴 만화 구상하면서
01:03:02.96,01:03:24.46,이런거 맞아 그랬었지 와 초창기 아이영이다 맞아 초기에 이게 거의 첫 그림이었을거야 내 기억에
01:03:31.01,01:03:52.09,여기에 내가 키 적어놨을 거고 저때도 파마 한 상태네?
01:03:56.98,01:04:08.10,난 근데 사람들이 이렇게 발작하는 거 보는 게 좋지 내가 맨날 당해오다가 뭔가 가해자가 된 느낌이라서 묘하게 기분이 나쁘지 않아요
01:04:08.45,01:04:33.36,이 모든 건 레바가 범인아웃을 했기에 벌어진 일이다.
01:04:33.38,01:04:33.66,근데 과도기라고 생각해요.
01:04:33.68,01:04:34.34,언젠가 내가 볼 땐 지금 말하는 게 오히려 나았을 수 있어.
01:04:34.36,01:04:36.06,나중에 돌이킬 수 없는 수준까지 갔을 때 막 내가 먼저 밥 먹고 막 집에 굿즈 막 보게 돼 있는 거 갑자기 문 두들겨서 보여주면서 언제 내가 한다 했어?
01:04:36.08,01:04:36.46,이러면 그게 더 충격일 거 아니야.
01:04:36.48,01:04:37.04,아니 근데 이 상황 자체가 솔직히 재미 포인트예요.
01:04:37.41,01:05:04.73,아 이거 그렸던 시절에 가띠아는 지금봐도 잘 그렸네요
01:05:07.42,01:05:37.39,원시 아이옹이는 가슴이 있었구나 시간이 지나면 당연히 그림이 달라지죠 이 시기에 그렸던 그림으로는 이런 게 있어요 잘 그렸다
01:05:52.81,01:06:21.96,온시아형이 하나 더 있네 왜 이렇게 잼민이가 있냐고?
01:06:21.98,01:06:22.24,그런 캐릭이니까
01:06:23.34,01:06:42.32,헐 원신 막 처음 나왔을때다
01:07:02.18,01:07:14.65,뭐야 쟨 누구야 다리보니 애새낀데?
01:07:14.67,01:07:18.38,뭐야 아비네?
01:07:18.70,01:07:19.90,하도 그려봐서 이제 외웠어
01:07:28.52,01:07:56.35,아니 다리만 보고 알아채면 그것도 이상하잖아요 얼굴을 봐야지 알아채지 거의 반년 만에 돌아와 봤는데 역시 그 맛 그대로군요 와 와 왔구마 오 씨발 왔구마 와 우와 씨발 오 어머나 씨발
01:08:03.08,01:08:17.68,여러분이랑 같이 설정 짠 것도 있네요 아빠가 미국감 이거 유지되고 있고 아빠가 치킨집 사장으로 했었어?
01:08:17.82,01:08:18.06,그랬나?
01:08:30.33,01:08:31.55,우리가 무슨 기분으로 레바님 그림 잘 그리셨네요 라고 했는지 공감해주라고 크크크 부수하고 좋은데 왜 그러세요?
01:08:31.57,01:08:31.69,난 이 그림
01:08:33.49,01:09:02.74,아니 이목구비가 박살이 났잖아 그래도 이 당시 존나 최선이었네 아이 귀여워라 씨발 천만한 새끼 야 이때 이거 연재했으면 훗날 누구누구 후회했어
01:09:06.72,01:09:22.49,최근 거랑 비교샷?
01:09:22.51,01:09:24.04,이게 20년도고
01:09:54.73,01:09:57.77,도대체 언제 왔냐고요?
01:09:57.79,01:10:21.14,요새 1화 콘티 짜고 있어요 그나마 짜고 있으니까 이제 언급을 할 수 있네요 그러니까 이게 제가 제일 가장 고민하는 건 묘사의 수위에요 그러니까 아예 급식들끼리 행위를 하는 걸 묘사하는 게 아니라 그냥 언어적이랑 최대한
01:10:21.66,01:10:35.99,그런 자유도가 있으면 좋겠는데 19공은 하기 싫어 그쵸?
01:10:36.01,01:10:36.09,음...
01:10:46.76,01:10:47.64,생구멍 수위?
01:10:48.20,01:11:08.75,아니 생구멍 수위는 존나 높은거고 그건 일본에서도 간당간당한 수위라니까요?
01:11:27.54,01:11:29.44,선생님 캐리도 내가 짰었는데?
01:11:30.23,01:11:53.82,내 기억엔?
01:11:53.85,01:11:54.65,형님 계속 종이 책상에 놓고 그리다가 넥타는 값도가 있어서 너무 어색한데
01:11:56.28,01:12:20.90,적응되는 건 뭐 한순간입니다.
01:12:26.18,01:12:51.16,이건 아니야 내 기억엔 24년 6월 15일 방송된 그림걸로 알아요 어?
01:12:51.52,01:12:52.04,씨발 뭐 AI야?
01:12:52.14,01:12:53.62,어떻게 아는거야 대체
01:12:57.40,01:13:16.44,스파키나 한 두개 그리냐 그림?
01:13:25.57,01:13:25.65,스파키나
01:13:29.72,01:13:34.39,뭐야 이것도 공식인가?
01:13:34.42,01:13:36.82,맞네 1정도 퀄은 공식밖에 없지
01:13:45.93,01:14:07.69,항상 말 바꾸듯이 어디 버츄버니야?
01:14:14.40,01:14:39.70,무조건 2025년 6월 17일 18시 37분에 그린 게 뭔지도 기억 안나 충격이네 일단은 이목구비가 좀 더 크네 지금 커브가 그 속도로는 멀리 못동한다 걔나가 그 길은 더 멀고 험하잖아
01:14:41.18,01:14:44.25,혜미는 이때 처음 캐릭터 디자인 했죠?
01:15:08.82,01:15:08.94,내 기억에?
01:15:08.96,01:15:09.84,저 사관들 기록 다가오면 그림 패드 작업이나 정리 작업 돌릴 수 있지 않을까요?
01:15:16.76,01:15:46.46,좀 어른스러워졌네 얘는 이제는 전동헌이의 화려한 인생권이다 혜니가 성경책으로 애들 내려 씻고 다닌다는 설정이 기억이 나 혜니 성계는 부처님 모신 날에 절간이며 연등 받게 해보시고 갱기는 미친년으로 만들려고 했었는데
01:15:47.40,01:15:50.40,이거 유효한데요?
01:15:50.67,01:16:13.64,왜 마음대로 없앰?
01:16:15.77,01:16:29.88,약간의 스포를 하자면 얘는 영어를 잘해요 영어만 잘해 그래서 주인공 3인방이 얘한테 영어 배우는데 영어 가르쳐 주는 대신에 같이 교회 같이 가달라 해서 그런 내용이 있습니다
01:16:46.06,01:16:53.02,원하면 라틴어?
01:16:53.44,01:17:10.70,라틴어가 그래도 연결시킬 수 있을 것 같은데?
01:17:10.72,01:17:14.56,얘는 웨이브머리가 생각보다 적었네 이때는?
01:17:22.27,01:17:45.77,연재하면 플랫폼 어디서 하니나요?
01:17:45.79,01:17:45.99,근데 흥이 있었나?
01:17:46.01,01:17:46.67,의원과 짝사랑하는 남자의 키 200cm의 배교인 거 여자네?
01:17:46.69,01:17:46.85,그건 없어진듯?
01:17:46.87,01:17:47.31,게임할 때 닉네임은 교회는 영어로인가요?
01:17:47.33,01:17:47.41,오케이.
01:17:47.43,01:17:47.67,오늘도 교회 믿을게요.
01:17:50.69,01:18:19.01,얘들은 댄스부 설정으로 캐리 만들었었지 야 그래도 쌓아놓은 게 있어서 구상하기 좋다 야
01:18:20.02,01:18:41.71,딱 이때가 차기작 뭐하지 하면서 고민하면서 계속 그렸을 때라서 그니까 원래 그 던숙사가 끝나고 외전하기 전에 이거 한참 기는 시간에 그렸을 거야 내 기억 속에는
01:18:43.19,01:18:54.68,죽었어요.
01:18:54.94,01:18:56.02,부토는 저랑 모르는 애예요.
01:18:56.08,01:19:09.44,마음이 좀 놓였습니다.
01:19:09.46,01:19:10.24,왜냐하면 부토님께서는 약간 이때랑도 지금이랑도 그림 차이 많이 나네요.
01:19:10.26,01:19:10.98,갑자기 가면 안 될 것 같은 싸는 악만 가슴에 비수가 날아갔고죠.
01:19:11.00,01:19:11.22,하지만 걱정하지 마.
01:19:11.35,01:19:22.36,자세 잘 그렸다.
01:19:22.54,01:19:24.54,제목이 2단계 로맨스 기각입니다.
01:19:24.56,01:19:27.05,새로 정해베요.
01:19:27.06,01:19:39.96,내가 볼 때 로맨스 요소가 생각보다 적어서...
01:19:40.92,01:19:43.18,학교에도 구멍은 있다?
01:19:43.54,01:20:06.64,야 이 개자식아 난 이런 식으로 그림 공부하면 결국 실전에서 기억이 안 나더라 그냥 계속 그리는 게 나아
01:20:14.51,01:20:44.32,맞아 그냥 계속 그려서 뭐 쓸 메모리를 하는 거지 이거는 소잭
01:20:44.62,01:21:00.85,스토리지 이거 뭐 뭐 다 쓸 거다 그게 아니라 있을 법한 사건사고인데?
01:21:00.86,01:21:11.62,뭐래 시X 누가 제목 추천해달랬어?
01:21:19.68,01:21:42.19,하복 디자인이 이런 거였지 맞아 평범하다고?
01:21:42.21,01:21:47.82,"평범한 게 최고야 이걸 몇십, 몇백 컷을 그려야 되는데 복잡하게 그릴 이유가 뭐가 있어"
01:21:50.43,01:22:16.98,제목 추천 학교 속 사전 어떠십니까?
01:22:17.00,01:22:17.16,문자 하실래요?
01:22:17.18,01:22:17.38,제가 문자 할까요?
01:22:17.40,01:22:17.50,여보세요?
01:22:17.52,01:22:17.80,로봇 없어진다는데 어쩌죠?
01:22:17.82,01:22:17.96,그거 알빵가?
01:22:17.98,01:22:19.22,헐... 지금 거부가 그 속도로 멀리 못 떠나가 게다가 그 길은 더 멀고 험한 나라 상주가 아물고 단하면 떠나가
01:22:24.22,01:22:53.43,아니요 얘들이 다니는 학교는 사립이라서 나름 정해진 교복이 있는 그런 설정으로 프리랜도 이제 슬슬 이번 기술 끝나가지 않나?
01:22:54.71,01:23:16.90,"아이, 끝났어 이런 관상 선생님 어떤?"
01:23:17.38,01:23:18.62,너무 애새끼스러운가?
01:23:21.93,01:23:37.85,원래 센세는 롤이가 공룰임?
01:23:37.87,01:23:38.25,이지랄.
01:23:38.27,01:23:44.34,내가 그 얘기 했으면 너무 뻔한 맛이다.
01:23:44.36,01:23:44.44,질린다.
01:23:45.22,01:23:46.05,이지랄 했을 거면서.
01:23:52.07,01:24:20.93,으 으
01:24:22.91,01:24:29.04,누누이 이야기하지만 우리가 지랄하는 거로 상처받지는 마라.
01:24:29.06,01:24:30.38,우리는 해야 해서 하는 거이기 때문에.
01:24:30.42,01:24:33.16,뭔 저게 존나 나쁜 아빠 마인드냐.
01:24:33.52,01:24:37.73,존나 패지만 이 아빠를 미워하지는 마렴 하면서.
01:24:49.98,01:24:50.34,지랄하네.
01:24:50.76,01:24:50.88,뭐야?
01:24:50.90,01:24:51.10,최신 전투기인가요?
01:24:52.02,01:24:52.28,저거 화장실 안 열게요.
01:24:54.57,01:25:22.81,이런 우리만도 모르고 너무해 너무해
01:26:08.00,01:26:31.07,얘는 너무 선생으로 쓰기엔 너무 갸루 관상이지 않나요?
01:26:44.04,01:26:46.99,간호 선생님 관상이라고?
01:26:47.27,01:26:56.58,진짜 여러분도 익숙함만 좋아하는구나 진하다 진해
01:27:19.83,01:27:48.81,헐 연애혁명 축전이다 연애혁명 끝난지 이제 3년 됐네요 이거 23년도에 그린거네
01:27:57.43,01:27:59.87,이것도 3년 전 그림이에요 여러분 놀랍지 않나요?
01:28:17.35,01:28:18.31,로봇이야 쟤는?
01:28:35.52,01:29:01.20,뭐야 스타 레일이야 저거 또?
01:29:02.96,01:29:28.32,아 좀 더 다양한 애들 캐디 했던 거 기록이 있었던 것 같은데?
01:29:30.56,01:29:54.65,수영복 안에서 나왔을 때 그린 그림이네 약간 데뷔 효과 알아보려고 딱 봐도 그렸는데
01:30:01.38,01:30:14.64,맞아 처음에는 막 수영부 이지랄 하면서 애들도 그렸었던 것 같은데 운동부 이런 캐릭터 하나 좀 있어야 돼 기억해 둬야겠다
01:30:27.38,01:30:28.70,에이스인데 왜 이렇게 생겼냐고?
01:30:29.56,01:30:53.34,겉모습으로 판단하지 마세요 그 비수기라서 그럼 이제 본격적으로 뛸 때만 이제 와꾸가 완전히 바뀌는 거지 아!
01:30:53.36,01:30:53.42,찾았다
01:30:57.23,01:31:21.60,옛날에 그거 생각나네 극지구에서 파우 후 선생님 생각하면서 그렸던 거 비즈먼트 헤이머즈의 여주인공 황주연은 어린 시절 어머니를 일찍 여의였는데 이때 아버지가 옆에서 이럴 운명이었어 라고 내뱉은 말에 트라우마가 남게 돼 이후 부녀 관계가 소원해져 애정결핍에 시달린 황주연 파트너인 네오먼을 아버지로 생각하면서 의지한 근데 그런 네오먼이 눈앞에서 베르제 부모에게 도넛이 되어버렸고 죽어가며 이것이 나의 운명인 것 같다
01:31:22.11,01:31:49.11,"어린 시절 트라우마가 다시 되살아나며 멘탈이... 그리고 애가 이때부터 점차 눈이 죽어서... 디지털 월드에서 복귀하기... 염주는 지금도 쓸 예정이고... 이후 진 최종 보스인 테니커에게 잠식당한 상태로 동료들 납때나... 근데 의문점은... 절벽 깊은 땅 속 아래 잠들어졌던 대로... 황두현을 언제 납치... 황두현이 사라지기... 슬픔, 지울 수 없는 생각, 불필요, 불필요한 것 사라져야 할 것... 이라는 말을 한 것으로 유추했고..."
01:31:53.26,01:31:58.46,존나 내 만화에 안 나올 것 같이 생겼네 얘는?
01:32:19.19,01:32:21.72,오타쿠에게 불친절한 갸루처럼 생겼다고?
01:32:21.86,01:32:48.58,아 그거 요새 그 지났어요 이제 갸루가 오히려 오타쿠들하고 말 섞고 싶어서 오타쿠 공부하는 그런 그걸 또 꼬아서 또 약간 그런거 유행이더라고 노력형 갸루
01:32:50.28,01:32:55.69,헐 이것도 비슷한 시계 그린거였네?
01:32:55.71,01:33:07.26,이건 진짜 오래 써먹었다 요즘 대세는 큰 태양이 토파쿠한테 친절한건데
01:33:24.43,01:33:30.24,좀 더 1대1 비율로 나란히 여러 명 캐디해놓은 거 있을 텐데?
01:33:30.26,01:33:30.64,내 기억엔 분명히 있어.
01:33:30.66,01:33:44.92,요즘은 소비자는 그냥 입 벌려서 떠먹여줘라는 마인드네?
01:33:44.94,01:33:46.00,근데 운석구한테 친절한 성장하면 또 연재 미루고 미루다 다시 불친절해지는 게 유행될 거 아니야.
01:33:53.75,01:33:57.83,23년이 아닌가 24년쯤 가야 되나
01:34:27.14,01:34:37.16,와 이것도 2년 전 그림이라고?
01:34:37.18,01:34:38.89,알려줘서 고마워요
01:34:50.26,01:35:16.08,아니 뭐 작년 24년도에는 24년도부터 버티버를 본격적으로 끓이기 시작했네 음
01:35:22.56,01:35:29.77,진짜 순식간에 갔다니까.
01:35:29.78,01:35:29.89,개새끼야.
01:35:29.90,01:35:30.02,씨발새끼야.
01:35:30.05,01:35:50.82,"우와, 최소 6년 전 이승권."
01:35:50.85,01:35:51.21,내 생각엔 좀 자극적인 것 같군.
01:35:51.23,01:35:51.49,이거 근육질 잉잉이에요.
01:35:51.51,01:35:51.59,잉잉이.
01:35:55.50,01:36:17.81,안다다씨 안다다씨 안다다씨 안다다씨 안다다씨 안다다씨 안다다씨 안다다씨 안다다씨 안다다씨 안다다씨 안다다씨 안다다씨 안다다씨 안다다씨 안다다씨 안다다씨 안다다씨 안다다씨 안다다씨 안다다씨 안다다씨 안다다씨 안다다씨 안다다씨 안다다씨 안다다씨 안다다씨 안다다씨 안다다씨 안다다씨 안다다씨 안다다씨 안다다씨 안다다씨 안다다씨 안다다씨 안다다씨 안다다씨 안다다씨 안다다씨 안다다씨 안다다씨 안다다씨 안다다씨 안다다씨 안다다씨 안다다씨 안다다씨 안다다씨 안다다씨 안다다씨 안다다씨 안다다씨 안다다씨 안다다씨
01:36:19.06,01:36:44.35,아쉽습니다 25년도는 덤펌 하나밖에 테디에 안 짰네 안녕
01:36:48.06,01:37:16.35,논파
01:37:22.22,01:37:41.75,분명 모아서 그렸었는데 헐 8년 전 이승권이다 8년 넘었나?
01:37:41.77,01:37:51.16,9년 가까이 됐나요?
01:37:51.92,01:38:04.96,류이 작가 멤버 그냥 그대로인거 보소.
01:38:04.97,01:38:20.46,류이 작가 멤버 그냥 그대로인거 보소.
01:38:20.47,01:38:20.90,류이 작가 멤버 그냥 그대로인거 보소.
01:38:33.04,01:38:58.29,아 얘도 아닌데 이거 러프하게 그냥 그린 것 같은데 뭐야 왜 새벽 3시 송인 줄 알았는데 아니네
01:38:58.69,01:39:23.96,평범하게 노래 부르니까 되게 다른 사람처럼 보이네요
01:39:33.03,01:39:59.38,이거는 강초 그림 같은데?
01:40:01.69,01:40:19.59,아니네?
01:40:19.61,01:40:19.77,내 그림이었네?
01:40:19.79,01:40:22.81,지지직 팔로우 목록 보여주면 안되냐고?
01:40:22.83,01:40:22.87,왜?
01:40:22.89,01:40:30.90,그런 프라이퍼치한 그런 영역을 왜 물어보는 거죠?
01:40:31.89,01:40:42.25,가질 수 없음을 알게 되던 날 두드러기처럼 도둑이 음술이 끝내 그 이름 더럽히고만 너무 과민반응이라고?
01:40:42.89,01:41:01.51,아니 이 정도 반응할 수는 있잖아 우리는 우리는 없어서 무슨 이득이 있는데 하루하루가
01:41:02.34,01:41:25.07,그럼 이것만 알려줘 버티버 몇 명 팔려고 했어?
01:41:25.09,01:41:26.89,그걸 몇 명인지 세어놨을 리가 없잖아 그래야지 해당 스트리머 문희영과 레바님이 나를 합방해야겠다 할 테니까 와 고대 나희다다 날 보면 어떤 날이 이를까 하루하루가
01:41:27.31,01:41:47.13,분명히 이 시기에 그렸는데 왜 안 보이지?
01:41:47.14,01:41:48.93,내가 저장을 안 했나?
01:41:48.95,01:41:51.83,그 정도로 많이 그려놓고 저장을 안 했을 리가 없는데?
01:41:53.35,01:42:12.67,매번 와주셔서 고맙습니다.
01:42:29.48,01:42:49.45,이건 약간 최초의 표지 느낌으로 그린 거네요 준비만 5년 준비 웹툰이라고?
01:42:49.47,01:42:55.42,아니요 준비는 안 했어 캐릭터 디자인만 심심할 때마다 해서 그렇지
01:42:56.75,01:43:03.76,약간 그 스웨인 궁 같은 거라고 생각하시면 돼요 그냥 스택 채워서 이제 슬슬 궁 쓸까?
01:43:03.78,01:43:24.16,라고 생각하는 그 타이밍이?
01:43:24.18,01:43:24.68,권사님 할 수 있어 권사님이 더 쉬울 수 있지
01:43:33.64,01:43:57.29,관상 존나 많이 변했네 아니야 이런 장르일수록 늦게 연주할수록 좋아요 왜냐 그림이 다듬어지거든 10년 넘기자고?
01:43:58.67,01:43:59.19,그러면 진짜
01:44:20.70,01:44:47.22,와 존나 존나 존나 약간 수비관상인데 약간
01:44:48.26,01:45:11.97,늘 말하지만 뒤가 강한 사람이 어딨어요.
01:45:18.67,01:45:39.63,봉숭사 선화는 왜 따로 저장돼있지?
01:45:39.64,01:45:40.51,튕겼었나?
01:45:58.76,01:46:22.82,뭔 노래야 저게?
01:46:22.88,01:46:23.00,미친거에요?
01:46:39.82,01:46:45.59,"헐, 19년도 용독이다."
01:46:59.13,01:46:59.61,하하하하하하 이 새끼 와크 존나 웃기네.
01:46:59.81,01:47:06.06,이때 그린 건 다 얼굴에 프라이팬으로 한 대 맞았다고.
01:47:06.08,01:47:06.10,흠
01:47:13.37,01:47:34.78,그때도 이런 건 존나 잘 그렸어.
01:47:34.80,01:47:40.07,이거랑 방금 용독이랑 같은 시기에 그려진 거 아시나요?
01:47:47.49,01:48:03.28,헐 이거 한글날 때 이렇게 그렸지?
01:48:16.08,01:48:16.18,샤팅 다운
01:48:31.87,01:48:54.33,"와, 트위치 시절이네?"
01:48:55.66,01:48:57.76,단참 화구야 방영될 때면
01:48:59.64,01:49:12.78,이게 히트네.
01:49:12.80,01:49:25.52,웃긴 점은 꼴에 열심히 그렸다는 흔적이 보인다는 거임.
01:49:29.46,01:49:55.35,아 아 아 아 아
01:50:09.98,01:50:28.44,이런 느낌을 좋아한다고?
01:50:30.32,01:50:30.93,배성육자인가 봐
01:50:35.38,01:51:04.89,저때 몸무게랑 지금 몸무게랑 비슷할텐데 그때 빌라 살 때라서 빌라 살 때 나 식욕 폭발해서 되게 살 엄청 쪘었거든
01:51:08.79,01:51:11.12,젠장.
01:51:11.14,01:51:11.22,마커스.
01:51:26.22,01:51:56.23,뭐야 이게
01:51:56.21,01:52:10.72,뭔데 저게
01:52:13.46,01:52:38.89,왜 저런걸 또 찾아서 가져와 놓고
01:52:41.20,01:53:07.58,캐리 짠 거 없어진 거 같네?
01:53:07.74,01:53:08.44,이 정도 찾았는데 없으면
01:53:18.96,01:53:43.49,내가 찾는 그림 카페에 올라가 있다고?
01:53:44.59,01:53:48.62,오 맞아 이 그림 파일 어디 갔지?
01:53:57.30,01:54:17.47,누린 꼬라지가 그렇게 오래 안 됐는데 있을 것 같아
01:54:25.06,01:54:47.55,찾았다!
01:54:47.57,01:54:49.65,거추만 가려져서 안보였구나
01:55:04.18,01:55:09.51,여기 뭔가 더 있었나본데 설정이?
01:55:09.53,01:55:09.81,아닌가?
01:55:09.83,01:55:29.01,그림 삭제됐나?
01:55:29.03,01:55:30.27,이 설정은 삭제하는걸로
01:55:32.60,01:55:57.06,아르바이트 에이스 관상인데 이거?
01:55:57.54,01:55:58.17,얘도 캐릭터 괜찮다
01:55:59.02,01:56:16.60,아 얘 원래 교정기 있는 캐릭터다 내가?
01:56:16.63,01:56:25.76,그랬을 것 같아 왠지
01:56:28.59,01:56:51.68,교정이 뼈도 나름 매력적이긴 한데 혜미는 점점 어른스러워지네 그릴 때마다
01:56:59.39,01:57:01.63,안 돼!
01:57:01.65,01:57:01.83,이런 새끼들!
01:57:02.25,01:57:10.05,못 보겠다.
01:57:24.21,01:57:48.16,이거 모양만 고치면 좀 쓸만할 것 같은데 캐릭터 모양이
01:57:53.99,01:58:18.06,스키친구
01:58:26.86,01:58:52.37,이 새끼도 끄고 아 자극되는거 옛날 그림이 확실히 그림 그리는 욕구를 자극시키는 그게 있어 이거 좀 켜놔야겠다 음 오케이 홍대 애니메이트에 있으면 한두명씩은 지나갈 것 같은 느낌으로 다다
01:59:05.31,01:59:29.41,이 두 명도 꽤 괜찮은데 약간 큰언니 느낌으로 약간 그린 것 같은데 학부모여도 괜찮을 듯 뭐냐라고 했었나 내가?
01:59:29.43,01:59:31.37,왼쪽이 엄마 아니냐고?
01:59:31.39,01:59:31.43,이마
01:59:38.72,01:59:46.65,애니메이트에 다른 만화가들 사인 다 했는데 왜 에바 사인은 없냐고?
01:59:46.67,01:59:50.93,갈 때마다 단투가 지랄한... 단투랑 애니메이트 갈 때마다... 형!
01:59:50.95,01:59:52.76,여기서 형 사인도 걸어달라고 해!
01:59:53.22,02:00:04.61,이 지랄하면서 씨발... 저 만화 대체 언제 나오는 거야?
02:00:04.63,02:00:05.35,저거 5년 전에도 이야기했던 만화 같은데... 난 용독 겐적으로는
02:00:09.65,02:00:34.46,뭐임?
02:00:34.66,02:00:35.08,이것도 AI에요?
02:00:44.46,02:01:02.75,이걸로 블루 아까 2기 만들면 되겠는데?
02:01:03.21,02:01:04.65,얼마나 길게 만든거야
02:01:18.89,02:01:42.55,근데 만화 ㅈㄴ 재밌어 보임 ㅅㅂ 어?
02:01:42.91,02:01:44.03,얘도 마음에 드는데?
02:01:49.11,02:01:56.04,하늘이 혼이라는 설정이었다고?
02:01:56.74,02:02:11.44,그랬던 것 같기도 하고 여러분 기억력이 좋군요 맞아 그래서 WWW라고 써놨구나
02:02:15.10,02:02:32.52,좀 많이 올랐겠다 아닌가?
02:02:32.50,02:02:57.39,그럼 그냥 잃었던 말입니까?
02:02:57.41,02:02:57.55,이 큰 돈을?
02:02:57.57,02:02:58.45,여러분들의 의견에 상관없이 저는 이거를 기부가 맞다 라고 정리하도록 하겠습니다.
02:02:58.47,02:02:58.89,제가 기부를 했다는 것은 무슨 뜻이죠?
02:02:58.91,02:02:59.45,누군가는 수혜를 받았다 라고 볼 수가 있겠습니다.
02:02:59.47,02:02:59.97,수익을 내신 분들 정말 축하드리고 부럽습니다.
02:02:59.99,02:03:01.27,기부 수혜자 분들께서는 금액이 충분하시다면 새로운 차량을 한 대 또 뽑으시고 차량용 도화기 꼭 비치하시기 바랍니다.
02:03:01.29,02:03:02.03,저의 이름이 소라잖아 하늘 이름 어디여도 소라가 잘 어울린다고 소라
02:03:05.66,02:03:14.71,성을 뭘로 할까요?
02:03:14.73,02:03:18.74,임소라로 할까?
02:03:18.76,02:03:32.02,임씨 어때?
02:03:32.40,02:03:56.42,김소라?
02:03:56.44,02:03:58.38,김소라다 오시라 오소라?
02:03:58.96,02:04:00.30,약간 중의적이긴 하네요
02:04:04.65,02:04:26.96,뭐야 상희양 뭐 집어넣었어?
02:04:28.72,02:04:57.29,짱구 눈물 날 때의?
02:04:57.99,02:05:23.65,목상에서 익숙한 노래를 연주하는 나막새와
02:05:26.80,02:05:50.61,잘 부른다
02:05:54.31,02:06:13.68,그리고 또 한 명의 피해자가 발생하고 그렇게 3인공을 꽂아놓습니다 하지만
02:06:21.93,02:06:34.65,이미 다 예상하고 올라왔네.
02:06:34.67,02:06:35.03,형제님의 죄입니다.
02:06:35.73,02:06:45.26,죄명은 배덕감이라고 하시는데요.
02:06:45.28,02:06:45.62,전 20대 초반의 피했나입니다.
02:06:45.64,02:06:45.82,아니 저 구도는?
02:06:45.84,02:06:46.46,집 앞 편의점에서 야간 알바생으로 일을 하고 있었습니다.
02:06:46.48,02:06:47.25,저희 매장은 2시부터는 사람이 거의 없어서 그때부터 물류 정리를 하고
02:06:47.22,02:07:10.33,랩아 표절해 아니 이 ㅅㅂ 내가 표절한 거야?
02:07:10.35,02:07:13.01,저에게 4시간 동안 아무도 방해하지 않는 완전한 자유가 생겼고 처음에는 그냥 휴대폰이라 하려고 했지만 인기척 하나 느껴지지 않는 새벽의 적막함이 제가 무슨 미친 짓을 하더라도 상관없을 것 같은 느낌을 주었습니다 저는 매장 정문을 잠궈버리고
02:07:13.42,02:07:36.93,아니야 저렇게 대놓고 멍석 가면 또 은근히 사리는 사람 많이 나와 응?
02:07:37.88,02:08:02.88,뭐 조작권 타령이야
02:08:06.71,02:08:23.46,저기?
02:08:23.48,02:08:23.77,혹시 경계하는 건 아니지?
02:08:23.78,02:08:23.93,안 잡아먹어.
02:08:23.94,02:08:24.35,우린 분명히 인간에게 우호적이라니까?
02:08:24.36,02:08:24.73,그렇게 다르진 않다고 생각하는데.
02:08:24.75,02:08:25.65,그런데 고해성사 합방하는 순간.
02:08:25.67,02:08:26.19,"자, 봐봐."
02:08:26.21,02:08:26.33,어때?
02:08:26.53,02:08:27.19,고해성사는 합방할 수 있는 요소가 없는데.
02:08:27.51,02:08:33.73,어차피 사연을 읽는 거라서.
02:08:33.76,02:08:33.97,푹신푹신하긴 하지만.
02:08:34.00,02:08:34.40,실눈키가 눈 떴는데 왜 사륜 하나니?
02:08:34.42,02:08:34.76,조금 더 자세히 보여줘야 할까?
02:08:35.19,02:08:37.96,눈 모양을 좀 더 바꿀까?
02:08:38.12,02:08:59.88,눈 뜨니까 너무 인상이 다르죠?
02:09:05.72,02:09:34.43,자 스폰지밥은 쭈이송과 70%는 다 인기 요인이라고 생각해요
02:09:39.64,02:10:04.78,눈 모양을 좀 바꿀까 좀 더?
02:10:05.16,02:10:05.46,눈을 좀 더 투명한 눈으로?
02:10:08.31,02:10:34.79,이러면 좀 더 미카 관상 되는데 근데 쳐진 눈이 잘 어울리는 듯 얘는
02:10:35.10,02:11:04.11,너가 이겼어?
02:11:04.13,02:11:04.27,안녕하십니까?
02:11:09.21,02:11:11.79,몇 컵이냐고요?
02:11:11.81,02:11:27.86,글쎄요 가슴살기는 정해놓고 그리는 타입은 아닙니다 얘도 다른 각도의 얼굴 한번 그려볼까
02:11:37.17,02:11:48.09,와 저때 한 89키로 돼 보이는데 몸무게?
02:11:48.11,02:12:03.67,얼굴이 내가 얼굴이 그나마 살이 잘 안 찌는 부위인데 저 정도로 얼굴이 쪘다는 건 저때 한 88키로 한 언저리로 보입니다 지금 제가 87키로에요
02:12:05.35,02:12:31.44,하나는 소금 하나는 황금 그리고 하나는 너와 함께하는 지금 자기야 멘트 아주 좋았어 나도 자기와의 시간이 아주 소중해 구독 고마워 자기야 일로 와요
02:12:31.81,02:12:55.93,오늘따라 왜 자꾸 어금니를 부수고 한숨을 쉬어?
02:12:55.95,02:12:56.15,하던대로 하면 돼.
02:12:56.17,02:12:56.47,빨리 좀 더 춤을 춰보라고.
02:12:56.49,02:12:56.57,자기야.
02:12:56.59,02:12:56.75,이거라도 하고.
02:12:56.77,02:12:57.03,"안타깝네요, 이승권 씨."
02:12:57.05,02:12:57.13,아지야.
02:12:57.15,02:12:57.23,아지야.
02:12:57.25,02:12:57.67,186에 87kg 돼지면 시입한 것만.
02:12:57.69,02:12:58.07,갑자기 뒤통수에서 스팀 못 나오네.
02:13:06.91,02:13:31.21,이야 진짜 세월 잘 간다 저거 보니까요 저 때가 그립다고?
02:13:31.23,02:13:32.35,난 그립지 않아 그립진 않아요
02:13:34.05,02:13:56.75,저때로 돌아가면 저때만큼 열심히 살 자신이 없어 난 그래도 나름 존나 빡대게 살았어가지고 나 다시 똑같이 살려고 하면 못 살 것 같아
02:14:04.25,02:14:31.98,지금 기억 그대로 가지고 간다는 전제로?
02:14:32.00,02:14:33.20,"저 때는 돈만 던져주면 그냥 모두가 해, 한 시절이었는데 이게 안 그립다고 하긴 나 같아도 그럴 것 같긴 해"
02:14:33.77,02:15:02.90,저 때 그렇게 술 자주 먹진 않았는데?
02:15:02.92,02:15:03.51,평소와 다른 펜을 쓰시는 것 같은데도 그림이 이뻐요.
02:15:04.55,02:15:29.02,아 일반 G펜 쓰고 있습니다 평소랑 펜은 똑같아요 뭐야 등갈비인가 삼겹살 이였네
02:16:01.94,02:16:13.28,이 새끼 이름을 뭘로 하지?
02:16:13.30,02:16:30.58,이름은 내가 안 정했었나 그때?
02:16:30.74,02:16:30.80,한솔?
02:16:32.10,02:16:53.43,폴이라는 이름이 나름 어울리기도 한데 유빈이 어떠냐고?
02:16:53.85,02:16:56.37,유빈은 약간 좀 차분해 보이지 않아요?
02:16:56.39,02:16:59.10,얘는 좀 기본적으로 활발해 보이는데
02:17:00.99,02:17:12.68,지연?
02:17:12.70,02:17:13.38,김정자?
02:17:14.87,02:17:15.37,다해?
02:17:15.38,02:17:15.47,최빛나?
02:17:17.75,02:17:18.17,빛나?
02:17:19.07,02:17:19.77,은근히 어울리는데?
02:17:20.11,02:17:24.70,빛나라는 이름이 되게 만화틱하다 빛나라는 이름 자체가
02:17:31.46,02:17:54.31,비트를 꼬라 박아주지 간다 간다 붉은 해성이 간다 받아보라고 으샤 샤 나 어제 솔로몬 가서 내 건담 타고 간 단수기 했단 말야 근데 완전히 네 타입인 거야
02:17:56.25,02:18:16.86,최예린 여기다 최씨 좀 잘 어울리는 듯 최씨로 하죠 최 최하늘 최희랑 최주연 최예슬 최가람
02:18:20.25,02:18:20.47,최은재?
02:18:22.03,02:18:22.11,최은재?
02:18:23.27,02:18:23.33,은재?
02:18:23.35,02:18:38.50,은재는 약간 남자 이름 같은데 최은하?
02:18:38.52,02:18:38.64,은하?
02:18:38.78,02:18:39.30,은하도 괜찮다
02:18:46.61,02:18:54.86,최성윤은 씨발 박쥐 이름이잖아 개자식아 최순실 레츠고스?
02:18:54.87,02:18:58.02,야 이 자식아 지금 농구 장난하는 거 같애?
02:19:06.45,02:19:07.09,최강록?
02:19:10.21,02:19:13.05,네따 지르지 말라고 그래 씨발 우리 방은 이래야 한다고
02:19:19.60,02:19:23.42,최설비 은비도 괜찮지 않아요?
02:19:24.12,02:19:24.54,최은비?
02:19:32.09,02:19:41.08,09년도 업데이트로 알아보는 던파클래식 예상 이제 진짜 오피셜이 된 던파클래식 출시하는 게 밝혀지면서 가장 논란이 됐다.
02:19:41.10,02:19:42.10,안 어울린다고?
02:19:42.12,02:19:42.32,괜찮은 거 있는데?
02:19:42.44,02:19:42.84,아닌가?
02:19:43.28,02:19:46.28,그거 안 어울린다고 얘기 들으니까 또 안 어울려 보이네.
02:19:58.18,02:20:00.22,여건허의 각성 패치 전장의 여신을 시작으로 마도학자 각성기 추가 세력전 및 길드 컨텐츠 무한의 재단과 마을 침공 이벤트 2009년 8월 신진업 도적주가 이후 2009년 후반기가 되었고
02:20:00.20,02:20:01.60,최아루?
02:20:03.50,02:20:03.58,최애이?
02:20:03.60,02:20:03.94,최토르?
02:20:03.96,02:20:05.69,최씨 말고 다른걸로 하다고?
02:20:05.71,02:20:16.29,그럼 강씨도 괜찮은데?
02:20:16.30,02:20:16.93,강소연?
02:20:17.25,02:20:18.63,강소연도 괜찮다
02:20:22.61,02:20:45.68,옆에를 봐야겠는데 저거?
02:20:52.39,02:21:05.69,최시리?
02:21:09.99,02:21:10.07,강지우?
02:21:10.09,02:21:10.75,강시리?
02:21:13.14,02:21:13.78,강윤희?
02:21:19.02,02:21:19.16,윤희?
02:21:20.02,02:21:21.32,강한이?
02:21:21.35,02:21:21.43,강조영?
02:21:21.93,02:21:22.37,강시로 이름 짓기 존나 어렵네
02:21:24.79,02:21:45.83,재미없게 하지 말라고!
02:21:45.85,02:21:46.01,너무 빠르잖아!
02:21:46.03,02:21:46.29,멈추라고!
02:21:46.31,02:21:47.33,나 아무것도 못하고 있는 거 안 말리는 거!
02:21:52.74,02:21:52.98,재미없게 살지 말라고!
02:21:53.00,02:21:53.06,신씨?
02:21:53.08,02:21:53.12,신?
02:21:53.14,02:21:53.38,뭐 신은 느낌 없는데?
02:21:53.40,02:21:54.16,잘하는 사람들이랑 이렇게 마찬 뜯어보니까 완전 손잔준인 것 같거든요?
02:21:55.19,02:22:06.84,신중형?
02:22:07.76,02:22:08.14,최수아?
02:22:08.16,02:22:21.68,수아라는 이름 자체도 이쁘긴 한데 수아?
02:22:21.88,02:22:21.96,백수아?
02:22:22.04,02:22:22.10,오케이
02:22:22.66,02:22:34.83,아 근데 백씨가 이미 있어서 안돼 주인공 3인방 중에 하나가 백씨라서 백씨가 2명인건 채수아?
02:22:35.59,02:22:44.12,채수아도 괜찮다 채씨
02:22:47.82,02:23:10.63,와 테트리스 하는 사람들 중에 고인물 개많을 것 같은데?
02:23:10.65,02:23:10.91,체스가 괜찮은 것 같아요
02:23:12.08,02:23:31.98,오늘 하고... 오늘 하고 텍토리스 저그릇들 아니 뭐 아 이러고 있어 한 번도 이기지 못했는데 뭔 재미로 해 이게 진짜 집단지성이지 크크절에 별 괴산망측한 이름도 튀어나오는데 평범하게 이쁜 이름도 많이 나오네?
02:23:33.14,02:23:57.11,얘는 존나 아이폰에 에어팟에 그 애플 헤드셋 존나 비싼 거 쓸 거 같은데 아이폰 액정 깨져있을 거 현상이라고?
02:23:57.13,02:23:57.21,정확해요
02:24:00.72,02:24:01.28,유나라?
02:24:01.42,02:24:01.92,최예나?
02:24:02.06,02:24:04.29,최예나는 가수 아니여?
02:24:05.07,02:24:14.70,아이돌 아니여?
02:24:14.72,02:24:15.06,유채영?
02:24:15.85,02:24:19.71,유씨도 괜찮은거 같은데?
02:24:19.73,02:24:19.77,유?
02:24:31.67,02:24:46.37,별로인가?
02:24:46.43,02:24:54.90,좀 제발 그걸로 해주세요?
02:24:54.92,02:24:55.08,그 정도야?
02:24:55.10,02:24:57.39,근데 유정란이라는 이름 자체가
02:25:00.20,02:25:15.78,일단 외우기 쉬움 이쁜 이름보다는 만화에서 가장 최고의 이름은 외우기 쉬운 이름이거든 음
02:25:28.96,02:25:42.78,좋아요 형이라고 오케이 유정란 확정 그래서 자기 이름 존나 컴플렉스인 그런 피곤한 눈으로 그려야겠다
02:25:50.69,02:26:03.17,네!
02:26:19.60,02:26:32.02,얘 왜 맨 왼쪽에는 좀 쓰임새가 별로 떠오르지 않는데?
02:26:32.04,02:26:36.75,메네라는 이름 뭐냐고?
02:26:36.77,02:26:36.99,아 이게?
02:26:37.01,02:26:42.60,얘는 닉네임을 써야지 뭔 이름이야 잠깐 뭐 약간
02:26:50.46,02:27:11.88,아 잠깐만요!
02:27:11.90,02:27:12.01,뭐하세요?
02:27:12.45,02:27:12.55,뭐하세요?
02:27:12.57,02:27:12.87,뭐하세요?
02:27:12.89,02:27:13.13,잠시만요!
02:27:13.15,02:27:13.31,잠시만요!
02:27:13.33,02:27:13.39,펀덕?
02:27:13.41,02:27:13.87,요즘 애들 양갈래 안 한다고?
02:27:14.25,02:27:17.31,내 알바야?
02:27:17.33,02:27:17.43,잠시만요!
02:27:17.45,02:27:17.55,뭐하세요?
02:27:18.31,02:27:35.52,아이돌 연습생 캐릭터다 아 이 X발 깜짝이야 댄스부 헤드는 있어요
02:27:35.91,02:27:50.76,아 샌더밤이라는 거야?
02:27:50.78,02:27:50.94,샌더밤이 뭔데?
02:27:50.96,02:27:51.41,그냥 말 그대로 그냥 모래 벌레 아니야?
02:27:51.43,02:27:51.59,벌레란 뜻이야?
02:27:51.61,02:27:51.89,벌레는 버그 아니야 버그?
02:27:51.91,02:27:51.95,어?
02:27:51.97,02:27:52.03,일찍?
02:27:52.05,02:27:52.35,비싸다 경험 경험 경험 어?
02:27:52.37,02:27:52.45,중요하다
02:27:53.12,02:28:06.79,어?
02:28:07.03,02:28:07.45,익스플로러 어?
02:28:08.86,02:28:17.69,이 윈도우 인터넷 창구 탐구하다 디스크라이브 구독 취소하다 유사하다 좋은 취미 전시하다 일부러 이러는 거지 얘 이름도 추천받은 얘 얘는 왠지 정씨가 잘 어울릴 것 같지 않나요?
02:28:17.70,02:28:17.85,서베이 서베이
02:28:22.75,02:28:26.30,정자?
02:28:28.54,02:28:43.78,그럼 이 음이 콤플렉스인 애들이 많아지는데?
02:28:43.79,02:28:43.87,정유라?
02:28:44.84,02:28:45.00,유라?
02:28:45.38,02:28:46.54,유라라는 이름도 괜찮은데?
02:28:49.54,02:28:49.62,정유라?
02:28:56.12,02:29:09.19,안 돼?
02:29:09.21,02:29:10.52,뭐가... 재수질이 따른다고?
02:29:10.54,02:29:13.28,야 이 개자식아!
02:29:13.30,02:29:16.86,그럼 내가 그런 것까지 알아야 돼?
02:29:16.88,02:29:22.29,존나 어이없네!
02:29:24.33,02:29:47.82,아 그래서 이름 뭔가 떠오를 것 같은데
02:29:50.38,02:30:14.43,아 고마워요 얘 피부색 왜 이러냐고?
02:30:19.85,02:30:19.95,운동부거든
02:30:23.73,02:30:26.11,서유미?
02:30:26.13,02:30:26.19,유미?
02:30:38.09,02:30:38.55,윤서?
02:30:39.07,02:30:39.68,정자세?
02:30:46.57,02:30:46.79,아니 뭔 지달 대현?
02:30:47.43,02:30:49.55,대현이라는 이름도 되게 특이해서 괜찮은데?
02:30:55.51,02:31:05.87,정세린?
02:31:06.02,02:31:09.99,세린이라는 이름도 되게 은근히 특이해서 괜찮은데?
02:31:18.05,02:31:43.00,아라이 정신아 혜빈이 지혜 수기 정자극 정수정
02:31:46.32,02:32:13.30,조나 일단 성씨만 정해둘까?
02:32:13.32,02:32:13.64,일단 정씨 괜찮은 거 같은데.
02:32:13.72,02:32:13.76,어?
02:32:16.35,02:32:17.57,강동원이었어?
02:32:43.01,02:32:44.55,지 얼굴 또 못 알아보네.
02:32:48.77,02:33:00.15,재미나이
02:33:01.87,02:33:11.84,정씨 여자의 이름 추천해줘 정하윤?
02:33:19.87,02:33:24.60,존나 뻔한데 윤서도 괜찮...
02:33:26.49,02:33:51.89,휴일 오후 심숙인 씨가 아들과 점심을 준비한다 메뉴는 짜장라면 짜장라면에 곁들일 고기도 구매했다 그리고 집 앞 분식집에서 사다 놓은 꼬마 김밥도 꺼냈다 오늘 끓인 짜장라면 두 개는 모두 숙인 씨 것이다
02:33:54.40,02:34:18.97,수긴씨는 먹는 양이 많다 밥을 먹을 때도 밥공기 한가득 그 이상 먹어야 양이 찬다 야구선수인 아들 서관씨는 오늘 라면의 유혹을 뿌리치고 단백질 위주의 식단으로 먹는다
02:34:21.21,02:34:32.42,몇번 씹지도 않았는데 계속해서... 와 개맛있겠다 씹 아무튼 정아현?
02:34:32.44,02:34:32.74,아현도 괜찮다 아현이?
02:34:32.90,02:34:49.60,괜찮다 듣고있어?
02:34:49.62,02:34:49.70,씹씹내!
02:34:51.13,02:35:20.41,그날은 봄빛이 허공에 머물던 날이라 구름조차 남은 그림자에 기대있었고 광안루 정원 한쪽 그네 하나
02:35:21.22,02:35:22.46,오케이.
02:35:23.26,02:35:36.51,얘는 이미 연애 중인 얘로.
02:35:36.53,02:35:37.03,연애 중.
02:35:37.05,02:35:38.39,맨날 글레인 이 ㅈㄹ하네.
02:35:38.75,02:35:39.89,너무한 거 아니에요 진짜?
02:35:40.42,02:35:44.00,아무리 캐릭터가 인격차가 아니 없더라도
02:35:46.26,02:36:07.19,사랑 사랑 사랑 사랑이야 사랑 사랑 사랑 내 사랑이야
02:36:11.81,02:36:29.03,"알았어, 그러면 여기에 플라토닉을 추가하자."
02:36:29.05,02:36:29.17,오케이.
02:36:29.69,02:36:29.81,더 싫다고?
02:36:30.23,02:36:30.27,왜?
02:36:30.81,02:36:41.45,시원한 걸 어쩌라는 거야?
02:36:41.46,02:36:41.67,화장실 다녀옵시오.
02:36:42.81,02:37:01.16,차라리 보겨라 돔나토닉 어따쏘 시발 크크크
02:37:06.33,02:37:24.65,저 저탱이의 클라토닉 러브 시발 남친 좀 욕먹을 만으로 기기를 잃고 그냥 존나게 한다보니 흐흐흐 클라토닉 연예진인 체리 직업형 참을 수 없거든요 우효
02:37:32.29,02:38:02.29,나는 죽어 구름이 되어 그대가 아는 길을 덮어주고 피 한 방울 내리지 않게 포근포근 그댈 감싸거든 그댈 몰라도 늘 곁에 머물겠어 나는 죽어 나비가 되어 주사 몰고 온 때의 꽃이 된 너의 꽃잎을 감싸고 노을노을 춤을 추거든 그대는 제발 나인 줄 알아주어
02:38:02.27,02:38:24.79,아이 참 음
02:38:29.17,02:38:56.17,보통 플라토닉이 널 유추는 애들 보면 제 남친한테만 플라토닉하지 않은?
02:38:56.19,02:38:56.91,어... 그러면... 준비한 특식은 꽁치회 이런 설정이면 어때요?
02:38:56.93,02:38:57.85,당연하지만 꽁치는 선도가 빨리 떨어지기 때문에 꽁치회는 배위가 아니면 맛보기 힘들다
02:38:58.40,02:39:04.23,좀 쓰레기 같은 남친 좀 어울릴 것 같지 않음?
02:39:16.19,02:39:17.15,싱싱한 회를 각종 채소와 함께 넣고 초고추장에 쓱쓱 비비면 매콤한 꽁치 무리가 완성된다
02:39:18.84,02:39:45.47,바쁜 밭사람들이 먹던 이 간편 선상식이 왜 자꾸 대도 안는걸로 빛을 그냥 존나게 한다고 덥고 지칠 때 입맛을 덧어 주는 데는 이만한 게 없다 이틀만에 처음으로 제대로 된 식사를 하는 상황이다 꽁치 떼와 기나긴 실험 끝에 몸을 흡수할 수 없다고 할까 오케이 남친 이름 이승권 닥쳐 내가 아는 지뢰에서 살아남고 잡아놓고 해가 묵는 게 해가 진짜 해
02:39:46.28,02:40:10.31,이 바다의 맛을 느끼기 위해 2년 전 꽁치어선에 오른 김흥근씨 남친 따로 있고 서부 따로 있게 생겼다고 하면 안되겠죠?
02:40:10.33,02:40:10.63,남편 얼굴이나 한번 그려볼까
02:40:15.54,02:40:30.98,절망스러워?
02:40:31.01,02:40:31.83,하지만 이게 인형의 운명이야 운명을 바꿀 시간이 됐어 주먹을 맞대는 거야?
02:40:31.85,02:40:32.13,우리끼리 약속을 하는 거지
02:41:16.03,02:41:41.53,아 아 아 아
02:41:46.47,02:42:00.83,인간이랑 직접 교류하는 건 이번이 처음인가?
02:42:00.85,02:42:05.27,앞으로 잘 부탁해 헌터헌터 이름이 닮았다고?
02:42:05.29,02:42:08.62,전혀 아닌 것 같은데 아직 머리카락을 안 그려서 그렇게 느껴지는 거 아니야?
02:42:14.52,02:42:15.28,냉동고에 1시간 반 둔 맥주가 마시면서 오늘 레바 방송 이게 섹스지?
02:42:17.47,02:42:43.50,머리 스타일은 어떻게 할까... 최대한 범생이 같은 남캐 하나 만들고 싶은데
02:42:58.46,02:43:09.66,"예, 이름 극태양 오로하죠."
02:43:09.68,02:43:09.84,인메이컷이라고?
02:43:09.86,02:43:10.69,"그렇게 보니, 그렇게 말하니까 그렇게도 보이네?"
02:44:05.07,02:44:05.83,힘들었지.
02:44:49.45,02:45:11.68,그래도 이정도 어깨너비 내가 존나 타협해서 적당하게 그린건데
02:45:24.80,02:45:51.41,이런 캐릭터 벗으면 여자애... 뭐래 ㅅㅂ 아니 짐승네 팬이라 그런가?
02:45:51.51,02:45:52.81,싸우는 것도 짐승처럼 싸우네 이거?
02:45:52.87,02:45:53.71,딱 봐도 집가서 여자애들 상대로 변태 팬아트 그리게 생기긴 했어 아니 뭐지?
02:45:53.73,02:45:54.68,아니 좀... 얘 남친 그리고 있는 거 아니야 그냥 남캐 하나 그리고 있는 거야
02:45:58.08,02:46:25.86,1집 남키한테 안경 벗은 게 더 멋지단 소리 들을 관상이네 멋지다 아님 이쁘다임
02:46:31.34,02:46:35.07,이렇게 묘하게 남캐가 되게 예쁘장하게 그려졌는데 기분 탓인가?
02:46:36.07,02:46:52.09,속눈썹도 안 그렸는데 얼굴이 크다기보다는 몸을 좀 작게 그려서 그래요 목을 좀 더 길게 뽑아야 되는데
02:47:05.99,02:47:07.35,음침한 남자는 없냐고?
02:47:07.49,02:47:24.97,예전에 그 돼지랑 멸치 그렸었잖아 그 정도는 그냥 캐릭터 디자인을 따로 안 해도 즉발적으로 그릴 수 있기 때문에 그런 캐릭터 옆에는 이렇게 그리면 돼
02:47:48.98,02:48:12.22,나름 그래도 머리 자른다고 2블럭으로 자른다
02:48:44.12,02:49:07.66,역겨울 정도야?
02:49:09.90,02:49:39.64,주말마다 봉사활동 단위 이러니까 좀 멋있어 보이지 않나요 은근히?
02:49:42.03,02:49:52.88,왜 착하냐고?
02:49:52.98,02:50:11.75,그러면 씨발 뭐 대놓고 음침하게 해줘?
02:50:14.40,02:50:15.40,박가을이라고?
02:50:15.68,02:50:37.03,아 시발 그러게 루즈나적 사고 나오네 여기서 시발 남자 초롱이래 시발 근데 여기서 머리만 길게 하면 초롱이 될 것 같은데
02:50:51.08,02:51:01.70,선장까지 왁구가 아니라 가슴츠기 링크를 매기는 게 더 음침하게 나오지 않을까?
02:51:01.72,02:51:02.24,1인당 2개씩 라면 14개를 그립니다.
02:51:02.26,02:51:10.03,"아니요, 난 이런 애가 나오더라도 막 누가 누굴 괴롭히거나 그런 건 안 그릴 거야."
02:51:10.05,02:51:16.82,얘도 그냥 한 명의 반 친구로서.
02:51:16.84,02:51:17.06,드디어 완성됐습니다.
02:51:23.03,02:51:39.87,헐 라면 개 맛있겠다 판타지 만화구나 ㅇㅇ?
02:51:39.93,02:51:45.71,그럼 이런 애들이 나와서 연애 안 하겠다고 3년 동안 염병 떠는 애인데 어?
02:51:45.77,02:51:51.48,판타지지 현실적이야?
02:51:51.85,02:52:02.64,뭐라고요?
02:52:03.03,02:52:05.37,얘를 좋아하는 애가 이중에 하나 있으면 좋겠다고?
02:52:17.49,02:52:18.13,어울리는 애가 누가 있지?
02:52:20.72,02:52:24.01,그런 클래셔 나쁘지 않다고?
02:52:24.03,02:52:24.33,씨발 얘 어때요?
02:52:24.79,02:52:38.29,"얘랑 좀 은근히 어울려 뻔해 이 지랄하고 있네 씨발, 뒤져 그냥"
02:52:49.90,02:52:52.70,제일 키 작은 애?
02:52:52.98,02:53:10.56,얘는 남자한테 관심이 없어요 얘는 예수님한테 관심 있는 애라고 자 영도는 이제 끄고 좀 더 캐디에 집중해 봅시다 예수도 남자라고?
02:53:11.10,02:53:15.57,아니 그걸 이성에 관심 없다 이거지 신앙에만 관심 있는
02:53:20.64,02:53:41.10,저 잘생긴 남자에여 배두니까 후비와 푼 표지 구도로 쓰면 좋아보이는데 와씨 마음에 들었다가 예수님 이러니까 팍싱매
02:53:45.25,02:54:05.79,맨헤라년이 옥상에 앉아있는데 저 돼지가 곁에 와서 자살하면 안된다는 ㅇㅈㅇ 해서 관심을 가지게 되는 거인 ㅇㅇ 야 돼지 너도 봉사 같은 걸 하냐 크 웃겨 알고보니 오른쪽 여자애의 쌍둥이 오빠야
02:54:10.19,02:54:36.16,근데 아까 설정 나쁘지 않아?
02:54:36.18,02:54:37.70,주말마다 봉사활동 가는 설정이면 충분히 현실에도 있을 법하고 그런 성실성을 좋아하는 이쁜 여캐 하나 둘쯤 있는 것도 나름 납득되지 않나?
02:54:37.72,02:54:38.60,그대로 가자 머리 스타일이 중세 수도원 스타일이긴 하네 둘이 엮는 거 진행하죠?
02:54:38.62,02:54:39.54,흐음 야 돼지야 흐음 우리 10년 뒤에도 연인 없으면 우리 결혼하는 거다 흐음 흐음
02:54:41.68,02:55:06.87,분명 최면 어플 개발해서 들고 다니는데 그걸 선한 목적으로만 쓰고 다니는 게 유머 포인트인 거로?
02:55:06.89,02:55:07.80,저 여자애들 중에 실제로 최면 어플 최면 털린 여자애 하나 만들면 되는 거 아님?
02:55:07.82,02:55:08.14,그건 당신이 2차 창작하세요.
02:55:08.16,02:55:08.44,국방부 장관 아들로 잡죠.
02:55:08.46,02:55:08.92,그래도 머리엔 윤기가 흐르는 걸로 합시다.
02:55:08.94,02:55:09.46,암튼 학법과 학파 가치 같은 건 넣지 말아다오.
02:55:15.45,02:55:26.88,아 옆에 그리니까 너무 키가 커 보이는데?
02:55:26.90,02:55:40.91,와 근데 랩바님 좋겠다 방송 틀고 그림 그리면 시청자들이 알아서 소재 컨셉 짜줌 크크크크 마음에 드는 거 주워서 쓰던 거 이 악물고 그 컨셉 안 가는 쪽으로 가면 설정 뚝딱임 크크크크
02:55:43.36,02:56:13.18,제일 뭔가 사람들이 제일 바라는 소재를 배제할 수 있어서 그게 도움이 되긴 해요 시발 예빠야 구도가 좀 이상하다 옆에 남학생 엉덩이 만지는 구도 같다 들어오니 좀 떨어뜨려줘 그렇게 네 만화에 도움되면 버거가도 뿌리라고 나 배고파
02:56:19.47,02:56:33.50,공부 잘하게 생겼다고?
02:56:36.97,02:56:37.05,그런가?
02:56:37.45,02:56:45.49,누가 봐도 왼쪽이 더 공부 잘할 것 같지 않아요?
02:56:45.51,02:56:46.13,165 언저리 단신의 미친 여미새 새끼로 만들어야지 크크
02:56:47.89,02:57:12.17,아니 그런 너무 희망적인 나 멸치나무는 좀 못 끓이는데
02:57:15.90,02:57:30.38,왼쪽 남학생 코스피 개미 오른쪽 남학생 나스닥 최대 주주
02:57:32.13,02:57:34.00,알파메일 나오면 만화 안 본다고?
02:57:34.02,02:57:51.20,뭔 개소리야 요새 알파메일이 나와야지 제맛이라고 이런 캐릭터에 이입하는 시대는 지났어 요즘 남캐도 잘생기고 여캐도 예뻐야지 그런 만화를 보는 시대라구요
02:57:57.38,02:58:21.67,멸치도 그리고 싶으면 해뮤먼 벗으면 말라 보이는 설정 넣어서 벗으면 해굴로 만들자 시발 새끼가 갑자기 호감 뚝 떨어지네 니 만화 안 봐 야발놈아 너무하네 그거 내가 뭐 했다고 2120 남키가 잘생겨야 개연성이라는 게 생김
02:58:23.06,02:58:43.87,오른쪽 고백했다가 차이고 빡쳐서 살 빼서 외모 복권 당첨되면 딱 틀리시 아님?
02:58:43.89,02:58:45.00,다 좋은데 왼쪽 친구는 웃는 게 뭔가 똘기가 느껴진 방금 전에 누가 쌉테라 해서 선입견 생긴 건가?
02:58:45.02,02:58:45.36,리을리응 남케 못생기면 무리반뎀
02:58:47.41,02:59:12.98,선남선녀 나오던 시절이 너에게 다키를 나오던 시절이야 요즘은 어?
02:59:13.00,02:59:14.17,좆바은 놈이랑 처녀 갸루비치련이랑 연애하는게 맞돌이야 니가 뭘 알아 그냥 덕민지가 보고 싶은거 아니에요?
02:59:14.19,02:59:15.23,얼굴 살 안빠지는 근육남으로 하자 레바님 너무 잘생기셨어요 이제부터 강동완이 코리안 2승권이다
02:59:24.17,02:59:39.83,미친 과학자 듀오잖아 ㅋㅋ 이렇게 하고 은근히 잘 생겼는데 멸치 그리니까
02:59:50.39,03:00:18.59,멸치 특징 사람 구해서 의인상 받음 낯싹 투자 잘함 던파 안 함 버튜버에 관심 없음 순회 파이 뚱뚱한 애가 고백하고 받아주고 싶은데 애들이 봐서 부끄러워서 거절했다가 살 빼더니 존잘이고 다른 애랑 잘 되는 거 뭐 뻔하다고?
03:00:18.61,03:00:19.13,여기서 이런 거 안 뻔한 새끼가 어딨어?
03:00:19.15,03:00:19.27,개호감이야?
03:00:19.29,03:00:19.57,왜 여기서 호감이 생기는데
03:00:24.71,03:00:50.33,레바야 원래 문화 창작물에서는 주인공이 소비층이랑 비슷하게 그리면 수요가 좋다고 그러니까 빨리 행유먼과 멸치 비중을 늘려라 이너맨과 조개소년을 만들어놨네 둘 다 올림피아드 같은 거 잘나가게 생긴 성실한 친구들이네요 음...
03:00:52.42,03:01:17.86,박쥐 만화나 보러 가 거기 다 있어
03:01:20.10,03:01:39.22,둘다 홍대병 생겨서 애니는 오타쿠나 보는거야 라고 하면서 명조나 블라같은 서브컬쳐는 존나 많이 할거같이 생김 아니?
03:01:39.24,03:01:48.76,얘 둘이 음 성격은 진짜 좋은 애로 해야겠다 둘이 저 뚱뚱한 캐릭터 모솔 아다인 학생은 다 기본이 모솔 아다인게 정상이라고
03:01:57.56,03:01:59.24,음.. 아니라고?
03:02:13.70,03:02:14.16,누구 맘대로?
03:02:14.18,03:02:27.45,음.. 얘는 좀 글래남같음 근데 글래남기 하나 구상은 해놨어요
03:02:39.68,03:03:09.59,거북목?
03:03:17.01,03:03:27.78,너무 건강해 보인다고?
03:03:40.76,03:03:41.16,뭔 조합인데 그게?
03:03:41.42,03:03:41.48,오우!
03:03:42.43,03:03:45.31,이거 자꾸 튀어나오니까 자극되네 운동 많이 된다
03:03:48.48,03:04:18.19,둘 다 프로게이머 준비 중일 것 같냐 골드를 찍으며 나름 여기에 흔들리는 무브먼트가 있음 학교 최고의 보티오가 애니메이트냐 하나 두고 달라지는 스토리가 어때?
03:04:18.21,03:04:18.49,시바 이건 또 누가 그렸냐
03:04:22.55,03:04:36.71,학부모나 안 그리냐고요?
03:04:36.87,03:04:46.87,학부모는 그때그때 필요할 때만 그릴 것 같은데?
03:04:46.89,03:04:46.97,음...
03:04:55.42,03:05:07.51,그래서 눈 뒤집은 애는 우리나라에 교시 있는데 교메이 해줄 거지?
03:05:07.53,03:05:18.65,학부모는 얘지 매미처럼 7년간 준비 중인 웹툰답게 소스 넘치는 거 봐라 7년까지는 안 됐어 방송한 지가 8년인데 뭔 7년이야 음...
03:05:21.26,03:05:22.18,미시룩을 내놔라고?
03:05:22.32,03:05:40.39,오히려 너무 미시룩보다는 이렇게 약간 일부러 젊게 입으려는 티가 나는 그런 뽐새가 더 괜찮지 않나요?
03:05:40.41,03:05:46.42,약간 여기서 약간 숨길 수 없는 약간 주름살 살짝 해주면
03:05:53.57,03:06:20.27,음 그래도 없는지 안나네 나이참하는 누나인데 매번 학부모로 오해받는 컨셉인가요 음 왼쪽에는 중징이야 가슴 너무 큰거 같아요 너무 좋아요
03:06:25.60,03:06:29.97,일단 한참 탕후루 유행할 때 그렸네.
03:06:29.99,03:06:43.75,그 시기를 알 수 있어서 좋네요.
03:06:43.77,03:06:45.41,빨리 버터 떡으로 바꾸라고?
03:06:45.43,03:06:49.56,그런 유행하는 음식 그냥 고질버터로 넣으면 안 된다니까?
03:06:49.58,03:06:51.78,몇 년 지나면 바로 촌스러워져.
03:07:04.37,03:07:05.53,지진다 돈까스?
03:07:06.11,03:07:24.92,그걸 들고 다녀?
03:07:24.94,03:07:25.46,음... 이곳... 여기는 청약회가 딱히 없네?
03:07:32.61,03:07:58.81,맞아 이런 식으로 그림 그리는 건 경고 하나 안 먹는데 그림 그린다고 펴줬는데 결국 그림은 별로 안 그렸네
03:08:00.54,03:08:15.76,"그래도 생각을 정리할 수 있는 시간이었어요, 오늘은."
03:08:15.80,03:08:15.84,어?
03:08:15.86,03:08:16.06,이제 안 갈 건데?
03:08:16.70,03:08:28.10,더 그릴 건데?
03:08:33.95,03:08:58.58,얘를 최대한 많이 손봐야 되는데 얘가 사실상 주인공이거든요 근데 주인공인데 주인공인 느낌이 생각보다 부족해서 이 새끼를 어떻게 좀 더 화려하게 꾸밀까도 싶고 근데 너무 화려하면 또 그것도 문제고 얘 머리 풀면 이런 느낌이란 말이죠
03:09:11.48,03:09:14.47,아영이가 주인공 느낌이라고?
03:09:14.49,03:09:28.02,너무 개취 아닌가요?
03:09:28.04,03:09:28.84,압박 공대하고 있는 설정?
03:09:29.40,03:09:29.44,왜?
03:09:29.46,03:09:29.60,너무 크니까?
03:09:29.62,03:09:38.99,초반부 하루이 마냥 어떻게든 평범함에서 벗어나고 싶어서 매일 헤어스타일 달라지는 건 어떤?
03:09:39.01,03:09:39.45,아니면 악세서리로 조금씩 포인트 준다던지
03:09:43.70,03:09:50.31,음 눈썹 끝에 눈화장 어떠냐고?
03:09:50.49,03:09:51.09,빨간색으로?
03:10:07.33,03:10:07.55,귀엽긴 하네
03:10:11.37,03:10:27.78,선임모드 그러게 당신이 남고소년 보는 독자라고 그렇게 티낼 필요 없어요 이런 눈화장은 샴푸 시절부터 있었다고
03:10:48.31,03:11:05.35,아 얘가 내세울게 키 밖에 없네 아 어떻게 해야지 약간 스페셜함을 줄 수 있을까 몸매가 어떠냐고?
03:11:05.75,03:11:17.56,얘 키 172에요 이럴땐 안경을 씌워보죠
03:11:19.73,03:11:46.59,옆태는 이런 느낌이고 어우 ㅅㅂ 깜짝이야 머리 염색하라고?
03:11:47.87,03:11:49.34,아...근데...
03:11:52.78,03:12:08.77,음... 난 흑발이 좋은데?
03:12:08.79,03:12:22.66,음... 그대로 가야겠다 오히려 주변 애들이 너무 톡톡 튀니까 얘가 더 돋보일 수도 있어 음...
03:12:25.51,03:12:31.86,핑뚝은 흔행보증수표라며 핑뚝은 안나옴 포인트 컬러로 가는거냐고?
03:12:32.36,03:12:55.33,일단은 그렇게 방향성을 잡고 있긴해요 근데 색깔을 빼는것도 나름 매력이 있어서 모르겠어요 일단
03:12:57.22,03:13:01.79,일단 두 가지 버전 만들면 될 듯 색이 있는 게 이쁜 것 같다고?
03:13:01.89,03:13:15.61,근데 진짜 호불호 갈리는 영역이긴 해요 오히려 요즘같이 풀컬러 만화가 기본이 된 마당에 약간 밀도 높은 선화 흑백 만화가 있으면 좀 더 돋보이지 않을까?
03:13:15.62,03:13:25.88,라는 생각도 해요 이건 뭐 제 희망 상황이지만 인인이 머리 빈하면 진짜 눈에 띌 것 같은데
03:13:28.66,03:13:50.36,풀컬러 만화 보다 흑백이 더 어려워요 이게 색이 안 들어가면 선으로만 승부를 봐야 돼 가지고 선이 조금이라도 그 실화를 어긋나면 덮을 수가 없어 그나마 풀컬러 만화는 색깔로 어떻게든 커버가 된단 말이야
03:13:56.91,03:14:10.73,근데 흑백만 흑백 그림을 그리면 조금만 좀 대충 그려도 티가 존나게 나서 음
03:14:22.20,03:14:45.21,그래도 최근에 일을 시작하니까 그래도 좀 건실한 대화를 하게 되네 좋네요 이 정도면 굉장히 건실한 대화지
03:15:09.61,03:15:30.89,혜미가 제일 마음에 든다고?
03:15:31.51,03:15:35.61,얘는 애초에 대놓고 각 잡고 이쁘장한 그런 애라서
03:15:53.75,03:16:23.74,보아형이야.
03:16:39.72,03:16:55.94,근데 왜 조아영이냐고?
03:16:55.96,03:16:56.00,왜?
03:16:56.02,03:16:59.04,이름에 굳이 큰 이유가 있어야 돼?
03:17:12.57,03:17:31.22,아영이는 별명이 몇 개야?
03:17:31.25,03:17:32.13,"조요영, 바다영, 바가조영, 빨아영 등등 언니가 바가정이고 사촌이 오나웅이라며?"
03:17:32.15,03:17:32.29,뭐가 어째요?
03:17:42.04,03:18:00.03,3에서 40분 전에 이름 지을 때만 해도 이름이 임팩트가 있어야 캐릭터 외우기 쉽다며?
03:18:00.04,03:18:01.87,크크 박아영 얼마나 딱 느낌 오냐 외우기도 쉽고 안 돼 그러면 이름에 컴플렉스 있을 것 같은 애가 너무 많아져 몇 년 동안 조아영이라고 부르는 사람이 형밖에 없잖아
03:18:09.58,03:18:10.18,그냥 해?
03:18:10.82,03:18:38.12,씨발 아니 이미 정해놨는데 왜 자꾸 이름을 바꾸라 그래 근데 혜니랑 아영이가 인기 진짜 많긴 한듯 음...
03:18:46.23,03:18:48.95,이름 바꿀 때까지 숨 참음?
03:18:48.97,03:19:04.56,미리 관에 들어가 있지 왜 레이드... 딜 엣지에 왜 이렇게 돌기 싫지?
03:19:05.66,03:19:09.19,정상인가요?
03:19:09.21,03:19:10.45,나 그냥 헬만 돌릴래
03:19:24.15,03:19:45.77,결장 하세요 오늘도 결장 했어요 사실 이게 누군데
03:19:48.01,03:20:12.66,가슴 너무 큰 거 아니냐고?
03:20:12.72,03:20:17.96,나도 그 생각했어요 줄일 예정 딱이다
03:20:21.64,03:20:43.39,여자도 가슴 운동하면 가슴에 힘줘서 움직일 수 있음.
03:20:43.41,03:20:43.84,12시에 계신 분이 교장 선생님인가요?
03:20:45.00,03:21:14.24,아니요 얘는 그냥 예전에 그냥 손풀이로 그린 킹브레드레이랍니다 초창기이고 지금이고 이렇게 보니까 좀 차이가 나는 것 같기도 하고
03:21:24.38,03:21:29.50,왜 이렇게 타이거 같냐고?
03:21:30.13,03:21:34.12,타이거를 연상하기에는 너무 요소들이 부족한데?
03:21:53.07,03:22:01.04,"오케이, 선생님은 얘로 해야겠다 선생님은 무난한 게 최고야 그래서 언제 언제 하냐고?"
03:22:01.66,03:22:18.19,일단 요 며칠 콘티를 계속 1화를 짜고 있어요 1화만 한 지금 4번 높은 거 같은데?
03:22:18.21,03:22:20.58,그니까 1화만 5년째 아니냐고?
03:22:20.86,03:22:22.42,"아니, 짠 적이 없어요, 애초에"
03:22:22.95,03:22:35.95,올텡이 요새 캐릭터만 낙서로 계속 그렸지 만화는 그린 적이 없어요
03:22:41.89,03:23:06.88,연재한도르만 5년째 왜 이렇게 또 늘려 나이마냥 또 왜 왜곡해 나 5년 당장 작년까지만 해도 계속 만화그린다고 올해 이제 좀 공백기 생겼더만 존나 억울하네 적어도 만화로는 억까하지 마세요 내가 나이까지는 참거든 근데 만화 안그렸네 만화로 지랄하는건 못참아요
03:23:08.79,03:23:16.92,나인 허가 받았다?
03:23:17.22,03:23:33.08,씨발 그것도 적당히 해야지 참았으니까 여러분이 살아있는 거 아닐까요?
03:23:33.24,03:23:35.58,몇 살까진 이해해주냐고?
03:23:35.60,03:23:37.68,씨발 그런 걸 정하지 말라고
03:23:49.04,03:24:18.13,그걸 몰라요 흑백하다가 가끔 풀컬러 나와야지 되게 재미가 있을 것 같은데?
03:24:22.92,03:24:52.12,특별편이라기보단 특정 컷에만 풀컬러를 하는 거야 일단 흑백이 좀 지배적이네 일단 그림 자체가 흑백 베이스라서
03:24:56.94,03:25:03.65,저탱이 깐 친구는 누구냐고?
03:25:03.67,03:25:12.32,저탱이 깐 친구?
03:25:12.34,03:25:12.38,얘?
03:25:12.40,03:25:24.74,얘는 그냥 근데 그것도 완전 너무 힘 빡치면 은근히 거부감 있어서 살짝만 해야 돼 이건 그냥 대충 그냥 소프리로 그린 아무 그냥 랜덤 캐릭인데
03:25:31.37,03:25:45.59,얘는 그냥 체육선생으로 하면 되겠다
03:26:03.28,03:26:10.40,햄 휴먼 체육쌤이 고르라고?
03:26:11.40,03:26:12.93,체육쌤이 어떻게 햄 휴먼이야
03:26:36.74,03:26:48.40,얘 관상도 좀 쓸만한데?
03:26:48.42,03:26:48.50,음...
03:27:05.66,03:27:28.04,그린 것들로 만화그려도 되겠다 그러려고 쌓긴 했어요 흑백만 하면 딱 이 정도 분위기 겠다 이 정도의 분위기에 톤 넣고
03:27:40.71,03:28:05.20,없어요 얘가 태권도를 다니긴 해요 얘는 오빠가 여러 명인데요 오빠들한테 존나 괴롭힘 당해서 어떻게든 하려고 태권도를 열심히 다니는 애입니다
03:28:15.46,03:28:17.86,태권도는 실전성이 떨어져요?
03:28:17.88,03:28:41.17,그건 알지만 하지만 태권도 하는 꼬맹이 캐릭터 귀엽잖아 주짓수?
03:28:41.35,03:28:43.81,주짓수는 너무 일단은
03:28:45.31,03:28:58.21,그리기에는 잡기 계열보단 타격이 더 쉬워요.
03:28:58.23,03:28:59.95,태권?
03:28:59.97,03:29:00.37,그러게.
03:29:01.02,03:29:05.98,태권도가 너무 뻔하면 태권 배우는 것도 나쁘진 않겠는데?
03:29:12.87,03:29:25.53,초등학생 애들이 와.
03:29:25.55,03:29:26.05,누나 발차기 짱 잘한다 하면 콧대 높아질 듯.
03:29:26.07,03:29:26.39,태권도 하니까 생각나는 건데.
03:29:26.41,03:29:27.21,태권도 겨루기 할 때 방 오고 간 바라서 땀 냄새 존나 난 거 생각난다.
03:29:27.23,03:29:27.43,아직도 기억이 남.
03:29:35.38,03:29:38.66,오히려 눈을 이렇게 고양이 눈으로 하니까 좀 더 개성있지 않나요?
03:29:39.08,03:29:57.69,일단 이거 약간 데포르메 형 얼굴인데 오히려... 주인공 얼굴은 아닌 것 같다고?
03:29:57.71,03:29:57.77,그래?
03:29:57.79,03:30:04.22,애초에 주인공... 주인공급의 얼굴이란 건 약간 강박이 아닐까?
03:30:05.36,03:30:22.21,얘는 몸을 드러내야지 주인공 같기도 하고 미치겠네
03:30:38.07,03:30:40.89,약간 옛날 일본인이 같다고?
03:30:40.91,03:31:06.66,거기에 한국적 요소를 곁들인 제가 틀니라서 그런 건 어떡해 약간 냄새가 안 날 수가 없나 봐 적어도 일단 식빵 물고 뛰진 않습니다
03:31:08.54,03:31:26.29,커피도 메가 커피 마시고요.
03:31:26.31,03:31:28.24,그거 암 어떤 사람이 그러는데 운동 중에 제일 무서운 거 물어보니까 발레래 발레리나들 전투력 지린다더라.
03:31:28.26,03:31:31.52,발레 강력이 되게 개쩔 것 같은데.
03:31:31.54,03:31:33.61,말 나온 김에 커피나 한 잔 더 가져오겠습니다.
03:31:36.49,03:31:59.29,옥상은 문 닫혀있어 애들 급식 먹는다고 야 요즘은 애들 매점에서 뭐 사먹냐?
03:31:59.95,03:32:03.29,내가 먹던 시절이랑 많이 달라졌을까요?
03:32:03.31,03:32:04.88,아직도 애들 햄버거 많이 먹어?
03:32:05.95,03:32:18.19,나 흘리같이 물어보게 되네?
03:32:18.21,03:32:18.33,야키소바빵?
03:32:19.53,03:32:28.12,멜론 빵도 사먹는다고 하지 왜?
03:32:28.14,03:32:30.70,매점 없고 요새 다 자판기로 바뀌었다고?
03:32:31.30,03:32:33.62,그거 진짜예요?
03:32:33.64,03:32:35.17,왠지 그럴싸해서
03:32:35.47,03:32:57.05,아 현역 고딩들 자료좀 주세요 학교구조 취하여 학사일정표정 가져와봐
03:33:06.53,03:33:17.33,아니야 종종 있어 미자 티내면 벤 아니냐고?
03:33:17.75,03:33:17.81,아니?
03:33:18.41,03:33:30.95,그건 트위치 때나 그랬지 그 뒤로는 뭐 딱히 단속을 하는 편은 아니야 대신에 나 미자라고 막 계속 앵무새 마냥 지랄하면 그건 벤이지 그러게
03:33:33.30,03:33:53.44,자판기 있으면 아침에 갸들도 100원짜리 믹스커피 뽑아서 캬하면서 푸릇푸릇 마시겠구만.
03:33:53.46,03:33:53.78,저녁 고딩들 자료 좀 주세요.
03:33:53.80,03:33:54.82,19금 걸린 하이틴 계획이라 고딩들 못 본... 아니 19금은 안 달려면 안 날 생각이에요.
03:33:54.85,03:33:55.81,매점 자체가 잘 없다고?
03:33:56.01,03:33:56.81,진짜로?
03:33:59.61,03:34:14.46,그러면 뭐 군것질거리 다 자판기로만 사먹어요?
03:34:14.48,03:34:15.72,이런거 보면 판타지가 설정은 쉬운 편인데 딱딱 잘못하면... 그러게?
03:34:15.74,03:34:29.36,나 매점가자는 대사 있는데요 편의점 가자로 바꿔야겠다 틀린거 ㅅㅂ 존나 티나겠네 ㅅㅂ됐다
03:34:30.77,03:34:49.22,그니까 매점이 있는 학교도 있고 없는 학교도 있나보네 계속 배경을 대충 2010년도로 하자고?
03:34:49.24,03:34:57.09,그러면 씨발 얘들 새끼들 머리 상태 이러면 안되는데?
03:34:59.16,03:35:10.53,난 주기적으로 고등학교에 찾아가긴 했는데 내 점이랑 자판기 둘 다 있음.
03:35:10.55,03:35:10.65,신기하다.
03:35:10.67,03:35:10.91,탐방 한번 가야 된다?
03:35:10.93,03:35:11.07,X됐네?
03:35:11.09,03:35:22.52,분위기 자체는 읽어야 될 것 같은데?
03:35:22.54,03:35:23.80,어차피 형 만화 보는 애들은 형이 스윗 물소 중년인 거다 하니까 괜찮아 수정하게 생각해.
03:35:23.82,03:35:25.31,탐방은 할 수 있어요.
03:35:25.33,03:35:28.49,제 지인 중에 고등학교 선생님 몇 명 있어가지고
03:35:30.21,03:35:55.34,대점이든 편의점이든 상관없지 않을까 교복입고 잠입고고 너 요즘 고딩들 다 교과서를 종이책이 아니라 타블렛으로 공부하는데
03:35:57.21,03:35:58.97,헐 이미 책으로 그렸는데?
03:35:58.99,03:36:11.88,X됐다 아이패드로 바꿔야겠다 아니 너 그정도까지 최첨단으로 가야돼요?
03:36:11.90,03:36:26.02,이미 스타트하는 시점에서 볼펜 샤프 딸깍딸깍하고 문제집 푸는 장면으로 시작하는데 틀린냄새 나겠네 안되겠다 아이패드로 바꾸고 아이패드로 바꿔야지
03:36:27.65,03:36:38.94,아니 그럼 다 타블렛 쓰면 시발 뭐 보조배터리 필수에 막 책상마다 콘센트 달렸어요?
03:36:55.10,03:36:56.32,형 요즘은 칠판도 전자식이래 에이 설마 크크 시험은 종이로 보겠지 아니 지랄마 3년 전만 해도 종이 책 썼다고
03:36:57.08,03:37:21.62,그럼 되긴 해?
03:37:22.60,03:37:37.94,형 어차피 형 독자들 형 중년인 거 아니까 굳이 신경 안 쓴다니까 그냥 무시하고 해 형 그냥 애들은 그냥 중고등 애들은 일단 분식만 뭐 먹으면 일단 분식만 처먹이면 돼 그거는 시대가 지나도 변하지 않아 요즘은 바닥도 전자식이래?
03:37:37.96,03:37:45.11,청소 새로 고침 딸깍으로 한다더라
03:37:46.98,03:38:11.54,신기하다.
03:38:14.35,03:38:22.16,근데 태블릿 쓰면 교과서 뺏길 일은 없겠다.
03:38:22.18,03:38:40.47,교과서 뺏으려면 타블릿을 뺏지 않을까요?
03:38:40.49,03:38:41.45,우리 엄마 마라탕집에 썼는데 요즘은 분식도 분식인데 마라탕 겁나게 먹음 무서울 정도임.
03:38:41.47,03:38:41.59,그 정도야?
03:38:43.70,03:39:01.57,레바야 세종은 학생들 학교 끝나면 키방에서 발로나 오버워치 놀 간간히 하더라 키방 고증은 아직 안전한 것 같다 아냐 요새 학교 주변에 오히려 PC방이 없어 학교에서 노트북 준걸로 학교에서 고해성 사랑 내 튜브 대놓고 공합반이었지
03:39:12.67,03:39:39.40,일단 저희 집 근처는 학교 인근이라고 피시방이 유해시설이라고 애초에 장사를 못한다고 하대?
03:39:39.42,03:39:41.26,내가 부천에서 나왔던 학교에는 매점이 있는 곳에 손에 꼽았어 부천에 이 산계 있었을걸 그래서 학교 탈출해서 병원 경의점 가고 그랬음 학교 안에는 음료수자 반기만 있고
03:39:43.89,03:40:10.30,그러니까 그 지역마다 좀 학군 많이 신경쓰는 지역일수록 PC방수 존나 없을 것 같은데 민원 때문에라도?
03:40:12.17,03:40:36.66,울산은 대학가 근처에 학교가 있어서 있을 거 있는 편이긴 함 진짜 지역 차이니깐 자율적으로 해도 될 듯?
03:40:36.68,03:40:40.56,근데 형 저 만화의 배경 학교가 인문계인지 실업계인지 아님 특목고인지 예체능 계열인지에 따라 또 달라질 거 같다는 생각이 들어.
03:40:40.58,03:40:41.12,그렇게 밑도 끝도 없이 파고들면 끝도 없어.
03:40:41.14,03:40:41.46,그냥 학교라는 것만 알면 돼.
03:40:41.48,03:40:42.06,뭐 내가 교과 시간 그런 것도 풀타임으로 그릴까 봐?
03:40:52.77,03:41:11.72,아 일단 배경은 서울이에요 그거는 이미 돌이킬 수 없어 왜 부천 아니냐고?
03:41:11.74,03:41:11.78,왜?
03:41:16.63,03:41:43.37,"애초에 얘들 목표 자체가 셋이 서울대를 가는 게 목표라서 애초에 그렇게 시작을 해요 애매하게 포증 지키기보단 말도 끝나는 게 낫지 않을까 그냥 아침 점호, 저녁 점호 넣고 낀띠띠, 화생방 4명 넣어버립시다 서울이면 있을 거 다 있는 거 아니야?"
03:41:43.39,03:41:43.55,아닌가 모르겠다
03:41:47.45,03:42:13.62,일단 얘들이 서울대로 잡은 이유가 원래 고1때면 그래요 근자감 있을 때라서 어쩔 수 없어 그때는 내 신만으로 인서울 가능하다고 자신 스스로가 믿고 있을 때라서
03:42:18.41,03:42:47.46,맞아 자기는 여태까지 설렁설렁 했을 뿐이지 아직 진심을 발휘하지 않아서 그랬고 앞으로는 다르다 약간 그런 대가리 꽃밭 펼쳐지는 그런 나이라서 요즘 애들은 롤러스케이트장 그런데 다닌다
03:42:49.35,03:43:15.52,난 진로 시간에 1학년 때는 서울대 쿵쿵 다 하길래쓰 그럼 부산대?
03:43:15.54,03:43:17.33,이러다가 야무지게 대구의 어느 한 지점에 갔다 크트 요즘 입시 고증에 맞게 5등급제 고증도 하나요?
03:43:17.63,03:43:17.69,등급?
03:43:17.71,03:43:18.23,9등급제 이제 사라진다고?
03:43:18.25,03:43:18.41,이제 5등급제?
03:43:19.50,03:43:20.24,아 진짜요?
03:43:21.39,03:43:30.45,언제부터?
03:43:30.75,03:43:30.95,좀 됐어?
03:43:31.23,03:43:31.53,아 그래?
03:43:32.55,03:43:35.18,아 씨발 너무 많은게 바뀌었어 씨발
03:43:48.05,03:44:15.28,그러면 국평 5라는 말은 진짜 진짜 진짜 바닥이라는 소리임?
03:44:17.23,03:44:44.20,이젠 역사물도 아닌데 고증 지켜야 하네 크크크크 아 일단 공부가 약간 얘들이 공부하는 내용이 주제이긴 해서 그런 건 좀 알아둬야겠다 아 나 시발 렙 9등급 쟤 사라진 것도 몰랐네
03:44:45.99,03:44:52.04,공부가 주제였냐고?
03:44:52.66,03:45:09.53,정확히는 늘 얘기를 했지만 주인공 3인방이 셋이 서울대를 가기 전까지 연애를 하지 말자 하고 보원 결의를 하고 고등학교에 진학을 하는 내용이라서
03:45:20.31,03:45:43.46,아니 그런 것까진 모르겠고 어차피 애초에 장르가 시트콤이라서 마음대로 해도 되긴 해 공부 주제면 여러분들이 많이 알아야 되지 않냐고?
03:45:43.60,03:45:47.13,그 정도야 뭐 인터넷 치면 나오니까 그건 신경 쓸 거 아니고
03:45:48.12,03:46:06.13,아니 사람들이 만화를 신경쓰지 무슨 문제가 나오는지까진 신경 안쓴다고 ㅋㅋ 요즘 애들 카톡 안쓴대 ㅋㅋ 카톡 안쓴 뭐 써?
03:46:06.15,03:46:13.30,요즘 카톡 안쓰고 Tm으로 연락하는 거 알지?
03:46:13.32,03:46:13.54,아 그건 알아요 ㅋㅋ
03:46:18.12,03:46:43.91,그러니까 아는 것들만 바꾸는 게 낫겠다 애초에 요새 학원물 웹툰이 몇 갠데 그거 고징 지키는 만화가 몇 개나 된다고
03:46:47.28,03:47:08.21,그냥 피처폰부터 쓰자.
03:47:08.23,03:47:09.05,진짜 몰라서 물어보는데 요즘 애새끼들 단체로 타임머신 타고 전학 온 거냐?
03:47:11.38,03:47:39.94,근데 요즘 입시가 고교학점제니 뭐니 하면서 이상한 거 많이 생겨서 고증 지키려면 골머리 쌀 거야 크크 고증은 아는 것만 대충 중요한 것만 지키고 그냥 나머지는 그냥 알아서 하면 돼 뭐 씨발
03:47:45.06,03:47:57.98,그냥 만들었는데?
03:47:58.32,03:48:14.95,애초에 이쪽 세계관에선 도둑사 레바툰이 세계 월클만화 세계관이라서 인형뽑기방 가면 잉잉이로 도배되어 있어
03:48:16.96,03:48:42.75,작년 추석에 13살 어린 사촌 동생한테 야야 너네는... 끔찍하다고?
03:48:42.77,03:48:42.93,뭐가 끔찍한데?
03:48:42.95,03:48:43.73,걔가 틀따트 카톡 안 쓰고 페메스냐고 물어봄 이러길래 미안하다 했었다.
03:48:43.75,03:48:43.93,작년 판타지였어?
03:48:43.95,03:48:44.13,작년 판타지였어?
03:48:44.94,03:49:09.69,성개념 밥살 난 세계관인의 퍼리들이 수상하게 행동 안 하고 당당하게 다니는 세계관일 듯.
03:49:09.81,03:49:11.00,인잉이는 그냥 패시브 모브지 사실.
03:49:11.30,03:49:12.06,그 정도 되면.
03:49:21.98,03:49:43.08,내가 아는 것만 하겠지.
03:49:49.40,03:49:50.04,와 그럼 그 햄 휴먼 이닝이 닮았다고 인기 있는 거 아님?
03:49:50.06,03:49:50.14,크크크크
03:49:52.81,03:50:18.87,으 으 으 으 으 으 으 으 으
03:50:22.25,03:50:23.44,내일 점심에 오냐고요?
03:50:24.36,03:50:40.90,글쎄요 모르겠네 일어나서 헬 돌릴 것 같은데 방송으로 던파를 하진 않을 것 같기도 하고 드롭스 쌀먹혀야 된다고?
03:50:41.00,03:50:48.52,아 그런 이유라면 던파를 켜고 하는 게 낫겠네 유저 복지네
03:50:58.52,03:51:17.40,음..
03:51:30.70,03:51:59.83,그냥 던파 창 조그만케 하나 띄워놓고 구석탱이에 넣고 던파 방송이라고 카테고리 바꿔서 드롭스 좀 받을 수 있게 해줘라
03:52:01.38,03:52:02.28,그래도 되지 않을까?
03:52:28.74,03:52:28.80,음 음
03:52:31.38,03:52:34.66,그냥 결투장 서너시간 하면 되잖아 생각해보니까
03:53:05.94,03:53:33.50,저 플레이서 떨어져서 골칭 골딱이예요 낮에 결투장하는데 상대방이 나 X빠르더니 이 가짜레바 진짜레바는 이거보다 잘해 막 이지랄 X나 개짜증나
03:53:45.24,03:54:07.79,봉자를 3-4시간 어설플까 ㅅㅂ 흠 흠 흠
03:54:20.88,03:54:31.78,크크크 이 새끼 저 던파 결투장 플래티넘입니다.
03:54:31.80,03:54:33.37,차하하 하고 자랑하더니 기어이 그것도 못 지키고 추락한 거 개웃기네.
03:54:34.25,03:54:34.59,크크크 아이씨 말 돌리지 말걸.
03:54:34.61,03:54:45.73,저런 소리 안 들었을 텐데.
03:54:58.85,03:55:08.76,맞아요
03:55:24.23,03:55:33.60,"음... 아... 일단 연재처는... 일단 완... 아, 일단... 아니, 아니야."
03:55:33.62,03:55:36.02,작품이 먼저 나와야지 연재처 생각을 하지.
03:55:36.38,03:55:38.25,왜 연재처부터 생각을 하지?
03:55:38.27,03:55:40.01,나도 배때기가 불렀나 보다.
03:55:57.17,03:56:26.87,요즘 가챠샵은 진짜 많잖아 레진 종... 그러니까 레진 아니면 네이버인데 음...
03:56:30.33,03:56:53.06,레진은 일단 모르겠다 어떻게 될지 모르겠네요 그러니까 네이버의 장점 일단 유동인구가 많다 난점 범열 비밀을 맞을 확률이 굉장히 높다
03:57:11.30,03:57:12.81,초롱이에 비하면 아무것도 아니라고?
03:57:13.27,03:57:30.02,그건 초롱이라서 가능한 거예요 왜 초롱이는 초롱이라서 되는 거라니까?
03:57:32.19,03:57:38.07,초롱이가 남자 남캐인데 씹대지 남캐가
03:57:38.51,03:58:06.61,만나 목표를 중독돼서 그거 들여다 보고 있는 만화가 통과가 될 거라고 생각해요 초롱이라서 되는 거라고 항상 개판일 것 같은데요?
03:58:07.14,03:58:31.97,애초에 지금 그러니까 원래 네이버를 가고 싶었던 이유가 독자 반응을 못 봐서인데 레진은 근데 레진이 다시 댓글 기능이 생겨가지고 그게 나름 그 저울질이 약간 그 그 지금 처칭이 지금 왔다갔다 해요 음
03:58:40.86,03:59:04.45,지금 만화업계는 과거 만화를 재밌게 봤던 어른들이 재밌게 보는 시대라고요.
03:59:16.57,03:59:34.37,맞아 웹소설 보는 친구들도 진짜 많더라 맞아 최근에 카페에서 일하는데 옆에 중고등증 되는 애가 드래곤 라자 읽고 있던데 클래식은 돌고 도나봐
03:59:47.46,04:00:16.17,요즘은 만화가 아니더라도 콘텐츠가 너무 많아서 볼 사람 말고는 안 보긴 할 듯 그럼에도 뭐 만화가 뭐 만화 시장이 죽었다 막 그런 건 아니고 드래곤 라자가 뭐임 난 달빛 조각사 밖에 모른다고
04:00:23.81,04:00:53.01,음?
04:00:53.03,04:00:53.75,투명 드래곤 부문 온다 비례도가 아카데미 무연물 개꿀잼인데 음음음
04:01:12.73,04:01:15.04,만화카페 이런 데도 안 가냐고?
04:01:15.06,04:01:16.10,애들은 안 갈 것 같은데?
04:01:16.32,04:01:20.50,"2, 30대들이 만화카페 갈 것 같은데?"
04:01:20.56,04:01:37.42,그럴 것 같지 않나요?
04:01:37.44,04:01:39.52,만화카페는 거의 밥 먹으러 가는 곳 아니야?
04:01:39.54,04:01:39.62,누워서?
04:01:40.41,04:02:09.00,편하게 그냥 약간 PC방 대체재 느낌 근데 내 장래 계획까지 짜주는 거야 지금?
04:02:23.20,04:02:49.23,어시스트 헌팅도 해야 되는데 나 공짜로 함?
04:02:49.25,04:02:53.21,저런 애 특 진짜로 공짜로 일 시키면 공로나 함
04:02:55.76,04:03:12.94,공짜로 일 시킬 생각도 없어요.
04:03:13.06,04:03:14.88,열정 페이로 배우면 안 되냐고?
04:03:14.90,04:03:16.07,그런 시대는 지났지.
04:03:16.61,04:03:18.17,문화생 시절 얘기하고 있어.
04:03:26.30,04:03:49.36,역시 대비는 빠르면 좋은 게 많다 작품 하나 하면 몇 년 순삭이라 크크크 맞아요 그건 존나 맞는 말이 미슐랭 식당들도 무급 인턴 같은 거 한다던데 내가도 보고 음
04:03:53.93,04:04:23.51,여태 레진하고 미팅은 진짜 많이 했어요 그래서 너무 무작정 레진에서 하자는 얘기만 나와서 작품이 나오면 그때 다시 얘기하자 그런 식으로
04:04:25.73,04:04:52.96,얘기가 심하게 됐었죠 그러니까 레진하고 미팅하면 항상 하는 말이 일단 다음 작품도 레진에서 하자 그런 얘긴데 난 솔직히 레진에서 한 10년 연재했단 말이에요 그러면 솔직히 할 만큼은 했다 약간 그런 마인드라서 아니 일단 10년 했으면 나도 좀 쉬어야 될 거 아니야
04:04:56.35,04:04:57.33,어디야?
04:04:57.63,04:04:59.51,야 이 딴 데를 가든 안 하든 간에 어?
04:04:59.61,04:05:24.61,일단 좀 쉬고 봐야 될 거 아니야 내가 유튜브 편집자 1년 하면 3대가 먹고 산다는 소문이 있던데 내가 작품 어치하면 얼마나 벌까
04:05:25.76,04:05:28.66,개소리고.
04:05:28.68,04:05:30.48,저것도 어시한테 퍼센테이지로 떼주지도 않아요.
04:05:54.04,04:05:54.26,흐흠 흐흠 흐흠 흐흠
04:06:01.10,04:06:28.07,어 일단 해보고 싶은 거 올해 만화가 만화가 있는 졸전 돌아다니면서 싹수 괜찮아 보이는 애 작품에 명함 꽂아놓기 일단 해보고 싶은 명함 있냐고요?
04:06:28.67,04:06:30.70,레집에서 만들어준 명함이 있으면
04:06:39.64,04:06:58.60,이 새끼 지금 몇 퍼센트 정도를 월급으로 주면 3대가 풍족하단 건 팩트란 거네?
04:06:58.62,04:06:59.17,역시 월업은 해봐 드드드드 개소리고 흐흐흐흐흐흐흐
04:07:05.03,04:07:29.35,나 레바톤 때문에 레진 월간 결제 해둔거 깜빡해서 코인 300개 쌓였는데 연재 레진에서 해주라 일단 편집자나 매니저는 얼굴 보고 뽑는다는 말은 있음 좋은 말이네요 그건 아 거기 아가씨 이거 내 명함인데 생각있으면 DM달라고
04:07:31.36,04:07:51.83,근데 잘하는 어시스트들은 진짜 많이 보는 사람도 많아요 진짜 손빠르고 여러 작품을 컨트롤하는 전업 어시스트들이 진짜 귀하기도 하고
04:07:58.54,04:08:11.12,애초에 만화랑 부가적인 걸 잘하면 자기 작품을 하려고 하지 어시스트는 안 하려고 한단 말이에요 근데 그걸 감안하고 전업이 어시스트다?
04:08:11.14,04:08:24.80,그러면 진짜 귀한 인력인 거죠
04:08:26.88,04:08:53.29,이제 티 잡하려 돌아다니는데 면접 좀 보다가 어?
04:08:53.31,04:08:53.47,목소리 괜찮네?
04:08:53.49,04:08:54.21,싶으면 인터넷에서 기술자들 구해서 버튜버 데뷔로도 시켜줄 건가요?
04:08:54.23,04:08:54.80,겸사겸사 레바 작품 홍보도 좀 시키고 뭐라는 거야?
04:08:54.82,04:08:56.60,요즘 애들은 채용 공부 낼 때 월급 남들보다 많이 줌이 있다는 식으로 되어 있으면 쳐다도 안 본다더라 나중에 어시 공부 낼 때 월급 정확히 적어두는 게 좋을 듯
04:08:57.51,04:09:25.45,음 일단 기본 그건 봐야지 아니 일단 경력자냐 비경력자냐 그 차이도 봐야죠 아니 애초에 새로 사람을 구하면 합을 맞추는 시간도 고려해야 돼서 음
04:09:32.69,04:09:46.38,신입 월급으로 경력지 뽑기 고고?
04:09:46.40,04:09:57.74,노 잘하면 잘한 만큼 받아야지 음...
04:10:03.66,04:10:12.97,못하면 안주겠다는 서던?
04:10:12.99,04:10:32.08,근데 그것도 존나 말이 되긴 해요 아니 잘하면 잘하는 만큼 줘야 된다 그것도 나 찬성하는 말인데 못하면 깎을 순 없잖아
04:10:38.67,04:10:42.84,못하면 왜 씀?
04:10:42.86,04:10:51.01,종종 있어요.
04:10:51.03,04:11:02.86,아니 어시스트들도 포폴이랑 실전이랑 뛰면 너무 차이 나는 애들도 많아가지고 앉혀놓고 그림 그려보게 시켜야 돼.
04:11:12.32,04:11:32.29,그래서 보통 시키고 샘플비 같은 정도만 주고 잠깐 일을 시켜보죠 어느 시간 안에 이거 할 수 있냐 없냐
04:11:34.48,04:12:02.23,예전에 레바 유튜브 수익 70% 편집자 월급으로 나간다고 했는데 어시 구하면 만화 수익 70% 어시 월급으로 주는 거임 개쩐다 대승권 미친 거야?
04:12:02.25,04:12:03.13,유니세프 너 그렇게 운영 안 하겠다 어시가 3D 에어브러시 애용하면 어떡할 거임
04:12:05.04,04:12:34.49,그럼 뭐 그것도 운명이지 애초에 어씨를 길게 붙잡고 있는 사람은 생각보다 없어요 웬만해서 다 자기 작품 하고 싶어하지
04:12:38.75,04:12:49.37,신인 작가들은 한 작품 시키고 오는 게 맞아 그래야지 경험도 쌓이고 어시를 할 마음도 들어
04:13:10.58,04:13:38.56,일단 만화계는 데뷔가 가장 쉬워요 이런 말 하면 데뷔 못한 사람들한테는 미안하지만 데뷔 자체가 그나마 쉬운 편이에요 데뷔 다음이 진짜 사천왕 중 그거라든지 그거라서 그렇지 데뷔가 제일 쉽고 그 다음에 연재가 어렵고 그 다음 작품까지 이어가는 게 이제 최종 단계
04:13:39.67,04:14:08.30,첫 작품까지 하고 있는 사람들은 생각보다 되게 많아요 두 번째부터 안 하지 그래서 작품이 적자가 나거나 하면 중간에 시즌제로 이렇게 종료시켜버리고 어시스트로 전업으로 하시는 분도 많고
04:14:15.25,04:14:42.55,외모는 외모는 내 시발
04:14:51.76,04:15:06.30,레바톤 안 그린 건 확정이냐고요?
04:15:06.32,04:15:09.00,대체 지금 어?
04:15:09.02,04:15:18.53,지금 준비하는 것도 연재가 될 거라는 확신 없어요 연재의 꽃까지 정해져야지 계약서 도장 찍고 하는 게 연재지
04:15:27.86,04:15:29.44,레바툰은 확신이 좀 크냐고?
04:15:29.46,04:15:54.86,레바툰을 하려면 그냥 인스타에 씨발 갈기면 돼 그래 내가 하고 싶으면 한다고 나 레바인데 여기는 언제쯤 연재하면 되겠나
04:15:59.01,04:16:03.56,1화 사티 화난다고?
04:16:03.58,04:16:24.22,내가 작품 완결 내고 꼭 해보고 싶었던 게 1화만 그린 게였어 어쩔 수 없었어요 죄송해요 그 정도면 아주 소박하게 소원 이룬 거지
04:16:45.04,04:17:06.26,근데 주변에선 우리 단투는 레바투나라고 닥달하는 포지션이라서 고민이 되기도 해
04:17:23.89,04:17:26.90,"에바톤에도 레진, 네이버 고민할 거냐고?"
04:17:26.92,04:17:29.94,그렇지 않을까요?
04:17:29.96,04:17:41.16,일단 작품을 떠나서 연재처 자체가 중요한 거니까
04:17:50.55,04:18:16.41,네이버에서 레바툰 하면 무조건 19금 달고 그래야지 말이 되는 소리래 일단 언어적 자유 필터링을 벗어나기 위해서라도 19금 걸어야 돼
04:18:20.42,04:18:47.19,레바툰 하면 트젠 철석이나 고스트 포켓몬보다 재밌는 걸 볼 수 있긴 할 듯.
04:18:47.20,04:18:47.75,트젠 철석은 반드시 레바툰으로 그려주셈 크크크크.
04:18:49.18,04:18:53.72,굳이 그걸 만화까지 그려야 될까?
04:18:54.43,04:19:17.10,애초에 내 지인에게 물어보고 그려야 돼요 그런 건 마음대로 그리면 안 돼 내 레바튼에서 나오는 주변 지인 얘기들은 웬만해서 다 당사자의 허락을 받고 올라온 만화들이에요 당사자 얘긴... 그래서 트젠은 아침이랑 업계 헤어짐?
04:19:17.12,04:19:17.16,맞아
04:19:23.57,04:19:25.43,진짜 친구 얘기냐고요?
04:19:25.59,04:19:27.35,그럼 씨발 내 얘기겠어 개자식아?
04:19:28.37,04:19:37.46,미친 새끼 아니야?
04:19:37.48,04:19:50.74,아이 뭐 이렇게 방송에서 얘기하는 거야 뭐 당사자의 신원이 보장돼 있으니까 그냥 얘기할 수 있는 거지만 만화까지 그리는 건 아예 씨발 박제잖아 언젠가 추적이 될 수도 있고
04:20:07.12,04:20:21.94,첫사랑편도 허락받고 그렸냐구요?
04:20:21.96,04:20:32.86,방사자한테 연락해서 허락받고 그린거임 몰랐게도
04:20:34.11,04:20:46.96,결론 추적되면 당사자가 나인 거 밝혀져서 안 그릴 거다.
04:20:46.98,04:20:47.12,후기 없냐고?
04:20:47.14,04:20:47.30,뭔 후기?
04:20:47.32,04:20:50.08,그렸을 당시에 나는 옛날 생각나고 좋았다.
04:20:50.75,04:21:01.38,약간 그 정도의 후기는 받았어요.
04:21:01.40,04:21:03.00,대체 내가 물어보고 그린 거니까.
04:21:10.56,04:21:11.32,운다 울어?
04:21:12.12,04:21:15.18,울기에는 너무 오래 지나지 않았나요?
04:21:15.20,04:21:16.20,그럼 스무 살 때가 15년 전이야?
04:21:16.68,04:21:39.37,미친 레전드 그때 태어난 애가 시발 중2에요 지금
04:21:42.86,04:22:02.80,남친이 있던 사람이 아니고 따로 좋아하는 사람이 있었다지.
04:22:02.82,04:22:06.34,애인 있는 사람.. 애인을 뺏은 게 아니에요.
04:22:06.70,04:22:09.53,말은 똑바로.. 만화를 똑바로 안 본 거야.
04:22:09.54,04:22:10.89,말을 X같이 하는 거야.
04:22:21.90,04:22:45.23,그럼 니가 허락 유일하게 안 받고 올린설은 박지만 유일한 크크크크크 개웃기네 아니요 나도 박자한테도 허락받았지 나 시발 주변인물 나오면 많아 그리면 일단 단톡에 올려서 교차검증 받아
04:22:45.66,04:23:06.81,그래서 박쥐가 지랄 연명하지 말라고 하면 다른 작가들이 저건 순화된 거다 이거 너무 사실을 숨기는 거 아니냐 약간 그런 피드백 오고
04:23:16.31,04:23:19.73,근데 언제 자냐고?
04:23:19.85,04:23:19.97,왜?
04:23:19.99,04:23:22.35,뭐 1시밖에 안 됐는데?
04:23:22.37,04:23:45.39,"심지어 커피도 한 잔 하고 있음 전 어제 6시, 7시쯤에 자서 2시에 일어난 다음에 던파하다가 원고하다가 8시에 방송 킨 거였어요 응?"
04:23:45.42,04:23:45.45,응응
04:23:50.68,04:24:07.16,요새 좀 일을 하니까 그나마 사는 느낌이 나가지고 아니 내가 얼마나 할 게 없으면 라스트 오브 어스 2를 누워서 플스로 하고 있어가지고 아 인생 이대로는 안 된다 싶어가지고 원고를 시작한 거거든요?
04:24:07.46,04:24:19.15,니을 드럭만이 나 살렸다 어 이게 하는지도 몰랐어요 죄송해요
04:24:24.92,04:24:44.48,바이오 리듬 다시 바꾼 격?
04:24:49.24,04:24:50.78,바이오 리듬 지금 나쁘지 않은데?
04:24:51.86,04:25:05.61,너무 아침 일찍 일어나는 것도 별로야 한 점심쯤 일어나는 게 그나마 이상적이야 프리랜서한테는 프리랜서는 또 밤에 은근히 그림 같은 게 잘 그려지기도 하고
04:25:20.51,04:25:22.88,세이브는 얼마나 쌓을 거냐고?
04:25:24.12,04:25:30.70,아니 세이브... 여러분 세이브도 연재가 확정이 돼야지 쌓고 말고 하는 거지 그니까
04:25:31.51,04:25:43.55,정확히는 그 완성 보통 평균이에요 절댓값이 아니라 완성본 1화에다가 콘티 4-5개 정도를 그려요 그걸 가지고 연재처에 씨발 가져가 어?
04:25:43.57,04:25:44.59,그래서 한번 보실?
04:25:44.95,04:26:00.57,해가지고 딱 그렇게 보여주고 OK냐 NO냐 뭐 수정 이거 수정하면 OK다 약간 그런 식의 피드백을 받고 이제 계약서를 작성한 다음에 이제 연재 시기를 잡는 거죠
04:26:02.61,04:26:28.08,제 이름은 만화가 입니다.
04:26:29.97,04:26:55.72,신작한다는 정보가 너무 빨리 풀려서 그래 크크크크 나 정보면 연재 되게 빨리빨리 준비 잘하는 편이야 아니 보통 작가들이 작품 하나 완결나면 기본 몇 년은 소식도 들을 수 없어요 진짜 소식을 수소분해야돼 금화가 나려면
04:27:01.71,04:27:19.21,그래 좀 잠수 타면서 자기 못 누렸던 인생 즐기고 오는 게 그게 정상적이긴 해
04:27:30.21,04:27:59.93,그리고 작품이 끝나고 아예 필명을 바꿔서 돌아오는 분들도 많고요 그건 뭐 다양한 이유가 있겠죠 다시 시작하자는 마음도 납득되고 아니면 연재처의 권유로 바뀌는 경우도 있어요
04:28:10.39,04:28:11.95,그러면 어떻게 알아보냐고?
04:28:12.45,04:28:19.96,보통 그림 그리는 사람이라거나 좀 만화를 즐겨본 사람이면 그림체에서 티가 나죠?
04:28:19.98,04:28:36.60,근데 스토리 작가 같은 경우는 오히려 필명 바꾸면 진짜 알아보기 힘들지 그림 작가는 그나마 알아보기 쉬운데
04:28:39.33,04:28:41.73,버튜버 같은 거래?
04:28:41.76,04:28:59.45,아니 그런 식으로 어... 거유법으로 하니까 알아보기 쉽네요 그쵸 환생을 하는 경우도 종종 있습니다 마다가들도
04:29:01.77,04:29:19.91,준비기간이 긴 것도 그렇지만 이렇게 장르까지 바꿔가면서 여러 작품 완결친 작가가 엄청나게 드물지 레바튼의 던속사의 던파면 3개 완결친 건가?
04:29:19.93,04:29:27.34,던파는 약간 그래도 일단 던파도 진짜 그 알주하는 만화치고는 제 자아가 진짜 많이 들어간 만화라서 그렇게 보통
04:29:29.85,04:29:54.12,발주하는 만화에는 자아 넣는 거 허용 안 되거든 그나마 내가 지랄연병해서 좀 이렇게 한 거지
04:29:56.50,04:30:25.98,레바가 휴대중 즐긴 인생 목록 첫번째 무수한 문어발식 버튜버 팬되기 두번째 게임 던파 사이퍼즈 롤하기 세번째 던파 도파민에 만족하지 않고 주식해서 도파민은 못 얻고 스트레스 얻기 난 즐기고 있네 그러니까 되돌아보면 너무 내가 마다 연재 말고 다른 삶을 즐기는 적이 없긴 해서 다 새롭긴 해
04:30:33.59,04:30:54.89,아 원래 있었는데 검열당 이렇게 특정 유저를 연상케 하는 캐릭은 넣지 말라고 해서
04:31:18.90,04:31:47.66,핵심이랑 조화영이 확실히 개성 넘치긴 하네 쟤네 둘 보니까 갑자기 주인공이 생각이 안나
04:31:51.99,04:32:18.79,그 참고해서 많이 그려야겠네 얘도 주인공이에요 사실 이 3인방이 하나가 세트라서 음 음
04:32:33.00,04:32:44.14,으음... 으음...
04:33:07.76,04:33:27.89,그나마 이제 좀... 그러게요 저도 작품을 그나마 준비하니까 만화 얘기를 할 수 있네 뭐지?
04:33:27.91,04:33:28.25,요즘 애들도 후드 입냐고?
04:33:28.41,04:33:32.43,존나 많이 입지 거의 후드 위주로만 입지
04:33:46.74,04:34:14.93,음... 음...
04:34:19.04,04:34:41.39,나오더라도 얘기는 안 하겠죠?
04:34:52.25,04:35:12.29,여기도 계열검 드립 칠거냐고?
04:35:12.31,04:35:16.87,그때쯤엔 이미 플레이어가 완결 나있었을 것 같아서 이제 안 할 것 같은데?
04:35:21.17,04:35:48.95,형 근데 붉은 사막은 할 생각 있나요?
04:35:48.97,04:35:49.21,없어요 저중에 순천에서
04:35:50.62,04:36:17.11,없어 왜 자꾸 순천 타령이야 아.. 이 멘트 지워놔야겠다 아 근데 얘 너무 숨막혀 보인다 살을 좀 뺄까?
04:36:17.13,04:36:17.27,붉은 차마크가
04:36:21.05,04:36:30.35,신뢰잖아요 캐릭터한테
04:36:47.24,04:37:13.56,오타쿠 아싸가 학교에 침입한 괴한 물리치고 용사 힛멜리라면 그랬을 테니까 라고 말하면서 학교 영웅 되는 에피소드 있으면 눈물 흘릴 듯 어 왜 깜짝이야 이 새끼 튀어나올 때마다 저다 깜짝깜짝 놀라대 이런 거 도움 되는 듯?
04:37:13.58,04:37:13.60,어
04:37:30.93,04:37:41.44,용독의 트라우마체
04:38:08.17,04:38:30.77,3 그럼 펑퍼지만 온난이 보니까 그리기는 쉽게 끝에 설마 우리 몰래 던다 결장 플랫 찍은거 아니지 찍은거면 우리 많이 사오네 올드 4 에요 골드 3 직전까지 갔다가 올라갔어 다시 그림작가들은 다 과거에 자신에게 살이
04:38:32.42,04:38:48.97,하지만 그 과거에 자신이 없었으면 현재 자기도 없기 때문에 결국에 납득하는 편이에요.
04:38:48.99,04:38:50.35,멘트 준비해놨냐고요?
04:38:50.37,04:38:50.45,아니요.
04:38:51.21,04:38:55.76,하지만 너무 많이 들어본 질문이라서 사고가 이미 정해져있어.
04:38:59.96,04:39:22.86,그래도 빡치는 건 똑같죠 근데 어쩔 수 없잖아 개빡치지만 어쩔 수 없음 그 당시 최선이었어 요 봐 나름 어?
04:39:25.36,04:39:50.06,머리카락 사이사이 눈 겹쳐진 것도 지우고 가슴 흔들리는 묘사도 넣고 나름 가랭이에 이 삼각형도 넣고 이 새끼 최선을 다했네 과거 이승권 용서해준다
04:40:00.08,04:40:28.22,저 시절 때는 그냥 냅다 가슴만 지운 이응큼 크크크 실력은 미천하지만 성욕은 더 강했던 과거의 이승권 그 말 맞는 것 같음 약간
04:40:29.29,04:40:51.67,플라스크 속에 있는 호문클로스 같은 존재였달까?
04:40:51.69,04:40:52.29,누가 그렇대?
04:40:52.39,04:40:53.63,존나 극단적이네
04:41:17.63,04:41:36.46,사슴벌레 그려 달라고?
04:41:49.97,04:42:17.80,이거 개미인가?
04:42:24.47,04:42:48.58,일상복 그리는 거 좋다 요즘 역시 그림은 오리지널 그림들 그릴 때가 가장 여러모로 좋은 것 같아 그림청 받아서 그리는 그림도 나름 괜찮지만 역시 내 그림체로 편하게 그림 그릴 때가 가장 편하달까
04:42:55.55,04:43:24.00,그쵸 일단 자유도가 있고 음음
04:43:29.16,04:43:39.42,가끔 투표뱅에서 뽑힌 캐릭터들도 형이 생각한 사복 좀 입혀줘.
04:43:39.76,04:43:40.48,원래 옷 안 입는다고 사람들이 못 알아보지는 않을 것 같은데.
04:43:40.50,04:43:40.56,아니?
04:43:40.58,04:43:40.88,못 알아볼 거 존나 많은데?
04:43:40.90,04:43:49.05,생각보다 서브쿨처 캐릭터들 그 복장으로 구분 안 시키면 그게 그거인 캐릭터 은근히 많아가지고 다 어디서 본 듯한 캐릭터가 돼.
04:43:49.29,04:43:52.02,머리만 둥둥 입고 그냥 사복 입혀놓으면.
04:43:58.17,04:44:08.74,"당장 핑크 머리만, 머리카락만 하나 그려도 막 뭐 미카네 뭐 니케 누구네 막 이러면서 막 자기가 아는 핑크 머리 캐릭터 다 나온다고"
04:44:28.55,04:44:44.19,공서연이만 안 그렸네.
04:44:44.21,04:44:47.31,쇼트컷 쿨계 왕자님 없냐고?
04:44:47.33,04:44:52.29,쇼트컷 쿨계열 역해는 있는데 왕자님까진 모르겠네요.
04:45:02.30,04:45:27.22,얘 은근히 남장 시키면 되게 잘생겼을 듯?
04:45:27.24,04:45:30.78,앞머리 깐 캐릭터가 없다고?
04:45:30.80,04:45:31.88,있어 여기 있네
04:45:41.47,04:45:54.19,여기도 있네 준비는 잘 하고 있냐고요?
04:45:54.21,04:46:00.50,뭐 캐릭터야 늘 심심할 때마다 그렸으니까 만화 자체는 준비한 지 3일 됐어요
04:46:17.17,04:46:19.88,이번 연도 안에 복귀하냐고?
04:46:20.22,04:46:44.90,그 정도면 존나 빨리 하는 거지 올해 안에 시작하는 거면 존나 빠른 거죠 냅다 그냥 만화만 준비됐다고 바로 냅다 시작할 수 있는 게 아니라니까요 막 지금 어디 카연게레 올리는 거 마냥 이미지 첨부해서 그냥 만화 올리는 그런 시스템이 아니라서 일단 일련의 과정은 다 겪어야죠
04:46:47.80,04:47:12.29,할 수도 있지 일단 예전처럼 빡세게 만화를 그리진 않을 거야 그건 이미 마음속으로 정해놨어 난 이제 옛날에 너무 불태워가지고 그럴 체력이 없어
04:47:22.75,04:47:42.54,호폴도 올렸니?
04:47:42.98,04:47:49.35,얼마나 어디 뻔뻔함 강도 좀 볼까?
04:47:53.26,04:47:54.52,어시스트 지원합니다?
04:47:54.68,04:48:16.72,야이 개자식아 넌 돈 주고 배워야 돼 안돼 이걸로는 너 뭐할건데 어시하면
04:48:20.72,04:48:36.60,20대에는 병원가면 리스폰 기스무리하게라도 됐지 30대에는 고장났다고 병원가면 호질병 디버프 달고 퇴원하지 ㅇㅇ 알고 싶지 않았지만 젠장 그래도 진심이었네?
04:48:36.62,04:48:46.65,지원을 할 수 있지 말 ㅈ같이 한다고요?
04:48:46.67,04:48:46.73,아니?
04:48:46.75,04:48:46.87,뭐 해줄까?
04:48:46.89,04:48:49.37,말만 해 만화과 재학 중 일단
04:48:52.07,04:48:58.89,어... 노수님들한테 잘한다는 칭찬 많이 들음?
04:48:58.91,04:49:17.65,일단... 졸전해서 보자 그때까지 어... 잠깐만 일단 학생이면 군대도 가야되잖아 저거 얼탱이가 없네?
04:49:17.67,04:49:20.03,일단 어시스트 무조건 군필이에요
04:49:24.45,04:49:28.26,갔다 왔을 수도 있지?
04:49:28.88,04:49:29.74,그럴 수도 있죠?
04:49:42.59,04:49:45.32,"이렇게 생각하니까 진짜 부담리하네, 남자."
04:49:47.42,04:49:50.32,뭘 하든 간에 군대의 유무가 존나 중요해.
04:49:50.80,04:49:52.37,진짜 개짜증 나네.
04:49:55.67,04:50:06.54,맞긴 한데 그만?
04:50:06.56,04:50:22.39,오케이 일단 화장실 가져올게요 아니 일단 이 정도 불만을 할 수 있는 게 난 고용하는 입장이라서 당연히 불만을 얘기할 수 있어
04:50:22.94,04:50:50.15,아니 존나 인잰데 갑자기 곧 군대 가야 된다 막 이러면 진짜 존나 개짜증나고 화나지
04:50:52.12,04:50:54.99,날에 반대 사용은 해주네 유유
04:51:41.95,04:52:06.21,댓글창 왜 똥밭이냐고?
04:52:06.69,04:52:07.21,뭔소리야
04:52:21.02,04:52:23.56,방사 카페 가보라고?
04:52:23.58,04:52:49.37,아 맞아 그 어시스트 평균을 알고 싶으면 방사 카페가서 구인 구직 란을 보시면 됩니다 방사라는 카페가 있어요 저는 구직 구한다면 배경이랑 밑색 그림자 보정?
04:52:52.81,04:52:53.91,뭐에 줄임말이냐고?
04:52:53.93,04:53:12.94,나도 알고 있었는데 까먹었다 잠깐만 나도 한번 안 들어간지 너무 오래돼서 방방곡곡 창작을 배우는 사람들이라는 오래된 카페입니다 9인 9집 포트폴리오
04:53:24.45,04:53:44.90,여기에 보면 이렇게 구인하는 많은 작가님들이 많은데요 일단 최소 컷이에요
04:53:51.06,04:54:18.22,근데 웬만해서 저런데서 구인하는 것도 많지만 보통 작가들끼리는 어시스트를 자기 하던 애를 이렇게 소개받아요 인계받지 보통 자기 작품이 끝나면 얘 이제 일 없어지니까 쓸만하니까 잘 대접해서 이렇게 데려가라 그런 식으로 얘기 나오면 이렇게
04:54:23.49,04:54:40.69,돌려쓴다는 표현은 좀 쓰지 말고 어?
04:54:40.71,04:54:44.22,뒤에 고양이는 무슨 고양이냐고요?
04:54:44.24,04:54:47.98,포롤리라는 고양이인데요 아주 귀엽답니다 폴롤리
04:54:54.91,04:55:19.88,또 누구를 아 홍소연이 안 그려봤지 음
04:55:21.71,04:55:51.70,볼롤리 정도면 아직도 여전히 개냥이지
04:55:59.56,04:56:23.75,그래도 예전에 비해서 스튜디오 작품은 많이 줄었겠다 요새 웹툰 쪽이 약간 옛날에 비해서는 좀 불황이라 옛날이 너무 거품이었던 거지 지금 불황이라고 하긴 애매하고
04:56:24.54,04:56:33.59,예전에 코로나 때가 진짜 웹툰 쪽이 엄청나게 붐이었어가지고 그때 스튜디오 작품이 막 쏟아졌단 말이죠?
04:56:33.61,04:56:52.49,그때 너무 많은 작품 수가 늘어나가지고 독자도 혼란하고 작가도 혼란하고 음...
04:56:53.18,04:57:21.48,모은 먹잇감이었죠 제 생각엔 그래요 일단 그 당시는 일단 웹툰도 많이 보기도 한 웹소설 웹툰 많이 보는 시절이라서 코로나 때가 그 사업 머리 있는 사람들 사이에서 이제 웹소설 중에서 기존 팬덤이 있는 웹소설을 가져와서 작가들한테 월급 주면서 글그림 나눠서 이렇게 만화 연재를 시키면 그건 복사가 되니까
04:57:22.67,04:57:27.35,그때 크고 작은 스튜디오가 진짜 많이 생기고 없어졌죠
04:57:43.78,04:58:13.56,"그렇죠 스튜디오 작품은 웬만해서 진짜 딱 그 역할 분담이 확실하게 되어 있어서 공장이라고 불리는 이유가 있어요 그냥 막 쏟아져 나와서 공장이 아니라 진짜로 뭐 파트별로 진짜 뭐 그림 작가 1, 2 나눠져 있기도 하고 그 콘티 글 콘티 그림 콘티 그림자 미세 어?"
04:58:13.58,04:58:13.65,보정 어
04:58:14.77,04:58:42.19,등등등등등 일단 최소 일단 스튜디오 작품이면 최소 8명에서 10명은 들어가요 그래서 여러분이 그 스튜디오 작품 보면 그 막 은근히
04:58:44.15,04:58:52.30,끼워 맞춰져 있는 듯한 안 맞는 사람들이 억지로 끼워 맞춰져 있는 듯한 글그림 만화들이 은근히 있어요.
04:58:52.32,04:59:12.35,이게 말로 설명하면 이게 설명이 잘 안 되는데 되게 위화감이 느껴지는 그런 작품들이 꽤 있죠.
04:59:27.31,04:59:50.50,그래도 오히려 그래서 스튜디오 작품이 많아지니까 개인작가 작품이 더 은근히 부각되는 그런 약간 작용도 있기도 해서
05:00:05.11,05:00:08.00,어씨로 일러레도 뽑냐고요?
05:00:08.02,05:00:27.96,실력만 된다면 못 뽑을 거 없죠 대신에 일러레 분들은 대체로 손이 느린 경우가 많아요 이게 절대값이 아니라서 상대적인 건데 보통 일러스트 하는 분들은 만화 템포에 잘 못 따라오세요 안 그러면 아니면 퀄리티를 많이 낮춰야 되지
05:00:31.28,05:00:34.19,까다롭다가 아니고 시발 아니 평균이라니까요?
05:00:34.29,05:01:01.04,저는 그나마 관대한 편이에요 아니 주간 마감이라는 절대값이 있는 이상 속도는 그냥 기본으로 빨라야 돼요
05:01:02.38,05:01:05.23,일로 웹툰 다 뛰는 사람들 보면 뭔 생각 드냐고?
05:01:05.25,05:01:05.83,누가 있는데요?
05:01:06.11,05:01:29.91,예시 좀 들어봐.
05:01:29.93,05:01:30.09,나는 관대하다.
05:01:30.11,05:01:30.45,나 말고 다른 것들이 집어갔다.
05:01:33.38,05:01:34.67,김도님?
05:01:34.95,05:01:44.12,김도님 지금 일러 작업도 하세요?
05:01:44.14,05:01:44.60,만화나?
05:01:44.70,05:01:49.63,김도님 얘기가 나오네?
05:01:49.65,05:01:53.45,김도님은 방송 자체를 어마어마하게 많이 하시는데
05:02:03.83,05:02:30.44,말년 작가님은 왜 나와 갑자기 그냥 아는 웹툰 작가들 다 나열해놓지 말라고 싫어요
05:02:36.11,05:02:48.13,만화가 비효율적이긴 해?
05:02:48.71,05:03:05.71,근데 진짜 심 냉정하게 만화가는 아니 만화가는 사람은 진짜 이거 아니면 죽겠다 약간 그런 마인드를 가진 사람들이 많아서 진짜 비효율적인 직업이긴 해요 만화가 일단
05:03:06.69,05:03:22.13,적어도 90%는 최저시급이 안 나와 그래서 그냥 만화 아니면 나 시발 차라리 죽겠다 약간 그런 마인드의 사람들이 인근이 만화가를 계속 차지하고 있고
05:03:35.51,05:04:01.99,예체능 쪽은 다 그렇잖아 그쵸 정확해요
05:04:05.39,05:04:32.85,그나마 유튜브라는 생태계가 생겨서 예체능 계열의 그나마 옛날에 비해서 활로가 생겼다고 생각하는 편이라서 예를 들어서 음악하시는 분들도 그나마 예전에 비해서 진짜 활동의 영역이 달라졌잖아 만화가려고 만화가는데도 미래가 무섭다?
05:04:33.11,05:04:34.71,정상이에요 10정상입니다
05:04:43.14,05:04:54.81,사실 그렇게 따지면 미래가 안 두려운 과가 없지 않아요?
05:04:56.22,05:04:56.26,요새
05:05:34.61,05:06:01.80,뭐 그냥...
05:06:06.10,05:06:27.96,그냥 이런 새끼인 거지 딱히 특별한 건 모르겠고 제가 이상한 그냥 별난 새끼인 거예요 아니 애초에 그 만화랑 방송을 겹업한다는 것 자체가 말이 안 돼요 전 지금도 똑같이 생각하는데 말 안 돼
05:06:42.62,05:07:04.78,방황도 과정이라고 생각해요
05:07:26.24,05:07:47.45,다른 사람과 자기를 비교해서 그걸로 추진력을 얻을 수 있다면 비교를 해도 되는데 그게 아니고 기분만 X같아진다면 비교는 스스로만 하는게 좋죠 지금의 나처럼 개자식아 나 이거 틀어놓고 있는거 안보여?
05:08:00.21,05:08:14.22,할 수 있어 너희라면 그러니까 어제 나보단 낮게 그린다 약간 그 마인드면 뭐든 될 것 같아요 그림 하시는 분은
05:08:23.67,05:08:34.24,뇌바를 기준점으로 삼는 사람들이 많은데 뇌바도 태어날 때부터 난놈은 아닌뒤도 20년 스트릿 출신으로 고졸 출신으로 이 정도까지 올라온 거인 크크... 그러는 놈이 어시구 할 때는 존나 냉혹하다고?
05:08:34.90,05:08:35.77,아니 그 당연한 거 아니야?
05:08:35.99,05:08:48.51,확 김에 사람 뽑는 게 얼마나... 진짜 서로에게 민폐인지 몰라?
05:08:52.72,05:09:07.47,지금 그림 그리면서 보고 있는데 너무 즐거워 고마워 혁 고마워요 저 시절 내봐도 지도 어시도 안 뽑을 듯 당연한 거 아님?
05:09:07.95,05:09:22.43,나 애초에 나 어시를 다룰 그 능력조차 안 된다고 생각해서 시작한 게 도속사였어 적어도 이 작품 하면서 어시를 나중에 훗날 고용할 수 있는 실력은 되자 하고 시작한 게 도속사였는데
05:09:27.52,05:09:41.17,맞아 적어도 일을 시킬거면 나도 그정도는 할줄 알아야지 독립만화 원고하는데 죽고싶어요?
05:09:41.19,05:09:41.65,독립만화?
05:09:42.19,05:09:44.66,글그림 혼자 한다는 소리인가?
05:09:44.68,05:09:46.88,힘내세요 요즘 쉽지 않죠 그거
05:10:02.62,05:10:25.86,나 그럼 개인 작품 하나 완결까지 끝내고 다시 어시 신청하러 울게 기다려
05:10:26.97,05:10:53.96,아 힘내세요 근데 진짜 한 작품 해보고 말고 그 차이가 진짜 어마무시해요 웬만하면 비정기든 정식연재든 한 작품은 해보는게 진짜 좋잖아
05:10:55.76,05:11:06.72,번속사는 남의 손 거친 유일한 부분이 단투님이 채색해줬다는 거 한 장 빼곤 없지 않음?
05:11:07.12,05:11:08.81,아 마지막 화에 이거는 어시가 아니라 거의 축전 같은 느낌으로 해줬지
05:11:33.29,05:11:37.88,10년만 기다려?
05:11:37.90,05:11:42.58,10년 뒤면 나 45이네?
05:11:42.60,05:11:55.00,X됐다 워킹데드잖아
05:11:59.85,05:12:20.56,너희가 그래서 레바만큼 바꾸는 데 여기서부터 만화가 컷 라인 갈라지는 거임 갑자기 와 구역의 씨발 왜 다음 4 지금 서른 다섯이죠 9 22년생 입니다
05:12:23.70,05:12:34.29,래바야 보통 고등학교에 공익 에이전트 형님들 있던데 그분들 위험할 때마다 도와주러 달려오는 개그캣 듀오로 그리면 재밌을 것 같지 않음?
05:12:34.35,05:12:49.54,뭐 소재 자체는 뭐 어떻게든 쓸 수 있겠죠 흐음
05:12:52.91,05:13:18.80,옛날에 시궁창 번지 그릴 때 아예 치밀어 그린 거냐고 당연하죠
05:13:26.03,05:13:31.86,풍선에 점이 안보인다고?
05:13:31.88,05:13:38.54,아직 안그림 점은 원래 차기작에서 보여주고 싶은 느낌이 있냐고?
05:13:38.56,05:13:41.00,글쎄?
05:13:41.02,05:13:45.19,그냥 막 한편 한편 재밌게 만드는게 목표죠 항상 그랬듯이
05:13:53.49,05:14:20.42,난 이 북으로 다른 만화 볼 때도 막 스토리가 기대되는 그런 만화보다는 봤을 때 재밌는 만화가 더 좋아요 아 반가워요
05:14:23.17,05:14:25.38,뭐가 다르냐고?
05:14:25.40,05:14:43.05,글쎄요 그렇게 말하면 내가 할 말이 없는데 일단 취향 차이죠 뭐 그러니까 막 누군가는 막 빌드업 쌓고 막 그 뒤에 떡밥을 회수하는 그런 과정에서 재미를 느끼는 사람도 있잖아요?
05:14:43.07,05:14:46.73,난 그런 것보다는 지금 당장 재밌는 게 더 중요하다 이거지
05:14:55.96,05:15:25.86,예를 들어서 그나마 최근에 본 만화 중에서는 극주부도 같은 것들 그런 분위기들 좋아해요 매화 그냥 딱 재밌으려고 그린 느낌 맞아요 옴니버스를 더 좋아해요 스토리보다는
05:15:29.20,05:15:54.72,옴니버스를 하면서도 스토리도 유지할 수 있어 중간중간 이렇게 등장인물로 요새 보면 필드업 회차는 별점 조지고 필드업 회수하는 회차만 별점 높고 이런 것들 좀 있던데
05:16:00.27,05:16:24.35,작가들의 심리가 궁금하다면 불타라 펜이라는 만화를 보시면 거기에 다 나와있어요 음...
05:16:32.10,05:16:54.22,난 은호는 안 봤어요 그걸 아직 모르는 거죠 그 전개 속도에 따라 달라지겠죠
05:16:56.80,05:17:18.79,아 맞아요 윤창 작가님 작품은 저도 다 싹 다 좋아요
05:17:27.13,05:17:55.53,음... 음... 음... 지금 인생에서?
05:17:55.55,05:17:55.61,아니?
05:17:56.98,05:18:10.65,만화가 말고 다른 직업 하기 싫어요 원래 중고등 때는 만화가가 되고 싶었지만 그때는 웹툰 시장 자체가 없었단 말이죠?
05:18:10.67,05:18:25.90,그래서 광고 업계에서 광고 만드는 게 꿈이었는데 음...
05:18:26.58,05:18:54.90,돌고래 유괴단 그런 데 들어가서 막 광고 만드는 게 나름 약간 내가 지향하는 포인트였는데 대학 갔다 데뷔랑 안 가고 데뷔랑 뭐가 다르냐고요?
05:18:56.12,05:18:56.16,일단
05:18:57.79,05:19:22.63,솔직히 말하면 데뷔할 놈은 대학 안 가도 데뷔해요 전문 과정을 겪은 시점부터가 일단 작화가 차이가 나거나 스토리 짜는 실력이 달라지거나 그렇겠죠 인맥 차이나?
05:19:23.85,05:19:24.86,인맥?
05:19:24.97,05:19:26.96,만화 업계에 인맥이 무슨 소용인데
05:19:31.88,05:19:59.61,웹툰 작가가 인맥 쌓아봤자 웹툰 작가 모임에서 막 아 너무 반가워 오랜만이야 이거밖에 더 돼요 우울증이야 막 뭔 소리야 웹툰 작가 두 명이면 두 명 다 우울증 환자야 왜 아무것도 모르시네
05:20:01.72,05:20:15.86,네 한 명이 아 죽고 싶어 이러면 다른 한 명이 듣고 아 같이 죽자 약간 이렇게 된다고 씨발 멀쩡한 사람이면 애초에 웹툰 작가 안 해요 늘 말하지만
05:20:33.49,05:20:34.37,맞아.
05:20:34.90,05:20:39.14,다 같이 폭사하자 마인드라니까.
05:20:39.16,05:21:01.49,그렇게 따지면 뭐 요새 사회가 안 힘든 직업이 어디 있겠습니까?
05:21:03.29,05:21:27.30,그니까 대충 하루카랑 미우랑 유즈랑 히어리를 한방에 넣어둔다는 거죠?
05:21:27.44,05:21:27.92,그렇죠 그냥 모든 게 쉽지 않죠?
05:21:27.94,05:21:31.21,쉬워 보이는 건 그 사람이 존나게 잘하고 있다는 뜻이고
05:21:31.70,05:21:55.80,요새 뭐 쉬운 게 어디 있겠어 요즘은 딸 한번 치는 것도 어려워?
05:21:55.82,05:21:59.20,그런 얘기는 지금 할 타이밍이 아닌 거 같아요 어이탱이었네
05:22:04.75,05:22:30.42,눈에 좀 더 포인트를 줄까?
05:22:31.62,05:23:00.68,글쎄... 원래 뭐든지 되짚어보고 시간이 지나서 지적하면 말이 안 되는 게 없죠
05:23:12.96,05:23:34.94,맞아요 만화가가 그게 존나 문제에요 혼자 만화그리면 진짜 정신병 고구려 와서 진짜 진짜 정신병자 된다니까?
05:23:34.96,05:23:41.57,뭐 가짜 정신병자 있는 것도 아니긴 하지만 아무튼 만화가가 최대 단점이
05:23:42.95,05:24:10.47,어휘력을 잃어간다는 거예요 이제 대화할 상대는 없이 혼자 그림 그리다 보니까 이게 거기서 오는 그 외로움도 있고 게다가 이 만화가가 사람들이 나오는 이야기를 그리는 건데 사람을 못 만나니까 더 거기서 오는 충격도 반동도 있고
05:24:21.49,05:24:29.04,정병 요건이 대체 몇 개냐고?
05:24:29.06,05:24:34.50,아니 그니까 진짜 만화가가 그냥 정병이 올 수밖에 없는 환경이 처해 있다니까?
05:24:34.52,05:24:49.96,그냥 무조건이야 노동이면 노동이고 사람 못 만나고 슬럼프 언제 심했냐고요?
05:24:51.14,05:25:02.33,적어도 연재 중에는 없었어요 일단 멈추면 뒤진다 마인드였어가지고 오히려 연재를 다 끝내고 나서 약간 슬럼프가 온 듯?
05:25:05.59,05:25:07.17,그건 슬럼프라기보다 현저타임이죠.
05:25:08.11,05:25:14.02,그러니까 예전에는 너무 달리고 있어서 멈추면 넘어질까봐 존나 두려웠단 말이죠.
05:25:14.04,05:25:34.58,"근데 막상 멈추고 나니까 아무 딱히 별탈 없으니까 아, 씨발 하면서 그냥 주저앉아서 들어 누워있는 느낌?"
05:25:34.60,05:25:35.10,물점 모르고 탈세해버린 역사의 혼잣말 그림자가
05:25:36.52,05:26:05.24,그런 사람 많아요 당연한 거 아니에요?
05:26:08.31,05:26:34.74,그건 뭐든 그런 거 같긴 함 퇴사해도 2주 정도 지나면 여유가 없는 건 아닌데 와탓이 이대로 괜찮은가 생각이 들긴 하더라 맞아요 요즘 유튜브의 프리랜서 세금 정산 액이 나오던데 어렵더라 그래서 웬만해서 그래서 세무사가 존재하는 거죠 약사의 혼잣말 그래서 탈세 버전 탈세 안 한 버전 나뉘지 않음 트크트 어
05:26:43.07,05:27:10.41,최근에 산 그 여러가지 포즈 작법서 인데요 이런식으로 여러가지 자세가 있습니다 낙서 할 때 참 욕이 나겠다 싶어서 하나 샀는데 이런식으로 각종 자세가 있어요
05:27:26.44,05:27:28.52,글투에 3D 만지작 있지 않냐고?
05:27:28.54,05:27:48.11,아 나 그 3D로 다... 3D 위에 그림 그리는 거 진짜 하등 쓸모없다고 생각해요 시간 절약은 좋겠지만 그렇게 하면 발전이 없다고 생각하는 바라서 물론 그렇게 해도 잘 그릴 사람은 존나 잘 그립니다
05:28:00.46,05:28:25.98,아직 연재되지도 않았는데?
05:28:30.80,05:28:51.23,요즘은 차 얘기 안 하냐고요?
05:28:53.15,05:28:53.43,그쵸?
05:28:55.34,05:28:56.02,요새 차에 흥미 떨어지는데도 꽤 오래된 것 같은데 요새 좀
05:28:57.72,05:29:05.04,애초에 원래 벤츠를 그나마 제일 좋아했는데 중국자본에 먹히고 나서부터 디자인이 갑자기 좆박아가지고
05:29:31.06,05:29:32.49,타고 있는 차?
05:29:32.61,05:29:56.66,쏘렌토 하이브리드요 음 이 자세히 그려보는 것도 재밌겠다
05:29:58.60,05:30:19.20,"어차피 지금 기름, 밥 때문에 자고 못 타 이 차기작 아직 연재도 안 하고 이제 막 콘티 짜는 단계지만 93만 6년을 넘게 보니 벌써 후소고해전에 애들 10년 후 결혼해서 유부녀로 살아가는 것까지 벌써 뇌, 뇌, 심율 다 돌아갔음 그 정도야?"
05:30:19.22,05:30:19.40,상상력이 풍부하네
05:30:20.76,05:30:35.62,큰 10년 이상 다른 일하다 하고 싶어 했던 그림으로 다시 배우는 중입니다.
05:30:35.64,05:30:36.14,강사님이 미친놈이 원래 재밌게 한다 했습니다.
05:30:36.16,05:30:36.28,감사합니다.
05:30:36.30,05:30:37.90,맞아.
05:30:37.92,05:30:44.49,대체 만화가가 사고가 정상적이면 평범한 만화밖에 못 뽑아요.
05:30:44.51,05:30:45.89,되게 당연한 얘기지만
05:30:48.59,05:31:16.69,남들이 생각 못하는 이야기를 뽑아야지 그게 팔리는 작품이고 만화가 가치가 있는 거잖아요?
05:31:18.69,05:31:26.90,근데 핀터나 인터넷으로 포즈 안 찾고 책을 굳이 사서 쓰는 이유가 있나요?
05:31:26.92,05:31:48.51,일단은 일단 책은 집안에 굴러다니면 수시로 보게 돼요 그게 커요 눈에 계속 띄냐 안 띄냐 인터넷 자료는 당연히 검색하면 편하긴 한데 찾아보는 게 그때그때라서 근데 이렇게 책으로 있으면 그냥 수시로 들여다보게 되더라고요
05:32:01.27,05:32:05.53,예를 들어서 이런 책 사두고 화장실에 두면 돼요.
05:32:05.55,05:32:21.62,그래서 핸드폰은 두고 거기서 그냥 응가하면서 그냥 시험 때 보면서 그림 작법서를 봐.
05:32:23.59,05:32:33.70,음...
05:32:55.57,05:33:21.70,이 책에 되게 역동적인 자세가 많아서 한번 읽어보고 있어요.
05:33:59.04,05:34:13.35,나도 그런 과제 같은 거 하면서 살았으면 좋았을 텐데
05:35:11.08,05:35:27.53,음음음
05:35:43.24,05:35:50.93,왜?
05:35:51.21,05:36:02.01,옷은 원래 입혀있었다고
05:36:17.92,05:36:42.81,아 그 구멍이 좋았는데 바지에 구멍 뚫린 줄 알고 역시 네바 이러고 있었는데
05:36:44.75,05:36:57.90,아니 그 시절이었으면 이런 자세에 엄두도 못 냈어
05:37:28.64,05:37:30.03,음음음
05:38:02.22,05:38:23.71,올 더 비 오냐고 글쎄요 여기 나오는 것 같은데
05:38:42.71,05:39:10.85,어?
05:39:10.87,05:39:10.99,그게 뭐야?
05:39:11.01,05:39:11.09,만화야?
05:39:14.84,05:39:15.28,영화?
05:39:15.42,05:39:25.49,이번에 새로 나온 건가요?
05:39:25.51,05:39:25.61,아 그래?
05:39:25.63,05:39:44.24,봐야겠다 나 마션은 진짜 한 10번은 봤거든 말 나온 김에 마션 OST나 들을까요?
05:39:44.26,05:39:44.32,스타맨
05:39:55.03,05:40:04.38,이번달에 섬광의 하사웨이 나온다!
05:40:04.40,05:40:04.48,뒤졌다!
05:40:04.50,05:40:04.60,딱 때라!
05:40:25.41,05:40:54.23,다음 영상에서 만나요
05:40:58.31,05:41:22.30,다음 영상에서 만나요.
05:41:30.39,05:41:35.47,인성 갈 때까지 몇 년 보냐고?
05:41:35.50,05:41:39.07,글쎄요 솔직히 달 표면 기지 건설이 더 빠르지
05:42:01.33,05:42:28.36,애초에 가는 시간만 6개월인데 그 6개월을 우주선에서만 표류할 수 있을까?
05:42:28.38,05:42:29.22,직선으로 쏘면 안되냐구요?
05:42:30.96,05:42:43.00,가장 최단거리로 쐈을때가 6개월일걸?
05:42:43.02,05:42:44.10,이번에 달간거 봤냐구요?
05:42:44.52,05:42:53.47,이번에 아르테미스 2호 발사됐죠?
05:43:02.61,05:43:15.38,음...
05:43:31.89,05:43:59.49,아 베리드 전 재밌게 봤어요 좀 호불호가 은근히 갈릴 것 같긴 한데 전 재밌게 봤어요
05:44:02.42,05:44:28.31,또 다른 자세 없나?
05:44:30.43,05:44:56.56,70년뒤면 난 이미 시체네?
05:44:56.58,05:44:57.62,이정도 되면
05:44:58.40,05:45:28.20,젊음을 회복하는 기술도 나오지 않을까요?
05:45:29.06,05:45:56.58,음...
05:45:58.82,05:46:25.24,사포는 안봤는데 그렇게 명작이냐고 일단 재미는 확실하게 있어요
05:46:28.98,05:46:48.07,레바님 혹시 웹툰 폰트는 어떤거 쓰시나요?
05:46:48.09,05:46:48.21,웹툰 폰트?
05:46:48.23,05:46:52.54,저는 윤고딕이랑 나눔바름고딕 윤고딕은 그냥 냅다 아무데서나 구해서 쓰시면 X됩니다
05:46:54.48,05:47:23.61,네이버 배포하는 걸로 쓰세요 저는 예전에 그 13년 전에 저는 그 아예 신청을 해서 받은 거라 가지고 괜찮은데 아무튼 나눔 무드 뭐 그런 거 쓰시면 되죠
05:47:25.06,05:47:53.29,던파가 많아 그릴땐 던파콘 뜯었지 사펑이란 원신 차이사펑은 혼자 달해갖고 원신은 같이 달해가
05:47:55.55,05:48:15.70,세상을 비추어라 무한츠쿠요미
05:48:22.95,05:48:51.43,음 음 음
05:48:56.64,05:49:12.52,다음 영상에서 만나요.
05:49:33.54,05:49:35.11,내 그림 월드컵 봤냐고요?
05:49:35.13,05:49:41.21,예 그림 봤어요 차마 눌러보진 못했어요 내 옛날 그림도 존나 많을 테니까
05:49:56.61,05:50:25.10,다음 영상에서 만나요
05:50:30.56,05:50:55.86,아 옛날 그림은 없는 버전이야?
05:51:32.09,05:52:00.42,이도 상체를 활처럼 센 자세잖아.
05:52:00.44,05:52:00.64,아주 멋진 자세야.
05:52:05.33,05:52:34.50,그림은 진짜 너무 어려운 것 같다 저도요 매 순간 그 생각
05:52:39.74,05:53:07.10,음음음음음음음음음음음음음음음음음음음음음음음
05:53:08.34,05:53:12.95,옛날에 레바한테 만화관련 고민을 보냈는데 시켰던거 기억난다고?
05:53:13.07,05:53:13.51,그런적이 있었어?
05:53:14.37,05:53:20.58,나 왠만해선 빌지 않으면 답변해주는데?
05:53:20.60,05:53:35.68,혹시 장황하게 띄어쓰기를 안하셨나요?
05:53:36.90,05:53:37.48,가해자?
05:53:37.82,05:53:40.70,"아니 가해자, 피해자로까지 나눌 그 정도야?"
05:53:57.06,05:53:59.97,고3 때 진지하게 만화 얘기를?
05:53:59.99,05:54:05.45,와 근데 고3한테는 말 아끼는 게 맞긴 한데 답변을 뭐라도 해줄 걸 그랬네
05:54:12.99,05:54:31.78,기억 못할 수 있는데 혹시 띄어쓰기 안 하셨나요는 돌리는 거잖아요.
05:54:31.80,05:54:33.04,나 최면 어플 있으면 일론 머스크한테 가서 연수 2.0에서만 매년 달라고 할 거인 그런 분만은 복수사 반이겠지.
05:54:41.73,05:55:07.55,되게 안그려본 자세들 그리는거 재밌네 되게 뻔한 자세들인데 어떻게 보면 되게 안그려본 자세들이 많네요
05:55:17.12,05:55:27.13,128쪽?
05:55:27.15,05:55:35.80,뭔 소리야 너도 이 책이 있어?
05:55:35.82,05:55:36.06,128쪽?
05:55:38.60,05:55:38.82,이거?
05:55:39.77,05:55:45.99,이거 뒤집어서 뒤집어서 봐
05:55:48.39,05:56:05.91,이 책 이름 뭐냐고?
05:56:05.93,05:56:16.49,카와구치 이사의 여자아이 일러스트 포즈지 음
05:56:21.83,05:56:42.49,그 외에는 이런 식으로 이렇게 러프하게 다 그림이 있어요 그래서 여기에 그리면서 옷 알아서 입히면서 그림 연습하면 좋을 듯
05:56:46.72,05:57:05.71,그리고 이거랑 이것도 추천합니다 손 포즈 스케치 컬렉션
05:57:09.69,05:57:33.74,진짜 직관적으로 구도별로 잘 있으니까 혹시 다 배우실 분은 참고하시기 바랍니다 송그리기 되게 어려워 애니메이트에 팝니다
05:57:35.46,05:57:46.17,책 이름 다시 좀 손 포즈 스케치 컬렉션 이렇게 생겼어요 표지 표지를 보는 게 더 빠를 듯?
05:57:46.19,05:58:05.14,이름... 책 이름은 되게 뻔해서 작법서 보면서 시간 보내는 것도 되게 좋아
05:58:07.25,05:58:11.86,아!
05:58:12.32,05:58:34.61,애니메이트에서도 새로 탔지?
05:58:41.24,05:58:44.68,쿠팡에도 있어?
05:58:44.70,05:58:44.76,그래?
05:58:44.78,05:59:02.32,나 작법서는 웬만해서 서점을 직접 가서 사가지고 옷이랑 책은 직접 가서 사는 스타일
05:59:12.96,05:59:39.17,옷은 일단 입어 봐야죠 일단 사이즈 자체가 인터넷에서 사면 적힌 사이즈랑 다르게 오는 경우가 너무 많더라고
05:59:41.40,06:00:07.05,널디 탑10 맞아 그 두 개가 내가 제일 옷 많이 사는 곳이긴 해요
06:00:15.75,06:00:22.36,집에 안 나가면 다 벗고 생활해서 옷을 살 필요 없지 않나?
06:00:22.38,06:00:25.04,아니 ㅅㅂ 집에 있어도 그래도 옷은 입지 않아요?
06:00:25.06,06:00:45.64,ㅅㅂ 야만인도 아니고 뭐 알몸으로 돌아다닐 거 아니잖아 내가 트위치 등장씬 같은 충격 한 번 더 느껴보고 싶다 어디 파티 같은데 또 건전하게 등장해주면 안 됨?
06:00:47.41,06:01:13.40,요즘은 이제 파티 같은데도 라이브 방송으로 해주는데 없죠 웬만해서 난 지금 위에만 있고 있음?
06:01:13.42,06:01:15.14,ㅈㄴ 징그럽다 상상하게 만들지 마세요
06:01:16.74,06:01:44.37,다 벗는 것 보다 징그럽다 왜 곰돌이 투야 ㅅㅂ
06:01:45.54,06:02:11.74,남자는 팬티 입고 자면 안 좋게 낮을에서 집에서 반바지에 반팔만 입고 다닌 ㅋㅋ 난 적어도 반바지에 런닝 정도는 항상 입고 있는데?
06:02:11.76,06:02:12.89,집에서 정장 입고 방송 보고 있는 사람이랑 알몸으로 방송 보고 있다는 사람이랑 어느 쪽이 더 무서워?
06:02:14.91,06:02:20.92,정장이 더 무섭지 않나 그건?
06:03:17.94,06:03:44.52,음 음 음 음 음
06:03:45.70,06:04:12.41,헌터헌터도 슬슬 뇌 리셋 됐는데 다시 첨부판을 볼까?
06:04:14.69,06:04:39.13,헌터헌터 애니메이션으로 접했어요 애니메이션으로 보다가 원작 만화책 보니까 너무 가독성이 떨어져가지고 미쳐버릴 것 같아
06:04:46.16,06:05:15.49,맞아 그림이 너무 텅텅 비어있달까 나 은근히 좀 기억이 희미해질 때가 있는데
06:05:23.57,06:05:51.22,헌터헌터 원작 보면 내 페르피트 갈수록 예뻐지는 거 존나 웃겨 와이프분이 도와줘가지고 점점 내 페르피트만 세일러문 눈깔을 가지게 돼
06:05:57.52,06:06:14.89,나루소는 정죄하는데 얼마나 걸리냐고?
06:06:15.73,06:06:16.73,나는 한 3일 걸렸나?
06:06:17.27,06:06:24.50,마나츠로였는데?
06:06:24.93,06:06:24.97,일단
06:06:27.59,06:06:46.68,4차 닌자 대전은 애니로 보는 게 낫더라 4차 닌자 대전부터는 만화책이 거의 애니메이션 콘티 수준으로 가독성이 떨어져서
06:06:58.27,06:07:18.12,진짜 딱 패인전까지가 진짜 너무 씹고 트기네 그 뒤로도 솔직히 재밌긴 했는데
06:07:24.73,06:07:49.52,한참 이타치 잡고 지라이아 죽고 그 파트가 진짜 전성기 느낌이 확 나서
06:07:54.36,06:08:15.01,음 음 음 음 음
06:08:17.54,06:08:37.68,아 옛날에 봤던 만화 중에서 사상 최강의 대답 흔치 이거 진짜 재미있었는데 이런 만환도 안나오나?
06:08:37.70,06:08:37.84,그런게 있어?
06:08:37.86,06:08:38.12,어디서 들어본거 같은데?
06:08:38.14,06:08:39.14,헤이전 이후가 나루토가 마을 모두에게 경고하는것이 얘기면 뒤진다고 리우이응 그게 곧 되었음
06:08:46.81,06:09:15.93,생각보단 많이 못 그렸네 오늘 되게 더 많이 그릴라 했는데
06:09:21.19,06:09:39.38,이자나미 단조는 그거 코인이 몇 개 정해져 있잖아
06:09:47.48,06:10:15.07,그래 단조가 병신이라서 그냥 빨리 쓰고 죽었지
06:10:16.99,06:10:25.22,레바님 레바님 치지직 클릭 염도 음소거 문제 해결하셨나요?
06:10:25.24,06:10:25.60,해결 방법 있더라구요 아 진짜요?
06:10:25.62,06:10:45.67,혹시 링크 같은 거 있으면 카페에 남겨주세요 음...
06:10:48.62,06:11:12.19,난 단조보다는 히루젠이 더 병신같긴 해 히루젠은 히루젠이 솔직히 단조를 만든거임
06:11:15.03,06:11:40.98,진짜 4대는 3대한테 나선한 천만을 밟아도 모자를 듯.
06:11:49.03,06:12:13.03,음... 음... 음... 음... 음... 음...
06:12:14.46,06:12:32.82,안줘 아니 페인 왔을때 그냥 뿌리 그 지하에 숨어있었잖아 다 부술때까지 그래서 적당히 부숴지니까 슬슬 나가볼까잉 이러다가
06:12:46.79,06:13:15.85,톱이라마도 일찍 죽었지 안녕하세요 유튜브로만 보다가 처음 보라 방송 왔습니다 반가워요
06:13:26.35,06:13:32.26,카시라마는 시발 시체를 불태웠어야 했는데 괜히 시체 남겨가지고 어?
06:13:32.28,06:13:50.11,두 손이 다 써먹잖아 뭐해 시발 닌자 마을이 그렇게 바이오 기술이 좋은거야 시발
06:13:55.86,06:14:19.36,그러게 2대가 쉽게 미끼됐다고 디지는 인재가 아닌데 그림체가 왜 살짝 바뀐 것 같냐고요?
06:14:19.38,06:14:22.46,글쎄요 그러기에는 너무 다양하게 제가 그려서
06:14:30.39,06:14:58.35,진짜 그 오만하던 마다라가 이어림 춤 듣는거에서 식겁하고 수산을 웃기는거 겁나 웃음내림 크크크크
06:14:59.14,06:15:09.25,랩바님 글 남겼어요 고마워요 다음에 확인해볼게요 이대가 생각보다 비중 없다고?
06:15:09.88,06:15:19.61,아니 나중에 예토전 생한 새끼들 중엔 소비라가 가장 원탑인데?
06:15:19.63,06:15:28.90,그냥 진짜 합리적 사고의 고트
06:15:31.32,06:15:41.94,그 무한 축구협이 딱 시작됐을 때도 남들은 다 놀라고 자빠지고 있는데 지 혼자 왜 나는 안 걸리지?
06:15:41.96,06:15:51.64,인질하라고 마다라 하반신만 남은 거 보고 한 새끼 희생해서 이 새끼 살린 다음에 술법을 풀 방법을 토해내게 하자 이러고
06:15:53.77,06:16:14.14,이대처럼 살고 싶냐고?
06:16:14.81,06:16:33.35,인생살이 이대처럼 살면 나쁘지 않지?
06:16:33.37,06:16:43.60,이대처럼 유연하게 살아야 돼 비례신 찌르기 기술인데 비례신 100이라고 외치면서 찌르는 그런 뻔뻔함이 필요하다고
06:16:51.16,06:17:19.36,인생살이 이대처럼 살면 소패 소리 들음 내 집 처럼만 살지 마라 아직 존다 정확하 인생살이 내 집 처럼만 안 살면 된다 아 크크 앞으로 긁은 거니까 100이 맞다고 크크
06:17:21.25,06:17:43.86,이제 또 누구를 그려보지?
06:17:43.88,06:17:43.96,음...
06:17:46.75,06:18:15.22,백치미 할머니 디자인 안정의 정견 했는데 그건 제가 천천히 따로 보상할 듯 이건 대체 언제 연기하나요?
06:18:15.92,06:18:33.00,작품 캐릭터 그린지는 몇 년 됐지만 만화를 준비한지는 3일 됐습니다 천천히 뭐 잊고 사시면 되겠습니다 연재 좀 해?
06:18:33.43,06:18:40.50,나 얼마나 쉬웠다고 자꾸 그래 지금 준비한 지금 사실 원고 시작한 것도 사실 말 안 됨
06:18:47.50,06:19:12.58,맞아 나도 하도 이거 예전부터 손프릴 때부터 계속 그리다 보니까 코디 짜는데 내적 친밀감 오져서 뭔가 존나 오래 알고 지낸 캐릭터 같더라 아이고 5만원 너무 고맙습니다
06:19:17.99,06:19:46.48,고마워요 그러게 던파마난도 던파마는데 회지 그린 것도 되게 많네 울라아카 회지 두 번에다가 던파 회지도 한 번 하고 던파마는 아예 정식 연재를 두 번 하고 음
06:19:52.87,06:20:20.77,근데 웹툰으로 접하는 사람 입장에서는 쉬는 기간이 길어 보일 수 있어요 이해가 안 되는 건 아니긴 해 근데 설명을 해도 납득을 안 하니까 그게 꼴 받는 거지 공부 존나 열심히 하다가
06:20:20.85,06:20:45.84,아 진짜 숨 좀 돌릴까 하고 멍하니 있을 때 딱 엄마가 들어와서 허구한 날 놀고 공부는 언제 하려고 이러는 것 같아요 진짜 개 억울하고 화나고 말 들어야 좋잖아?
06:20:45.96,06:20:49.52,아니 씨발 감정이 상했는데 입이 어떡해
06:21:03.04,06:21:24.92,너 잘되라고 하는 말이야?
06:21:24.94,06:21:29.45,예 고마워요 팩트긴 한데 왜 입지랄하네 고마워요
06:21:32.06,06:22:01.65,개소리 하지마 그럼 무조건 부모님 앞에서만 공부해야 된단 거예요?
06:22:03.99,06:22:08.47,마치 제가 도서관에서 하루종일 공부하고 왔는데 너 또 PC방 갔다왔지?
06:22:08.99,06:22:27.23,내가 미치겠다 아주 이러는 것 같아요 어?
06:22:27.25,06:22:27.63,존나 억울해요 아 화장실 다녀올게요
06:22:29.74,06:22:58.16,아이고 도서관 갔다 왔니?
06:22:58.18,06:22:58.40,라고 말하지 않을까?
06:22:59.40,06:23:24.29,솔직히 그거 전과 있어서 그런 의심 받는 거 아니냐?
06:23:24.31,06:23:24.71,원래 잘했으면 그런 의심 안 받았지.
06:23:24.73,06:23:24.79,좋아.
06:23:24.81,06:23:24.99,80% 아하오후.
06:23:55.21,06:24:02.36,랄랄랄랄랄랄라 마키마?
06:24:04.35,06:24:14.92,아 마키마 얘기하고 있어 아니 홍대 애니메이트 앞에 가면 그 체인소맨 이렇게 약간 인물들 다 이렇게 나란히 정장 입고 서 있는 그림이 있는데 다 시체밖에 없음
06:24:29.03,06:24:39.44,저는 프린트 기계가 아니에요.
06:24:56.52,06:24:58.60,표정을 다양하게 미리 그려봐야겠다.
06:25:01.73,06:25:22.44,다음 영상에서 만나요
06:25:40.33,06:25:52.12,인스타툰으로 만화 올리면 수익 나오냐고?
06:25:52.14,06:25:52.24,나오겠니?
06:26:09.74,06:26:38.99,으흠.
06:26:39.01,06:26:39.07,으흠.
06:26:40.59,06:27:03.22,주수익원은 방송이냐구요?
06:27:03.24,06:27:03.32,그렇죠?
06:27:03.34,06:27:03.42,당장은?
06:27:08.19,06:27:08.95,근데 왜 안 자냐고?
06:27:09.59,06:27:13.18,나 원래 6시에 자는데?
06:27:30.70,06:27:30.96,요새 들어선 그래요 보통
06:27:32.11,06:27:49.25,6시에 자서 요즘 일주일 패턴이 6시에 자서 점심에 일어난 다음에 원고하다가 저녁 되면 방송하고 근데 그 전에 일단 갈듯?
06:27:49.27,06:28:01.00,방송은 그 전에 끄겠죠 원고하면 진짜 시간 진짜 순식간에 녹아
06:28:08.08,06:28:35.83,그래서 롤도 다시 접었어 인생을 낭비하니까 갑자기 일을 하게 되더라고 원고 방송은 일단 콘티가 나오면 그때 원고 방송 할 수 있겠죠?
06:28:55.55,06:28:58.84,신입 팬티 무슨 색이냐고?
06:28:58.86,06:29:18.02,뭐 흰색밖에 없겠죠 꼬라지가 색깔을 골라서 입을 타입이야 내가 키리누키만 보고 버튜버 팬 되는 그런 사짜 버튜버 팬이었어?
06:29:18.04,06:29:18.77,나 약간 버튜버계의 등삿바인 듯?
06:29:18.79,06:29:20.87,키리누키로 몇 개 마음에 들면 찾아보고
06:29:25.62,06:29:50.70,글래같은 놈이지라고 합방 한번 하면 애정 좀 시켜라
06:29:55.04,06:30:20.83,글쎄...
06:30:24.70,06:30:30.47,요새는 옛날만큼 엄청 자주 보지는 않는 듯?
06:30:30.49,06:30:40.29,요새 일이 생겨서 그런가?
06:30:40.31,06:30:46.84,요즘 막내 안 그리는 거 보면 종년바늘 이혼 정 털린 걸 수도 있어?
06:30:47.93,06:30:48.47,아니 말이 존나 웃기네
06:30:52.77,06:31:13.52,아니 그리면 또 그 정신 못 차리고 또 그리고 있다고 막 뭐라고 할 거면서 그냥 처맞으라고?
06:31:14.08,06:31:14.20,오케이 씨X
06:31:47.68,06:31:59.79,그건 아니지 않나?
06:31:59.81,06:32:17.52,그려도 난리 안 그려도 난리네 음음음
06:32:19.76,06:32:21.18,범윙아웃 하지 말던가?
06:32:21.66,06:32:41.11,아니 그러기엔 존X 늦지 않았어요?
06:32:41.13,06:32:43.03,이 새X 요즘 홍발 패턴이 좀 바뀌었음 예전엔 먹이 넣고 유혹해서 걸리게 하는 거라며 지금은 홍발 열어놓고 와서 들어와라 하는 느낌인 그 때... 아까 뭔데?
06:32:56.70,06:33:17.08,오쇼 마리나 아줍구냐고요?
06:33:17.16,06:33:17.20,오쇼
06:33:25.99,06:33:52.02,음
06:33:55.69,06:34:16.41,바쁜 척 하면서 볼 건 다 본다고?
06:34:16.43,06:34:20.09,아니 적어도 자기 전에 누워서 핸드폰 정도는 할 수 있잖아 개자식아
06:34:24.63,06:34:48.09,그 정도 자열시간도 못 줘?
06:34:51.14,06:34:55.23,씨라고 자유시간 줬더니 이 지랄 씨발 기숙사 사감이야?
06:34:55.57,06:35:02.32,씨발?
06:35:02.34,06:35:12.81,미친 새끼 아니냐?
06:35:33.62,06:35:58.18,근데 레바가 더튜버의 풍발에 걸려 스스로 보게 만든 더튜버는 도대체 누구일까?
06:35:58.20,06:35:58.28,글쎄요?
06:35:58.30,06:35:59.54,너무 동시다발적이라서... 레바 결혼하려면 우리한테 검증받고 허락받고 해야함 ㅇㅈ?
06:35:59.56,06:35:59.74,뭘 검사할 건데?
06:36:01.98,06:36:27.59,노력해보겠습니다 그래도 저도 이렇게 방송에서 만화 얘기하면서 만화 캐릭터 구상하면 추진력이 되고 좋죠
06:36:29.74,06:36:32.45,시청해주셔서 감사합니다.
06:36:52.78,06:37:11.72,내가 기억하기로 얘 방송에서 처음 버튜버 0도 오기 시작한 건 크로니가 시초일 거고 버튜버 보기 시작한 건 릴리 허츠라고 하지 않았다?
06:37:11.75,06:37:12.03,음... 맞는 것 같은데?
06:37:12.11,06:37:13.05,맞다 0이 언제 끝나서 남아있던 레딘 포인 소멸했다 책임져라 뭐야 나 때문이야 그게?
06:37:20.72,06:37:29.36,시청해주셔서 감사합니다.
06:37:33.80,06:37:59.42,음...
06:38:01.29,06:38:22.72,레바툰같이 뇌 빼고 재밌게 보는 개그마나가 좋은데 요즘 별로더라?
06:38:22.74,06:38:26.52,일단... 일단 개그마나 존나 어렵습니다
06:38:27.46,06:38:55.26,일단 냉정하게 일단 어려운 장르고 일단 수익으로 이어지기 어려워요 그러니까 옛날같이 미리보기 시대가 없을 때는 개그마나 같은거 옴니버스 스타일이 되게 나쁘지 않았는데 사람들은 그나마
06:38:55.58,06:39:20.65,"미리 보기를 한다면 스토리 만화를 쓰기, 옴니버스 만화를 잘 안 쓴단 말이야?"
06:39:20.67,06:39:22.11,쿠키 5개씩 받는다고?
06:39:22.72,06:39:23.86,쿠키 5개는 너무 비싼 거 아니야?
06:39:23.88,06:39:24.54,어떤 작품이 5개씩 해?
06:39:26.69,06:39:45.92,그러게요?
06:39:45.94,06:39:52.01,"아니, 그러게요가 아니라 그러기에는 저는 방송하기 전부터 레바톤으로 1등하고 있었어요."
06:40:04.58,06:40:28.19,다만 그때 만화는 1위하고 있는데 난 반응을 못 보니까 ㅅㅂ ㅈㄴ 억울하고 속 터지고 뭐 어떤 부분이 재밌는지 모르겠으니까 방송을 시작한 거지
06:40:31.09,06:40:32.17,댓글창 그때도 없었냐고?
06:40:32.45,06:40:33.81,뭔 소리야?
06:40:34.03,06:40:59.47,댓글창 생긴지 이제 몇 개월밖에 안 됐는데.
06:40:59.49,06:41:00.37,"1, 2, 0 레바가 던속 사도 내가 레진에서 19세 내면 1위를 먹겠는데 해서"
06:41:01.92,06:41:05.57,레진 코믹스 들어가면 연도별 랭킹 볼 수 있을걸?
06:41:30.42,06:41:57.49,15년도 웹툰 우리 사이는 와 이거 연재 데뷔 때구나 와 사건 용사가 연간 2위를 했네요 저는 24위를 했습니다 이때 이때 제가 일단 조회수로는 되게 상위권이었거든요 근데 랭킹이 낮은 이유가 무료 만화였기 때문이에요 그래서
06:41:59.92,06:42:04.97,미리보기 수익이 시작된 뒤로 이렇게 치고 올랐을걸?
06:42:18.49,06:42:25.44,그 다음 연도부터 7년도 18년도 19년도
06:42:30.88,06:42:54.18,20년도 21 22 23 이때 레바툰 끝났네요 23년도에 레바툰 시즌 종료 되면서 밀려났네요
06:42:58.90,06:43:13.02,동사도 끼면 나란히 돼 있을걸?
06:43:13.32,06:43:26.24,성인인증 따로 해야 되네 랭킹 보려면 너만 레바툰 건석사 100% 소장한 줄 알아
06:43:28.04,06:43:28.38,맞아요.
06:43:28.96,06:43:51.18,이제 썸네일에 가슴이 다 늘어나서 레진이 방송으로 못 보여드릴 거예요.
06:43:57.34,06:44:23.93,치미가 가슴이 크니까 백치미를 많이 그리게 됐네
06:44:27.84,06:44:28.89,꼬맹이는 어디 갔냐고?
06:44:29.13,06:44:29.63,키 작은 애?
06:44:29.77,06:44:36.07,키 작은 애가 얘랑 얘 있는데 누구 말하는 거죠?
06:44:36.09,06:44:37.77,너 가슴 좋아하냐고?
06:44:37.79,06:44:56.01,싫어한다고 하면 그게 더 이상하지 싫어한다고 하는 사람은 진짜 미친 새끼 나 가슴 싫어?
06:44:56.59,06:44:57.19,저 새끼 미친놈이다
06:44:59.89,06:45:29.81,그렇다고 가슴이 싫진 않을 것 같은데 엉덩이가 좋다고 해서
06:45:44.95,06:46:12.19,오케이 이쯤하고 일단 쉽시다 여러분 밤이 깊었다 다들 함께 해주셔서 고맙습니다 밤이 깊었으니 이제 조금 더 쉬도록 하죠 나도 커피 많이 마셔서 속 울렁거린다 하여튼 다들 내일 또 봅시다 안녕
06:46:12.84,06:46:30.45,아이고 마다 누원 고맙습니다 하여튼 좋은 밤 보내시고요 푹 쉬시기 바랍니다 안녕
