시작 시간,start_sec,종료 시간,end_sec,화자,내용,live_id
00:00:01,1.04,00:03:31,211.55,UNKNOWN,오늘 좀 일찍 일어나서 일찍 방송을 켰습니다,19279006
00:03:31,211.55,00:03:37,217.37,UNKNOWN,예 반갑습니다,
00:03:37,217.37,00:03:38,218.95,UNKNOWN,뽀레리도 반갑다고 하네요,
00:03:38,218.95,00:03:40,220.95,UNKNOWN,요즘 하루종일 배그 한다고?,
00:03:40,220.95,00:03:41,221.67,UNKNOWN,그런가?,
00:03:41,221.67,00:03:43,223.65,UNKNOWN,아이 존나 오랜만에 어제 한 것,
00:03:43,223.65,00:03:48,228.07,UNKNOWN,어제 다시 시작했는데,
00:03:48,228.07,00:03:50,230.37,UNKNOWN,아 구독 고맙습니다,
00:03:50,230.37,00:03:57,237.36,UNKNOWN,그러면 바로 돌려보도록 할까요,
00:03:57,237.36,00:04:00,240.18,UNKNOWN,룩 최대한 은신을 생각해서 맞췄음,
00:04:00,240.18,00:04:05,245.0,UNKNOWN,몇 타치?,
00:04:05,245.0,00:04:12,252.61,UNKNOWN,어두운 곳에선 잘 안 보이겠죠,
00:04:12,252.61,00:04:13,253.87,UNKNOWN,하나 타치라고?,
00:04:13,253.87,00:04:25,265.94,UNKNOWN,그러면 좋다는 뜻이군,
00:04:25,265.94,00:04:27,267.34,UNKNOWN,너 검은 거 싫어하잖아?,
00:04:27,267.34,00:04:30,270.32,UNKNOWN,그러기엔 내가 검은 옷도 존나 잘 입는데,
00:04:30,270.32,00:04:31,271.76,UNKNOWN,오씨야 깜짝이야,
00:04:31,271.76,00:04:33,273.26,UNKNOWN,뭐야 이건,
00:04:33,273.26,00:04:46,286.21,UNKNOWN,양대가리 뭐야,
00:04:46,286.21,00:04:50,290.87,UNKNOWN,이 새끼도 얼굴 존나 무서워,
00:04:50,290.87,00:04:54,294.45,UNKNOWN,이 새끼 왜 몸을 이렇게 구부정하게 했냐,
00:04:54,294.45,00:04:55,295.89,UNKNOWN,기본 자세인가?,
00:04:55,295.89,00:05:09,309.12,UNKNOWN,아이 만원 후원 고맙습니다,
00:05:09,309.12,00:05:11,311.98,UNKNOWN,26개월 구독 고마워요,
00:05:11,311.98,00:05:12,312.16,UNKNOWN,아이,
00:05:12,312.16,00:05:15,315.06,UNKNOWN,20개월이구나,
00:05:15,315.06,00:05:20,320.2,UNKNOWN,구독 고맙습니다,
00:05:20,320.2,00:05:32,332.59,UNKNOWN,호이 호이 호이 호이,
00:05:32,332.59,00:05:34,334.09,UNKNOWN,오늘 티셔츠 안에 옷 입었냐고?,
00:05:34,334.09,00:05:36,336.29,UNKNOWN,아니요?,
00:05:36,336.29,00:05:39,339.43,UNKNOWN,어제 그대로인데?,
00:05:39,339.43,00:05:42,342.05,UNKNOWN,좋았어 시작하자마자 내려주지,
00:05:42,342.05,00:05:58,358.37,UNKNOWN,죽여버리겠어,
00:05:58,358.37,00:06:35,395.25,UNKNOWN,파이어,
00:06:35,395.25,00:06:48,408.75,UNKNOWN,뭐해루 뭐해루,
00:06:48,408.75,00:07:07,427.96,UNKNOWN,죽었냐고,
00:07:07,427.96,00:07:15,435.07,UNKNOWN,하필 총 먹은 게 드라구노프라,
00:07:15,435.07,00:07:24,444.28,UNKNOWN,아 까비,
00:07:24,444.28,00:07:24,444.52,UNKNOWN,아이,
00:07:24,444.52,00:07:28,448.02,UNKNOWN,총알이 5발밖에 안 남았었어,
00:07:28,448.02,00:07:29,449.02,UNKNOWN,맞긴 맞았을까?,
00:07:29,449.02,00:07:43,463.98,UNKNOWN,하나도 안 맞았네?,
00:07:43,463.98,00:07:45,465.88,UNKNOWN,스킨 존나 구려 보인다고?,
00:07:45,465.88,00:07:49,469.18,UNKNOWN,기본 스킨 맞음,
00:07:49,469.18,00:08:01,481.92,UNKNOWN,아 랜덤 배브랄까?,
00:08:01,481.92,00:08:03,483.5,UNKNOWN,아 집이 왜 이렇게 덥냐,
00:08:03,483.5,00:08:06,486.82,UNKNOWN,에어컨을 켰는데도,
00:08:06,486.82,00:08:11,491.08,UNKNOWN,오늘 날씨가 아주 쨍쨍하군요 밖에가,
00:08:11,491.08,00:08:14,494.94,UNKNOWN,이런 날 좀 밖에 나가야 되는데,
00:08:14,494.94,00:08:20,500.18,UNKNOWN,라고 하기엔 갈 데가 없음,
00:08:20,500.18,00:08:21,501.38,UNKNOWN,안녕하세,
00:08:21,501.38,00:08:24,504.58,UNKNOWN,저는 지금 배바의 배틀그라운드 방송을 보면서,
00:08:24,504.58,00:08:26,506.26,UNKNOWN,맨 앞에 마이크를 든 젠스망을 보며,
00:08:26,506.26,00:08:27,507.36,UNKNOWN,마이크를 끄고 있습니다,
00:08:27,507.36,00:08:29,509.36,UNKNOWN,맞아 젠스망 내안했지,
00:08:29,509.36,00:08:31,511.7,UNKNOWN,지금 어딨어요?,
00:08:31,511.7,00:08:38,518.62,UNKNOWN,이번엔 뭐 홍대 가서 밥 먹는다고 들었던 거 같은데,
00:08:38,518.62,00:08:49,529.28,UNKNOWN,와 젠스망이랑 이제 몇 킬로 안에 같은 공간에 있는 거야 나?,
00:08:49,529.28,00:08:51,531.76,UNKNOWN,아 그러면 T1 PC만 가다?,
00:08:51,531.76,00:09:22,562.55,UNKNOWN,오토바이 소리 존나 시끄럽네,
00:09:22,562.55,00:09:36,576.91,UNKNOWN,오케이 짤파밍 렛츠고,
00:09:36,576.91,00:09:49,589.8,UNKNOWN,간다,
00:09:49,589.8,00:09:56,596.34,UNKNOWN,여기 내리는 사람이 있을 거 같은데,
00:09:56,596.34,00:09:57,597.72,UNKNOWN,넥슨 주식 20% 오를 듯?,
00:09:57,597.72,00:09:58,598.2,UNKNOWN,넥슨 주식 20% 오를 듯?,
00:09:58,598.2,00:10:03,603.96,UNKNOWN,넥슨 주식 20% 오를 듯?,
00:10:04,604.32,00:10:07,607.56,UNKNOWN,오케이 내 주위엔 없어보여,
00:10:07,607.56,00:10:14,614.75,UNKNOWN,차 위치 확인,
00:10:14,614.75,00:10:16,616.97,UNKNOWN,여기 뭐 털고,
00:10:16,616.97,00:10:20,620.71,UNKNOWN,차 타고 좀 더 멀리 가서 파밍하면 될 듯?,
00:10:20,620.71,00:10:38,638.99,UNKNOWN,젠스망이랑 박정민이랑 미팅하면 변파 부활하라,
00:10:38,638.99,00:10:57,657.98,UNKNOWN,방울 전에 들었는데?,
00:10:57,657.98,00:10:58,658.78,UNKNOWN,저기 있다,
00:10:58,658.78,00:11:10,670.68,UNKNOWN,오!,
00:11:10,670.68,00:11:15,675.23,UNKNOWN,시발!,
00:11:15,675.23,00:11:22,682.64,UNKNOWN,어?,
00:11:22,682.64,00:11:33,693.45,UNKNOWN,진짜 순식간에 녹아버렸네,
00:11:33,693.45,00:11:34,694.83,UNKNOWN,진짜 게임 좀 하자,
00:11:34,694.83,00:11:35,695.35,UNKNOWN,오케이,
00:11:35,695.35,00:11:54,714.73,UNKNOWN,에!,
00:11:54,714.73,00:11:55,715.79,UNKNOWN,호중하게 못함,
00:11:55,715.79,00:11:57,717.19,UNKNOWN,흐하하하하,
00:11:57,717.19,00:12:09,729.52,UNKNOWN,아이 운이 안 좋았어,
00:12:09,729.52,00:12:15,735.16,UNKNOWN,방금 장면을 T1 KeyBang에서 젠스망이 보는 앞에서 재현을 했어야 했다,
00:12:15,735.16,00:12:30,750.22,UNKNOWN,그러면 불상지중V therapists 5090이 줄듯,
00:12:30,750.22,00:12:30,750.94,UNKNOWN,아μ,
00:12:30,750.94,00:12:33,753.9,UNKNOWN,아 약간 다음 그래픽 카드는 언제 나올까요,
00:12:33,753.9,00:12:35,755.94,UNKNOWN,약간 지금 4060인가,
00:12:35,755.94,00:12:37,757.7,UNKNOWN,4070 쓰고 있어서,
00:12:37,757.7,00:12:58,778.09,UNKNOWN,50 시리즈로 바꾸기엔 약간 애매함,
00:12:58,778.09,00:13:02,782.27,UNKNOWN,RTX 9974.,
00:13:02,782.27,00:13:24,804.27,UNKNOWN,이쪽으로 가면 차가 있지 않을까?,
00:13:24,804.27,00:13:26,806.87,UNKNOWN,차! x10,
00:13:26,806.87,00:13:33,813.21,UNKNOWN,차!,
00:13:33,813.45,00:13:36,816.03,UNKNOWN,뒤쪽에 차가 있었던 것 같은데,
00:13:36,816.03,00:13:40,820.08,UNKNOWN,여기는 차가 안 보인다,
00:13:40,820.08,00:13:42,822.24,UNKNOWN,어차피 전파랑 사이퍼즈 돌릴 거면서,
00:13:42,822.24,00:13:46,826.33,UNKNOWN,그래픽 카드가 왜 필요함?,
00:13:46,826.33,00:13:47,827.89,UNKNOWN,그래도 좋은 거 쓰면 좋지,
00:13:47,827.89,00:13:49,829.43,UNKNOWN,개자식아,
00:13:49,829.43,00:13:50,830.31,UNKNOWN,응?,
00:13:51,831.19,00:13:52,832.61,UNKNOWN,어...,
00:13:52,832.61,00:13:53,833.71,UNKNOWN,저게 3명,
00:13:53,833.71,00:13:54,834.43,UNKNOWN,오케이,
00:13:54,834.43,00:13:56,836.59,UNKNOWN,여기서 털고 저 3명을 털면,
00:13:56,836.59,00:14:22,862.21,UNKNOWN,저 집 전체를 먹는 거야,
00:14:22,862.21,00:14:33,873.47,UNKNOWN,벌써 차 먹고 움직이네,
00:14:33,873.47,00:14:34,874.93,UNKNOWN,AKM 싫어,
00:14:34,874.93,00:14:35,875.93,UNKNOWN,다른거 줘,
00:14:40,880.39,00:14:42,882.21,UNKNOWN,라고하니까 M4를 주네요,
00:14:42,882.37,00:14:51,891.34,UNKNOWN,샷건보다 우지가 낫지 않을까?,
00:14:54,894.53,00:14:56,896.39,UNKNOWN,토..X발 토미건들자,
00:15:01,901.1,00:15:02,902.9,UNKNOWN,아니야 M4들자,
00:15:03,903.36,00:15:04,904.36,UNKNOWN,아,
00:15:05,905.66,00:15:07,907.52,UNKNOWN,나 너무 줏대가 없는거 같애,
00:15:36,936.16,00:15:37,937.16,UNKNOWN,오케이,
00:15:37,937.44,00:15:40,940.06,UNKNOWN,어 잠깐 자기장에 위치가?,
00:15:47,947.31,00:15:49,949.53,UNKNOWN,제발 오토바이라도 하나만 줘,
00:15:49,949.67,00:16:10,970.82,UNKNOWN,오토바이,
00:16:11,971.3,00:16:12,972.3,UNKNOWN,어,
00:16:12,972.8,00:16:14,974.84,UNKNOWN,잠깐 너무 허허벌판이야,
00:16:14,974.84,00:16:17,977.82,UNKNOWN,괜찮아 남들은 다 파밍하는 동안 바쁘겠지?,
00:16:17,977.82,00:16:23,983.96,UNKNOWN,제발 차,
00:16:41,1001.17,00:16:43,1003.45,UNKNOWN,저 창고에 사람 있을거 같지 않아?,
00:16:43,1003.45,00:16:46,1006.69,UNKNOWN,이제 막 파밍 한참 시작하는 놈이 있을거 같은데,
00:16:51,1011.23,00:16:53,1013.01,UNKNOWN,어 차 왜없어?,
00:17:09,1029.13,00:17:10,1030.13,UNKNOWN,일단,
00:17:10,1030.61,00:17:12,1032.99,UNKNOWN,방송켰으니까 일단 게임하고 옵시다,
00:17:36,1056.98,00:17:38,1058.22,UNKNOWN,풀도핑하자,
00:17:53,1073.09,00:17:55,1075.19,UNKNOWN,제발 자동차 하나만 줘,
00:17:55,1075.19,00:17:55,1075.89,UNKNOWN,오토바이도 못돌려,
00:17:55,1075.89,00:17:56,1076.89,UNKNOWN,뭐든 좋아,
00:17:57,1077.05,00:17:58,1078.35,UNKNOWN,보기라도,
00:18:06,1086.48,00:18:09,1089.58,UNKNOWN,미라바는 차 젠율을 좀 더 높여야 되는거 아니야?,
00:18:09,1089.84,00:18:11,1091.44,UNKNOWN,이런 개같은 맵,
00:18:17,1097.77,00:18:18,1098.99,UNKNOWN,낙타 없냐고?,
00:18:18,1098.99,00:18:20,1100.89,UNKNOWN,이건 메탈슬렁그가 아니에요,
00:18:25,1105.21,00:18:26,1106.21,UNKNOWN,고마워요,
00:18:26,1106.21,00:18:28,1108.21,UNKNOWN,머리만 길어지면 그 소리 듣는거 같애,
00:18:30,1110.69,00:18:31,1111.85,UNKNOWN,어 차없어,
00:18:31,1111.85,00:18:32,1112.35,UNKNOWN,레알,
00:18:32,1112.35,00:18:32,1112.85,UNKNOWN,뭐지?,
00:18:36,1116.99,00:18:38,1118.33,UNKNOWN,저거 폐차잖아,
00:19:07,1147.64,00:19:09,1149.12,UNKNOWN,어 부럽다,
00:19:17,1157.02,00:19:18,1158.34,UNKNOWN,엠빠들자,
00:19:21,1161.07,00:19:23,1163.07,UNKNOWN,사격장에서 쏠때마다 깨달아,
00:19:23,1163.09,00:19:25,1165.09,UNKNOWN,나는 구탈이 맞아,
00:19:25,1165.85,00:19:44,1184.36,UNKNOWN,그 DMR 그냥 하나 나왔으면 좋겠는데,
00:19:44,1184.36,00:19:46,1186.28,UNKNOWN,M16을 DMR로 쓸까?,
00:19:46,1186.54,00:20:11,1211.31,UNKNOWN,제발issions,
00:20:11,1211.31,00:20:12,1212.15,UNKNOWN,오토바이,
00:20:12,1212.15,00:20:13,1213.09,UNKNOWN,뭐든 좋아,
00:20:13,1213.09,00:20:13,1213.75,UNKNOWN,뭐 저거 자동찬가?,
00:20:13,1213.75,00:20:14,1214.33,UNKNOWN,폐차 인가?,
00:20:14,1214.43,00:20:17,1217.88,UNKNOWN,안돼에에에에,
00:20:26,1226.86,00:20:30,1230.48,UNKNOWN,찢어진다,
00:21:00,1260.78,00:21:01,1261.82,UNKNOWN,오오오오오오,
00:21:01,1261.82,00:21:02,1262.9,UNKNOWN,맞혔넼,
00:21:16,1276.62,00:21:17,1277.78,UNKNOWN,경우 equals,
00:21:17,1277.78,00:21:18,1278.64,UNKNOWN,이렇게 12ă,
00:21:18,1278.64,00:21:49,1309.7,UNKNOWN,o nose,
00:21:49,1309.7,00:22:10,1330.48,UNKNOWN,오케이 달려 달려,
00:22:10,1330.48,00:22:15,1335.52,UNKNOWN,어? 싸움따,
00:22:15,1335.52,00:22:18,1338.32,UNKNOWN,으아아아아아아아,
00:22:18,1338.32,00:22:20,1340.32,UNKNOWN,통과할 줄 알았는데,
00:22:20,1340.32,00:22:35,1355.72,UNKNOWN,아 존나,
00:22:35,1355.72,00:22:37,1357.72,UNKNOWN,존나 잘 미끄러지네,
00:22:37,1357.72,00:22:46,1366.76,UNKNOWN,어 왜이래,
00:22:46,1366.76,00:22:48,1368.76,UNKNOWN,나답지 않은데?,
00:22:48,1368.76,00:24:01,1441.39,UNKNOWN,어 차다,
00:24:01,1441.39,00:24:15,1455.77,UNKNOWN,개씹 노잼사,
00:24:15,1455.77,00:24:17,1457.77,UNKNOWN,아 진짜,
00:24:17,1457.77,00:24:19,1459.77,UNKNOWN,이렇게 죽으면 진짜 또,
00:24:19,1459.77,00:24:36,1476.75,UNKNOWN,쪼분맵 마렵다니까,
00:24:36,1476.75,00:24:38,1478.75,UNKNOWN,역시,
00:24:38,1478.75,00:24:40,1480.75,UNKNOWN,바로 내려버려야겠어,
00:24:40,1480.75,00:24:41,1481.75,UNKNOWN,그러면 달라지냐고?,
00:24:41,1481.75,00:24:43,1483.75,UNKNOWN,그래도 1킬씩은 할 확률이 높음,
00:24:43,1483.75,00:25:01,1501.01,UNKNOWN,아 안돼,
00:25:01,1501.01,00:25:03,1503.01,UNKNOWN,개자식아 여기 당장 내린다,
00:25:03,1503.01,00:25:06,1506.93,UNKNOWN,여기 내려서,
00:25:06,1506.93,00:25:12,1512.23,UNKNOWN,이렇게 이렇게 이렇게 이렇게 돌면서,
00:25:12,1512.23,00:25:14,1514.23,UNKNOWN,다 학살하는 거임,
00:25:14,1514.23,00:25:16,1516.23,UNKNOWN,어떰? 내 완벽한 플랜,
00:25:16,1516.23,00:26:06,1566.04,UNKNOWN,나 은근히 춤 카피 잘하지 않음?,
00:26:06,1566.04,00:26:23,1583.62,UNKNOWN,이 새끼 왜 알몸이야,
00:26:23,1583.62,00:26:43,1603.25,UNKNOWN,아니구나,
00:26:43,1603.25,00:26:45,1605.25,UNKNOWN,여기 최소 3명 4명,
00:26:45,1605.25,00:27:11,1631.19,UNKNOWN,오케이 먹이감 확인,
00:27:11,1631.19,00:27:13,1633.19,UNKNOWN,이제 앰퍼 같은 것만 있으면 될 것 같은데,
00:27:13,1633.19,00:27:17,1637.3,UNKNOWN,8배율,
00:27:17,1637.3,00:27:19,1639.3,UNKNOWN,시작이 아주 나쁘지 않아,
00:27:19,1639.3,00:27:35,1655.0,UNKNOWN,6배율,
00:27:41,1661.0,00:28:00,1680.08,UNKNOWN,고마워요 카구팔이다,
00:28:00,1680.08,00:28:07,1687.69,UNKNOWN,오 열심히 싸우는데,
00:28:07,1687.69,00:28:09,1689.69,UNKNOWN,아 너무 많이 죽여놓으면 안되는데,
00:28:09,1689.69,00:28:11,1691.69,UNKNOWN,내가 죽일 게 없어지잖아,
00:28:11,1691.69,00:28:51,1731.71,UNKNOWN,오케이 출발,
00:28:51,1731.71,00:29:29,1769.91,UNKNOWN,일단 위치부터 확인해볼까요?,
00:29:29,1769.91,00:29:31,1771.91,UNKNOWN,이 창고는 다 털고 이동했으려나?,
00:29:31,1771.91,00:30:18,1818.71,UNKNOWN,가깝다,
00:30:18,1818.71,00:30:35,1835.36,UNKNOWN,이건 뭐 2층인가?,
00:30:35,1835.36,00:30:37,1837.36,UNKNOWN,이 시체를 파밍하러 올 거야,
00:30:37,1837.36,00:30:56,1856.96,UNKNOWN,분명히 온다,
00:30:56,1856.96,00:30:58,1858.96,UNKNOWN,나는 범인이다,
00:30:58,1858.96,00:31:02,1862.96,UNKNOWN,일단 애살을 든 새끼였으니까,
00:31:02,1862.96,00:31:05,1865.96,UNKNOWN,주변을 좀 더 견제하고 이 시체를 먹으러 올 거야,
00:31:05,1865.96,00:31:30,1890.79,UNKNOWN,어차피 자기장 안이라서 급할 게 없거든요,
00:31:30,1890.79,00:31:34,1894.39,UNKNOWN,이걸 파밍을 안 해?,
00:31:34,1894.39,00:32:15,1935.62,UNKNOWN,왔다 맛있다,
00:32:15,1935.62,00:32:22,1942.74,UNKNOWN,군용조끼잖아,
00:32:22,1942.74,00:32:58,1978.96,UNKNOWN,손잡이 바꾸자고? 손잡이?,
00:32:58,1978.96,00:33:00,1980.96,UNKNOWN,손잡이는 뭐 이거면 될 것 같은데,
00:33:00,1980.96,00:33:01,1981.96,UNKNOWN,아아,
00:33:01,1981.96,00:33:07,1987.06,UNKNOWN,트위티드 그립으로 바꾸자고?,
00:33:07,1987.06,00:33:14,1994.09,UNKNOWN,자 이제 여기는 내가 지배하면 되나?,
00:33:14,1994.09,00:33:16,1996.09,UNKNOWN,다 죽었으려나?,
00:33:16,1996.09,00:33:32,2012.65,UNKNOWN,여기 한 4명 내렸었는데,
00:33:32,2012.65,00:33:46,2026.11,UNKNOWN,여기서도 어,
00:33:46,2026.11,00:33:48,2028.11,UNKNOWN,다 죽은 거 같은데?,
00:33:48,2028.11,00:33:49,2029.11,UNKNOWN,여기서도 죽고,
00:33:49,2029.11,00:34:03,2043.68,UNKNOWN,구상이 너무 많은 거 아니야? 아닌가?,
00:34:03,2043.68,00:34:06,2046.96,UNKNOWN,구탄이 너무 없다,
00:34:06,2046.96,00:34:13,2053.04,UNKNOWN,보급 먹자고? 보급 떨어지는 거 봤어요?,
00:34:13,2053.04,00:34:18,2058.24,UNKNOWN,왜 이렇게 구탄이 귀하냐?,
00:34:18,2058.24,00:34:25,2065.2,UNKNOWN,아 침이,
00:34:25,2065.2,00:34:28,2068.2,UNKNOWN,침 4개 모아서 보급 먹자고,
00:34:28,2068.2,00:34:29,2069.2,UNKNOWN,쓰읍,
00:34:29,2069.2,00:34:31,2071.2,UNKNOWN,나 그런 거 한 번도 안 해봤는데,
00:34:31,2071.2,00:34:33,2073.2,UNKNOWN,어차피 부를 수 있는 곳 없지 않아요?,
00:34:33,2073.2,00:34:36,2076.2,UNKNOWN,그 송신탑 그런 거 있어야 되잖아,
00:34:36,2076.2,00:34:38,2078.2,UNKNOWN,솔로에는 없지 않아요?,
00:34:38,2078.2,00:34:40,2080.2,UNKNOWN,아닌가?,
00:34:40,2080.2,00:34:58,2098.52,UNKNOWN,솔로에는 없나 봐요,
00:34:58,2098.52,00:35:10,2110.31,UNKNOWN,여기도 땅 파지는 곳 있나?,
00:35:10,2110.31,00:35:24,2124.06,UNKNOWN,소리 트고 5시만 불로 확대하면 스마트하게 일하는 맛 소리가 있다 너무 맛있다,
00:35:24,2124.06,00:35:26,2126.06,UNKNOWN,고마워요,
00:35:26,2126.06,00:35:36,2136.48,UNKNOWN,아 안보여 안보여,
00:35:36,2136.48,00:35:45,2145.04,UNKNOWN,여기가 고지대겠지?,
00:35:45,2145.04,00:35:47,2147.04,UNKNOWN,고지대 한번 가볼까요?,
00:35:47,2147.04,00:36:14,2174.74,UNKNOWN,어 보급 떨어진다,
00:36:14,2174.74,00:36:19,2179.55,UNKNOWN,오케이,
00:36:19,2179.55,00:36:33,2193.84,UNKNOWN,전 내꺼다,
00:36:33,2193.84,00:36:34,2194.84,UNKNOWN,어허허허,
00:36:34,2194.84,00:36:35,2195.84,UNKNOWN,일어나,
00:36:35,2195.84,00:36:46,2206.16,UNKNOWN,있다있다있다있다있다있다,
00:36:46,2206.16,00:36:54,2214.72,UNKNOWN,아 씨발 아 껴가지고,
00:36:54,2214.72,00:36:56,2216.72,UNKNOWN,아,
00:36:56,2216.72,00:37:04,2224.28,UNKNOWN,아이씨 뭐 권총이야 갑자기 이새끼,
00:37:04,2224.28,00:37:30,2250.16,UNKNOWN,아 나 좁은 맵 할래 못참아,
00:37:30,2250.16,00:37:32,2252.16,UNKNOWN,나 이규 아 안돼,
00:37:32,2252.16,00:38:03,2283.72,UNKNOWN,에란겔이다,
00:38:03,2283.72,00:38:05,2285.72,UNKNOWN,방금 이병헌 가서 타고?,
00:38:06,2286.72,00:38:16,2296.02,UNKNOWN,아 울면서 웃어볼게요,
00:38:20,2300.02,00:38:22,2302.72,UNKNOWN,고마워요,
00:38:47,2327.25,00:38:49,2329.25,UNKNOWN,용 많이 먹고 오래사셈?,
00:38:49,2329.25,00:39:27,2367.57,UNKNOWN,저거 덕담임?,
00:39:27,2367.57,00:39:28,2368.57,UNKNOWN,슈우우우우우우우우우,
00:39:29,2369.57,00:39:33,2373.57,UNKNOWN,오케이 먹잇값 하나 둘 셋 넷 다 여 일곱 여덟 아홉,
00:39:33,2373.57,00:39:43,2383.92,UNKNOWN,흠.. 존댄거 같은데?,
00:39:43,2383.92,00:40:05,2405.03,UNKNOWN,씨발.. 집에 총이 없어?,
00:40:05,2405.03,00:40:17,2417.63,UNKNOWN,씨발 하나도 없어,
00:40:17,2417.63,00:40:18,2418.63,UNKNOWN,잠깐만,
00:40:18,2418.63,00:41:36,2496.18,UNKNOWN,그러게 계속 쪼고 있었네,
00:41:36,2496.18,00:41:50,2510.15,UNKNOWN,아 나도 파회할 수 있을 것 같았는데,
00:41:50,2510.15,00:41:53,2513.09,UNKNOWN,딱 창문 깨고 오른쪽 작은 집에 들어가서,
00:41:53,2513.09,00:41:55,2515.11,UNKNOWN,다른 총이 있는지 물색한 다음에,
00:41:55,2515.11,00:41:58,2518.24,UNKNOWN,그러려고 했는데,
00:41:58,2518.24,00:42:19,2539.91,UNKNOWN,그냥 걸어 나갈 걸 그랬나,
00:42:19,2539.91,00:42:25,2545.31,UNKNOWN,그린 피드백 방송은 언제 할 거야?,
00:42:25,2545.51,00:42:26,2546.53,UNKNOWN,그것만 기다리고 있어?,
00:42:26,2546.93,00:42:30,2550.54,UNKNOWN,흠 피드백 방송이라,
00:42:30,2550.54,00:42:32,2552.5,UNKNOWN,이번 주는 안 할 것 같은데,
00:42:32,2552.5,00:42:46,2566.77,UNKNOWN,낙하산 빨리 내리는 방법을 배워야 되나,
00:42:46,2566.77,00:42:49,2569.15,UNKNOWN,그냥 수직 낙하하면 그게 빨리 내리는 거 아니야?,
00:43:11,2591.6,00:43:13,2593.06,UNKNOWN,다른 방법이 또 있는 건가?,
00:43:13,2593.68,00:43:15,2595.72,UNKNOWN,내가 모르는 영역이 또 있겠지 물론,
00:43:15,2595.72,00:43:42,2622.3,UNKNOWN,간다,
00:43:42,2622.3,00:43:52,2632.45,UNKNOWN,렛츠고,
00:43:52,2632.45,00:44:06,2646.92,UNKNOWN,이렇게 좌우로 움직이면,
00:44:06,2646.92,00:44:09,2649.28,UNKNOWN,최대 속도로 저기 가지 않나요?,
00:44:10,2650.34,00:44:10,2650.72,UNKNOWN,안 돼,
00:44:10,2650.72,00:44:12,2652.14,UNKNOWN,거긴 내 자리야,
00:44:12,2652.14,00:44:15,2655.48,UNKNOWN,3층 건물은 내 자리야,
00:44:15,2655.48,00:44:15,2655.96,UNKNOWN,오케이,
00:44:15,2655.96,00:44:33,2673.44,UNKNOWN,이 새끼 들어왔어,
00:44:33,2673.44,00:44:34,2674.76,UNKNOWN,뒤질라고,
00:44:34,2674.76,00:45:57,2757.3,UNKNOWN,어디서 쏜 거지?,
00:46:02,2762.04,00:46:03,2763.84,UNKNOWN,아 구상 찾은 것까지는 완벽했는데,
00:46:03,2763.84,00:46:36,2796.9,UNKNOWN,그래 이렇게 좀 죽어야지,
00:46:36,2796.9,00:46:38,2798.2,UNKNOWN,약이 올라서 좀 더,
00:46:38,2798.2,00:46:40,2800.04,UNKNOWN,호승심이 생기지 그쵸?,
00:47:13,2833.71,00:47:14,2834.47,UNKNOWN,이번엔 여기다,
00:47:14,2834.47,00:47:21,2841.3,UNKNOWN,오늘 평일이야?,
00:47:21,2841.52,00:47:22,2842.22,UNKNOWN,주말이 아니었어?,
00:47:24,2844.34,00:47:25,2845.02,UNKNOWN,금요일이구나,
00:47:25,2845.02,00:47:26,2846.84,UNKNOWN,맞네 맞네,
00:47:26,2846.84,00:47:41,2861.24,UNKNOWN,간다,
00:47:41,2861.24,00:48:01,2881.97,UNKNOWN,존나 많아,
00:48:01,2881.97,00:49:27,2967.95,UNKNOWN,근데 나 가방이 없다,
00:49:27,2967.95,00:50:35,3035.08,UNKNOWN,깜짝이야,
00:50:35,3035.08,00:50:36,3036.76,UNKNOWN,깜짝이야,
00:50:36,3036.76,00:50:36,3036.96,UNKNOWN,깜짝이야,
00:50:36,3036.96,00:50:43,3043.7,UNKNOWN,깜짝이야,
00:50:43,3043.72,00:51:00,3060.18,UNKNOWN,근데 이렇게 초반에 싸우는 게 오히려 재밌는 것 같아 나는,
00:51:00,3060.18,00:51:16,3076.7,UNKNOWN,저 글쎄요,
00:51:16,3076.7,00:51:29,3089.66,UNKNOWN,나 어느 정도 그 올라가고 경기를 보고 싶은데,
00:51:29,3089.66,00:51:40,3100.67,UNKNOWN,그거 쉽지 않다고?,
00:51:40,3100.91,00:51:41,3101.13,UNKNOWN,아 그래?,
00:52:11,3131.51,00:52:11,3131.95,UNKNOWN,여기다,
00:52:11,3131.95,00:52:15,3135.58,UNKNOWN,아니야 여기부터다,
00:52:15,3135.58,00:52:18,3138.34,UNKNOWN,이렇게 이렇게 이렇게 해서 쓸어 나가는 거야,
00:52:18,3138.34,00:52:57,3177.5,UNKNOWN,아 시발,
00:52:57,3177.5,00:52:57,3177.66,UNKNOWN,초반에 싸우는 게 오히려 재밌는 것 같아,
00:52:57,3177.66,00:52:58,3178.16,UNKNOWN,총이 없다,
00:52:58,3178.16,00:53:03,3183.38,UNKNOWN,아 시발,
00:53:03,3183.38,00:53:04,3184.4,UNKNOWN,아 나,
00:53:04,3184.4,00:53:18,3198.7,UNKNOWN,발소리 안 들리냐고?,
00:53:18,3198.76,00:53:19,3199.48,UNKNOWN,아 들리죠,
00:53:19,3199.48,00:53:22,3202.78,UNKNOWN,하지만 쟤도 내 발소리는 듣는걸?,
00:53:40,3220.58,00:53:40,3220.9,UNKNOWN,음,
00:53:40,3220.9,00:53:46,3226.32,UNKNOWN,스킨 안 사냐고요?,
00:53:47,3227.26,00:53:50,3230.06,UNKNOWN,나 배그에 굳이 스킨이 필요한가라는 파라서,
00:53:50,3230.06,00:53:51,3231.08,UNKNOWN,잘 모르겠어요,
00:53:51,3231.08,00:53:54,3234.54,UNKNOWN,나 그래도 배그 돈 주고 샀어,
00:53:54,3234.54,00:53:56,3236.72,UNKNOWN,옛날에 시스팀에서 5만원에 팔 때,
00:53:56,3236.72,00:54:22,3262.28,UNKNOWN,그때가 제일 재밌었어요,
00:54:22,3262.28,00:54:23,3263.76,UNKNOWN,다 같이 못해가지고,
00:54:23,3263.76,00:54:26,3266.3,UNKNOWN,서로 연사를 못해가지고,
00:54:26,3266.3,00:54:27,3267.1,UNKNOWN,단발로 그냥,
00:54:27,3267.12,00:54:29,3269.0,UNKNOWN,으악 으아악 하면서 그냥,
00:54:29,3269.0,00:54:29,3269.94,UNKNOWN,따따따따따따따,
00:54:29,3269.94,00:54:30,3270.92,UNKNOWN,이렇게 쏠 때였어,
00:54:30,3270.92,00:54:34,3274.59,UNKNOWN,음,
00:54:34,3274.59,00:54:50,3290.41,UNKNOWN,와 페이커 정도 돼야지,
00:54:50,3290.41,00:54:52,3292.87,UNKNOWN,침필 사인에 50000을 받는구나,
00:54:52,3292.87,00:55:00,3300.02,UNKNOWN,아니 애초에 페이커가 누군가에게 사인을 받는 거 자체가,
00:55:00,3300.02,00:55:02,3302.3,UNKNOWN,되게 이례적인 경우 아니에요? 생각해보니까,
00:55:02,3302.3,00:55:10,3310.68,UNKNOWN,누구에게 사인은 많이 해줘봤겠지만,
00:55:10,3310.68,00:55:12,3312.38,UNKNOWN,사인을 받는 경우는 진짜,
00:55:12,3312.38,00:55:13,3313.72,UNKNOWN,귀할 것 같은데,
00:55:13,3313.72,00:55:33,3333.41,UNKNOWN,어?,
00:55:33,3333.41,00:55:35,3335.87,UNKNOWN,9090 사인 시간입니다,
00:55:35,3335.87,00:55:43,3343.5,UNKNOWN,어?,
00:55:43,3343.68,00:55:44,3344.68,UNKNOWN,어? 있네?,
00:55:44,3344.68,00:55:53,3353.36,UNKNOWN,오케이 그러면 나도 특별히 이례적으로 형한테 사인해줄게,
00:55:53,3353.36,00:56:48,3408.86,UNKNOWN,그러니 팬미팅 열어줄게,
00:56:48,3408.86,00:56:50,3410.26,UNKNOWN,앞에 있는데,
00:56:50,3410.26,00:58:11,3491.36,UNKNOWN,이 시X,
00:58:11,3491.36,00:58:13,3493.1,UNKNOWN,이건 형이 못했는데 뭐가 까비임?,
00:58:13,3493.1,00:58:14,3494.44,UNKNOWN,아,
00:58:14,3494.44,00:58:16,3496.64,UNKNOWN,괜히 가서 파쿠르 했나?,
00:58:16,3496.64,00:58:27,3507.85,UNKNOWN,옆으로 갈 걸 그랬나?,
00:58:27,3507.85,00:58:29,3509.41,UNKNOWN,이렇게 금방 죽으면 재미없다고?,
00:58:29,3509.41,00:58:30,3510.19,UNKNOWN,난,
00:58:30,3510.19,00:58:32,3512.13,UNKNOWN,아니 난 차라리 금방 죽는 게 나아,
00:58:32,3512.13,00:58:34,3514.57,UNKNOWN,나는 풀파밍하고 차 타다가,
00:58:34,3514.57,00:58:36,3516.95,UNKNOWN,차 타고 가다가 갑자기 헤드 맞고,
00:58:36,3516.95,00:58:46,3526.9,UNKNOWN,뒤지는 게 제일 싫어,
00:58:46,3526.9,00:58:48,3528.62,UNKNOWN,나 차라리 죽을 거면 빨리 죽을 거야?,
00:58:48,3528.62,00:58:48,3528.78,UNKNOWN,나 차라리 죽을 거면 빨리 죽을 거야?,
00:58:48,3528.78,00:58:49,3529.78,UNKNOWN,나 차라리 죽을 거면 빨리 죽을 거야?,
00:58:49,3529.78,00:58:50,3530.78,UNKNOWN,나 차라리 죽을 거면 빨리 죽을 거야?,
00:58:50,3530.78,00:58:51,3531.78,UNKNOWN,나 차라리 죽을 거면 빨리 죽을 거야?,
00:58:51,3531.78,01:00:05,3605.62,UNKNOWN,나 차라리 죽을 거면 빨리 죽을 거야?,
01:00:05,3605.62,01:00:06,3606.72,UNKNOWN,아 이제 시작했구나,
01:00:06,3606.72,01:00:08,3608.02,UNKNOWN,아 이제 시작했구나,
01:00:08,3608.02,01:00:33,3633.05,UNKNOWN,여기다!,
01:00:33,3633.05,01:00:44,3644.88,UNKNOWN,시X 문이 막혔어요!,
01:00:44,3644.88,01:00:47,3647.68,UNKNOWN,개자식아!,
01:00:47,3647.68,01:00:53,3653.96,UNKNOWN,니게르다!,
01:00:53,3653.96,01:00:55,3655.16,UNKNOWN,하하 이 새X,
01:00:55,3655.16,01:01:10,3670.99,UNKNOWN,이 새X 샵관 어디서 났어!,
01:01:10,3670.99,01:01:14,3674.71,UNKNOWN,와 저 집이 원래 문이 닫혀 있군요,
01:01:14,3674.71,01:01:15,3675.95,UNKNOWN,지식이 늘었다,
01:01:15,3675.95,01:01:32,3692.92,UNKNOWN,내 반임에 1시간 60반 수련법 응원합니다,
01:01:32,3692.92,01:01:35,3695.02,UNKNOWN,하하하하 고마워요,
01:01:35,3695.02,01:01:56,3716.15,UNKNOWN,지금 저축어 합방심사 개그 전용 노리는 거임?,
01:01:56,3716.15,01:01:59,3719.65,UNKNOWN,그러게 방송 퀸즈 1시간인데 한 30판 한 거 같은데,
01:01:59,3719.65,01:02:03,3723.04,UNKNOWN,아닌가?,
01:02:03,3723.04,01:02:04,3724.54,UNKNOWN,20판 했나? 10판 했나?,
01:02:04,3724.54,01:02:06,3726.04,UNKNOWN,10판은 한 듯?,
01:02:06,3726.04,01:02:32,3752.04,UNKNOWN,다시 여기로 간다,
01:02:32,3752.04,01:03:02,3782.17,UNKNOWN,못하는 연기 슬그만하라고 오케이,
01:03:02,3782.17,01:03:03,3783.17,UNKNOWN,아 시X,
01:03:03,3783.17,01:03:53,3833.62,UNKNOWN,견착할 걸,
01:03:53,3833.62,01:04:03,3843.0,UNKNOWN,아 진짜아,
01:04:03,3843.0,01:04:06,3846.72,UNKNOWN,오케이,
01:04:06,3846.72,01:04:07,3847.72,UNKNOWN,어,
01:04:07,3847.72,01:04:18,3858.58,UNKNOWN,오한이 도는군,
01:04:18,3858.58,01:04:19,3859.58,UNKNOWN,아,
01:04:19,3859.58,01:04:21,3861.58,UNKNOWN,어,
01:04:21,3861.58,01:04:22,3862.58,UNKNOWN,백턴은 반동심사야,
01:04:22,3862.58,01:04:23,3863.58,UNKNOWN,내가 견척해서 그래?,
01:04:23,3863.58,01:04:24,3864.58,UNKNOWN,아니야,
01:04:24,3864.58,01:04:28,3868.25,UNKNOWN,그냥 내가 견척을 안 해서 그래,
01:04:28,3868.25,01:04:31,3871.25,UNKNOWN,차라리 2배율을 못 먹었더라면 내가 이겼을 거야,
01:04:54,3894.43,01:05:08,3908.08,UNKNOWN,다시 여기다,
01:05:08,3908.08,01:05:10,3910.08,UNKNOWN,알겠어,
01:05:10,3910.08,01:06:05,3965.24,UNKNOWN,저 배를 정복하기 전까지,
01:06:05,3965.24,01:06:07,3967.24,UNKNOWN,누가 와라고 했어,
01:06:07,3967.24,01:06:08,3968.24,UNKNOWN,감탄이지?,
01:06:08,3968.24,01:07:14,4034.14,UNKNOWN,오케이 오케이,
01:07:14,4034.14,01:08:32,4112.62,UNKNOWN,어쨌든 이겼다,
01:08:32,4112.62,01:08:33,4113.62,UNKNOWN,아 M 빠져야겠다,
01:08:33,4113.62,01:08:34,4114.62,UNKNOWN,방금 쏘고 느꼈어,
01:08:34,4114.62,01:08:35,4115.62,UNKNOWN,나는,
01:08:35,4115.62,01:09:08,4148.27,UNKNOWN,부탄의 운명을 받았다고,
01:09:08,4148.27,01:09:09,4149.27,UNKNOWN,어? 자기장이네?,
01:09:09,4149.27,01:09:17,4157.99,UNKNOWN,보급 떨어진다,
01:09:17,4157.99,01:09:19,4159.99,UNKNOWN,좀 고지대에 가서 멍 때리고 있을까요?,
01:09:19,4159.99,01:09:34,4174.94,UNKNOWN,아니야 저,
01:09:34,4174.94,01:09:37,4177.94,UNKNOWN,보급 먹기에는 너무 사람 많은 곳에 떨어져가지고 저거,
01:09:37,4177.94,01:09:50,4190.73,UNKNOWN,바로 앞이었으면 몰라,
01:09:50,4190.73,01:09:54,4194.49,UNKNOWN,여기 윈체스터 많이 떨어진다,
01:09:54,4194.49,01:10:15,4215.06,UNKNOWN,여기서도 보급 안 보일 정도면 존나 멀리서 떨어진 거 아니야?,
01:10:15,4215.06,01:11:21,4281.45,UNKNOWN,저 옥상에 있어,
01:11:21,4281.45,01:11:22,4282.45,UNKNOWN,이동했다,
01:11:22,4282.45,01:12:18,4338.34,UNKNOWN,소음기 소리인데?,
01:12:18,4338.34,01:12:59,4379.7,UNKNOWN,M249인가?,
01:12:59,4379.7,01:13:00,4380.7,UNKNOWN,연막이다,
01:13:00,4380.7,01:13:36,4416.65,UNKNOWN,자기장 밖에서 싸우는 거 같은데?,
01:13:36,4416.65,01:13:41,4421.53,UNKNOWN,저기 있다,
01:13:41,4421.53,01:13:43,4423.53,UNKNOWN,근데 맞출 자신은 없군,
01:13:43,4423.53,01:14:14,4454.48,UNKNOWN,잘 쏘네,
01:14:14,4454.48,01:15:00,4500.82,UNKNOWN,어디 갔지?,
01:15:00,4500.82,01:15:07,4507.4,UNKNOWN,여기 있었는데?,
01:15:07,4507.4,01:15:19,4519.16,UNKNOWN,분명 있지 않았어요?,
01:15:19,4519.16,01:15:20,4520.16,UNKNOWN,귀신?,
01:15:20,4520.16,01:16:21,4581.17,UNKNOWN,다시 빠져,
01:16:21,4581.17,01:16:23,4583.17,UNKNOWN,이건 에임 이슈가 크네요,
01:16:25,4585.17,01:16:48,4608.97,UNKNOWN,와 탑10,
01:16:48,4608.97,01:16:51,4611.97,UNKNOWN,아 진짜 아니 왜 잡을 걸 못 잡냐 자꾸,
01:16:51,4611.97,01:16:53,4613.97,UNKNOWN,아 자식이 진짜,
01:16:53,4613.97,01:18:07,4687.33,UNKNOWN,뭐야 저격 있어?,
01:18:07,4687.33,01:18:08,4688.33,UNKNOWN,괜찮아,
01:18:08,4688.33,01:18:09,4689.33,UNKNOWN,눈에만 띄지 마라,
01:18:12,4692.28,01:18:14,4694.28,UNKNOWN,아 천원 넣은 거 맞습니다,
01:18:14,4694.28,01:18:33,4713.98,UNKNOWN,이번에도 이 배를 정복하겠어,
01:18:33,4713.98,01:19:32,4772.42,UNKNOWN,씨발 3배율이야,
01:19:32,4772.42,01:19:33,4773.42,UNKNOWN,3배율 빼,
01:19:33,4773.42,01:20:18,4818.89,UNKNOWN,감도를 살짝 올리니까 좀 더 유용한 거 같은데?,
01:20:18,4818.89,01:20:19,4819.89,UNKNOWN,기분 탓인가?,
01:20:19,4819.89,01:20:45,4845.22,UNKNOWN,저 집에도 내렸을 텐데,
01:20:45,4845.22,01:21:02,4862.42,UNKNOWN,저기 있다,
01:21:02,4862.42,01:21:04,4864.42,UNKNOWN,나 3배율 아예 버렸어?,
01:21:04,4864.42,01:21:13,4873.26,UNKNOWN,템 창에 넣은 게 아니라 버린 거야?,
01:21:13,4873.26,01:21:17,4877.12,UNKNOWN,이건 2배율인데?,
01:21:17,4877.12,01:21:21,4881.38,UNKNOWN,여기 있다,
01:21:21,4881.38,01:21:54,4914.38,UNKNOWN,있다,
01:21:54,4914.38,01:22:18,4938.37,UNKNOWN,저 집 안에 있어,
01:22:18,4938.37,01:23:58,5038.64,UNKNOWN,집 안에 들어갔나?,
01:23:58,5038.64,01:24:30,5070.62,UNKNOWN,어떻게 뭐지?,
01:24:30,5070.62,01:24:31,5071.62,UNKNOWN,갔나?,
01:24:31,5071.62,01:25:16,5116.2,UNKNOWN,오케이,
01:25:16,5116.2,01:25:22,5122.23,UNKNOWN,이 새끼 잘 던지네,
01:25:22,5122.23,01:25:41,5141.03,UNKNOWN,로비에서 때리던 애라고?,
01:25:41,5141.03,01:25:42,5142.03,UNKNOWN,레알?,
01:25:42,5142.03,01:26:20,5180.74,UNKNOWN,그럼 저격인데,
01:26:20,5180.74,01:26:22,5182.74,UNKNOWN,저격 이기면 저격 밴 안 당하냐고?,
01:26:22,5182.74,01:26:24,5184.74,UNKNOWN,그건 어,
01:26:24,5184.74,01:26:27,5187.74,UNKNOWN,신고 여부에 따르지 않을까요?,
01:26:27,5187.74,01:26:31,5191.74,UNKNOWN,저격을 잡든 안 잡든 일단 저격 행위 자체에서,
01:26:31,5191.74,01:27:10,5230.54,UNKNOWN,밴 여부를 정하니까,
01:27:10,5230.54,01:27:12,5232.54,UNKNOWN,저쪽으로 간다,
01:27:22,5242.22,01:27:24,5244.22,UNKNOWN,레알,
01:27:24,5244.22,01:27:26,5246.22,UNKNOWN,그럼에도 한다는 거임,
01:27:26,5246.22,01:28:14,5294.63,UNKNOWN,시발 모르고 총 바꿔서 죽는 줄 알았네,
01:28:14,5294.63,01:28:47,5327.46,UNKNOWN,에이스들까 어그들까 고민이네,
01:28:47,5327.46,01:29:03,5343.26,UNKNOWN,에이스?,
01:29:03,5343.26,01:29:05,5345.26,UNKNOWN,시발 홀로그램 좀 주세요 제발,
01:29:05,5345.26,01:29:21,5361.24,UNKNOWN,홈 콜라보 시작인데 하실 건가요?,
01:29:21,5361.24,01:29:29,5369.74,UNKNOWN,어.. 언제?,
01:29:29,5369.74,01:29:44,5384.66,UNKNOWN,3배율 혹시 모르니까 먹어두고,
01:29:44,5384.66,01:29:53,5393.03,UNKNOWN,오 완전 자기장 센터야,
01:29:53,5393.03,01:30:49,5449.84,UNKNOWN,제발 토트사이트 홀로그램 없어,
01:30:49,5449.84,01:31:14,5474.5,UNKNOWN,하프 그립 들어볼까?,
01:31:14,5474.5,01:31:23,5483.3,UNKNOWN,호잇,
01:31:23,5483.3,01:32:24,5544.92,UNKNOWN,얘도 내 말 들었어,
01:32:25,5545.92,01:32:27,5547.92,UNKNOWN,발소리 들었어,
01:32:45,5565.17,01:32:46,5566.17,UNKNOWN,개잘 쏘네,
01:32:46,5566.17,01:33:05,5585.77,UNKNOWN,이걸 한 방에 맞춰?,
01:33:05,5585.77,01:33:15,5595.38,UNKNOWN,2킬이네요,
01:33:15,5595.38,01:33:21,5601.98,UNKNOWN,한번 볼까? 어떻게 잡았는지,
01:33:21,5601.98,01:33:45,5625.23,UNKNOWN,이거 하고,
01:33:45,5625.23,01:33:48,5628.23,UNKNOWN,뭐야 이 다음 하이라이트 어떻게 넘어가,
01:33:48,5628.23,01:34:04,5644.34,UNKNOWN,여기서?,
01:34:04,5644.34,01:34:06,5646.34,UNKNOWN,이.. 이.. 이 새끼야? 이 새끼라고?,
01:34:06,5646.34,01:34:27,5667.9,UNKNOWN,재생 어떻게,
01:34:27,5667.9,01:34:37,5677.38,UNKNOWN,내가 좀 가만히 있긴 했네,
01:34:38,5678.38,01:34:41,5681.38,UNKNOWN,아니 그래도 그거 감안해도 존다 잘 쏘네,
01:34:41,5681.38,01:35:05,5705.06,UNKNOWN,그냥 익숙한 맛집이 승권이었잖아,
01:35:05,5705.06,01:35:06,5706.06,UNKNOWN,아니 잡자마자,
01:35:07,5707.06,01:35:14,5714.09,UNKNOWN,갑자기 M24 쳐맞을 줄 몰랐지,
01:35:14,5714.09,01:35:16,5716.09,UNKNOWN,여기서 M24는 드랍템 아니..,
01:35:16,5716.09,01:35:18,5718.09,UNKNOWN,그.. 보급 드랍템 아니에요?,
01:35:18,5718.09,01:35:29,5729.1,UNKNOWN,아니야?,
01:35:29,5729.1,01:35:32,5732.61,UNKNOWN,근데 왜 난 한 번으로 못 본 거 같지?,
01:35:32,5732.61,01:35:38,5738.54,UNKNOWN,홀로그램이,
01:36:35,5795.22,01:36:37,5797.22,UNKNOWN,벌써 시작을 했구만,
01:36:37,5797.22,01:36:38,5798.22,UNKNOWN,이번엔 좀 멀리 가볼까요?,
01:36:38,5798.22,01:36:39,5799.22,UNKNOWN,아니야!,
01:36:39,5799.22,01:36:41,5801.22,UNKNOWN,남자라면,
01:36:41,5801.22,01:36:42,5802.22,UNKNOWN,여기!,
01:36:42,5802.22,01:36:46,5806.94,UNKNOWN,어중간한 곳에 내려 죽겠어,
01:36:46,5806.94,01:36:55,5815.46,UNKNOWN,봐봐 여기도 내린 새끼 있잖아,
01:36:55,5815.46,01:36:57,5817.46,UNKNOWN,존나 많은데 게다가?,
01:36:57,5817.46,01:37:03,5823.08,UNKNOWN,난 저기 가야지 그럼,
01:37:03,5823.08,01:37:05,5825.08,UNKNOWN,늦었다 나 너무,
01:37:05,5825.08,01:37:08,5828.08,UNKNOWN,어? 여기도 존나 많은데?,
01:37:08,5828.08,01:37:36,5856.03,UNKNOWN,인생 망한 듯?,
01:37:36,5856.03,01:37:37,5857.03,UNKNOWN,총이 없어,
01:37:37,5857.03,01:37:39,5859.73,UNKNOWN,서로 죽여라,
01:37:39,5859.73,01:38:36,5916.22,UNKNOWN,이 병 넘어있는 거 같은데?,
01:38:36,5916.22,01:38:38,5918.79,UNKNOWN,일단 앞뒤부터,
01:38:38,5918.79,01:39:33,5973.5,UNKNOWN,아 시발 좌각 시발,
01:39:33,5973.5,01:39:51,5991.39,UNKNOWN,아..,
01:39:51,5991.39,01:40:10,6010.35,UNKNOWN,호이,
01:40:10,6010.35,01:40:12,6012.35,UNKNOWN,치킨 언제 먹냐고?,
01:40:12,6012.35,01:40:14,6014.35,UNKNOWN,치킨은 무슨,
01:40:14,6014.35,01:40:15,6015.35,UNKNOWN,굶어,
01:40:15,6015.35,01:40:51,6051.42,UNKNOWN,호잇,
01:40:52,6052.42,01:40:53,6053.42,UNKNOWN,호잇,
01:40:53,6053.42,01:41:11,6071.74,UNKNOWN,좋아,
01:41:11,6071.74,01:41:14,6074.72,UNKNOWN,아자아자 화이팅!,
01:41:15,6075.72,01:41:38,6098.2,UNKNOWN,오와아,
01:41:39,6099.2,01:41:42,6102.2,UNKNOWN,에? 결투장 최근에 했나?,
01:41:42,6102.2,01:41:56,6116.66,UNKNOWN,봐봐요 여기로 한 놈 떨어지지 않았어?,
01:41:56,6116.66,01:42:34,6154.66,UNKNOWN,시발 샷건이었는데,
01:42:34,6154.66,01:42:36,6156.66,UNKNOWN,아 개까비,
01:42:36,6156.66,01:42:42,6162.9,UNKNOWN,낙땜 때문에 씨발 이거 소대받다,
01:42:42,6162.9,01:42:49,6169.15,UNKNOWN,삼분안에 미션 가지..,
01:42:49,6169.15,01:42:50,6170.15,UNKNOWN,죽으면 가져가기?,
01:42:50,6170.15,01:42:52,6172.15,UNKNOWN,미션 성공!,
01:42:52,6172.15,01:43:09,6189.13,UNKNOWN,성공 눌러주세요 매니저님,
01:43:09,6189.13,01:43:16,6196.22,UNKNOWN,계시나?,
01:43:16,6196.22,01:43:18,6198.22,UNKNOWN,이제 온건가?,
01:43:18,6198.22,01:43:26,6206.04,UNKNOWN,아 이번엔 좀 넓은 맵할까?,
01:43:26,6206.04,01:43:36,6216.55,UNKNOWN,아.. 제발 미라만만 아니길,
01:43:36,6216.55,01:43:40,6220.25,UNKNOWN,미라마는 그냥 돌아다니기가 힘들어서 너무 힘들어,
01:43:40,6220.25,01:44:13,6253.38,UNKNOWN,프리즌 가볼까?,
01:44:13,6253.38,01:44:16,6256.18,UNKNOWN,저 이 새끼 와꾸 왜 이렇게 무서워,
01:44:16,6256.18,01:44:18,6258.38,UNKNOWN,와..,
01:44:18,6258.38,01:44:35,6275.06,UNKNOWN,태토령변,
01:44:35,6275.06,01:44:38,6278.36,UNKNOWN,저런 남자가 은근히 속마음은 여려?,
01:44:38,6278.36,01:45:05,6305.41,UNKNOWN,그럴 확률도 있어요 예,
01:45:05,6305.41,01:45:07,6307.11,UNKNOWN,보통 캐릭터를 치장할 때,
01:45:07,6307.11,01:45:30,6330.72,UNKNOWN,자기 내면과는 정반대로 꾸미는 성향이 있다 카데,
01:45:30,6330.72,01:45:32,6332.82,UNKNOWN,치킨 못 먹을 것 같으면 티셔츠라도 벗기,
01:45:32,6332.82,01:45:51,6351.51,UNKNOWN,이 안에 아무것도 안 입었어 개자식아,
01:45:51,6351.51,01:47:02,6422.84,UNKNOWN,서로 죽여라,
01:47:02,6422.84,01:47:13,6433.18,UNKNOWN,수류탄 빼는 척했네,
01:47:13,6433.18,01:47:24,6444.33,UNKNOWN,나 밑에서 파밍이나 해야겠다,
01:47:24,6444.33,01:48:47,6527.0,UNKNOWN,8배율이다 오 자기장은 좋아,
01:48:47,6527.0,01:48:52,6532.8,UNKNOWN,2명이었네,
01:48:52,6532.8,01:49:09,6549.51,UNKNOWN,그니까 위층에도 하나 있고 2층에도 하나 있었어,
01:49:09,6549.51,01:49:30,6570.59,UNKNOWN,그냥 빠져나갈 걸 그랬나,
01:49:30,6570.59,01:49:32,6572.69,UNKNOWN,혼자서 치킨 드시려면 한 번이라도 있냐고요?,
01:49:32,6572.69,01:49:35,6575.94,UNKNOWN,있긴 하죠 응,
01:49:35,6575.94,01:49:40,6580.96,UNKNOWN,손에 꼽을 정도라서 그렇지,
01:49:40,6580.96,01:49:42,6582.36,UNKNOWN,오늘도 사이퍼즈 하냐고?,
01:49:42,6582.36,01:49:43,6583.76,UNKNOWN,했으면 좋겠나요?,
01:49:43,6583.76,01:50:00,6600.93,UNKNOWN,이렇게 사이퍼즈를 원하는 사람이 있을 줄이야,
01:50:00,6600.93,01:50:04,6604.73,UNKNOWN,전 영화 같이 보게 했으면 좋겠다고,
01:50:04,6604.73,01:50:07,6607.73,UNKNOWN,영화 이번에 황해라고 했나?,
01:50:07,6607.73,01:50:12,6612.3,UNKNOWN,황해는 별로 안 땡기는데,
01:50:12,6612.3,01:50:14,6614.3,UNKNOWN,롤은 안 한지 오래됐죠,
01:50:14,6614.3,01:50:35,6635.16,UNKNOWN,황해도 좋고 용서받지 못한 자도 좋아,
01:50:35,6635.16,01:50:38,6638.16,UNKNOWN,용서받지 못한 자 나 본 거 같은데 기억이 안 나네,
01:50:38,6638.16,01:50:53,6653.75,UNKNOWN,무슨 내용이었더라?,
01:50:53,6653.75,01:51:06,6666.64,UNKNOWN,아 군대 부조리 맞아 맞아 맞아,
01:51:06,6666.64,01:51:09,6669.94,UNKNOWN,에라이 개자식들 니들끼리 싸워라,
01:51:09,6669.94,01:51:27,6687.85,UNKNOWN,아이 씨X,
01:51:27,6687.85,01:51:30,6690.25,UNKNOWN,아이 짜증나네,
01:51:34,6694.0,01:51:49,6709.85,UNKNOWN,아이 미션 성공,
01:51:49,6709.85,01:51:53,6713.45,UNKNOWN,아 10분 이상 생존하면 가져가,
01:51:53,6713.45,01:52:16,6736.84,UNKNOWN,문제없어,
01:52:16,6736.84,01:52:18,6738.14,UNKNOWN,랭커드는 안 하냐고요?,
01:52:18,6738.14,01:52:22,6742.28,UNKNOWN,왜 딱히?,
01:52:22,6742.28,01:52:41,6761.1,UNKNOWN,헐 CC 연습한다 이사람,
01:52:41,6761.1,01:52:42,6762.8,UNKNOWN,엉덩이 보소 이새끼,
01:52:50,6770.69,01:53:08,6788.54,UNKNOWN,저녁에 그릴지도?,
01:53:08,6788.54,01:53:16,6796.87,UNKNOWN,아니면 뭐 오늘까진 게임하다가 주말에 그림 그릴지도?,
01:53:16,6796.87,01:53:18,6798.87,UNKNOWN,아 요새는 그림 실력이 좀 약간,
01:53:18,6798.87,01:53:19,6799.87,UNKNOWN,요새 약간,
01:53:19,6799.87,01:53:21,6801.97,UNKNOWN,묘하게 슬럼프라서,
01:53:21,6801.97,01:53:37,6817.54,UNKNOWN,흠,
01:53:37,6817.54,01:53:44,6824.01,UNKNOWN,낙서 방송을 할까?,
01:53:48,6828.11,01:53:50,6830.21,UNKNOWN,나도 내 맘을 모르겠는걸 어떡해,
01:53:50,6830.21,01:54:07,6847.46,UNKNOWN,이 바보,
01:54:07,6847.46,01:54:14,6854.73,UNKNOWN,저거 차인가?,
01:54:14,6854.73,01:54:16,6856.33,UNKNOWN,버기네,
01:54:16,6856.33,01:54:22,6862.19,UNKNOWN,버기라도 일단 타자,
01:54:22,6862.19,01:54:25,6865.09,UNKNOWN,으아악,
01:54:25,6865.09,01:54:39,6879.79,UNKNOWN,오케이 핸디캡,
01:54:39,6879.79,01:54:41,6881.39,UNKNOWN,해보자 이거지,
01:55:59,6959.5,01:56:44,7004.23,UNKNOWN,이 새X봉이 있었는데 입질을 한 거야?,
01:56:44,7004.23,01:56:47,7007.51,UNKNOWN,오케이 보내주지,
01:56:47,7007.51,01:57:02,7022.17,UNKNOWN,즐거웠다,
01:57:02,7022.17,01:57:03,7023.07,UNKNOWN,에미사부?,
01:57:10,7030.48,01:57:16,7036.85,UNKNOWN,유턴트,
01:57:16,7036.85,01:57:23,7043.86,UNKNOWN,오 카구팔이다,
01:57:23,7043.86,01:57:47,7067.79,UNKNOWN,에이스,
01:57:47,7067.79,01:57:49,7069.19,UNKNOWN,힐템이 안 나오냐?,
01:57:49,7069.19,01:58:19,7099.04,UNKNOWN,산띠,
01:58:19,7099.04,01:58:30,7110.69,UNKNOWN,어? 육배율이다,
01:58:30,7110.69,01:58:32,7112.49,UNKNOWN,뭐 했다고 반피 나갔냐고?,
01:58:32,7112.49,01:58:37,7117.48,UNKNOWN,착지할 때 반피 됐어요,
01:58:37,7117.48,01:58:50,7130.62,UNKNOWN,어? 에미사,
01:58:50,7130.62,01:59:02,7142.65,UNKNOWN,아니 뭐 이 X발 붕대도 안 나오냐?,
01:59:02,7142.65,01:59:05,7145.25,UNKNOWN,오 죽음의 상가방이다,
01:59:05,7145.25,01:59:15,7155.48,UNKNOWN,불길해,
01:59:15,7155.48,01:59:48,7188.07,UNKNOWN,아 왜 붕대랑 X발 힐킷이 안 나오는데요?,
01:59:48,7188.07,01:59:49,7189.07,UNKNOWN,없고,
01:59:49,7189.07,02:00:15,7215.58,UNKNOWN,어? 플레어거,
02:00:15,7215.58,02:00:36,7236.6,UNKNOWN,누가 플레어 불렀다,
02:00:36,7236.6,02:00:39,7239.1,UNKNOWN,엔티알 하기엔 너무 먼 거 같은데요,
02:00:39,7239.1,02:00:53,7253.02,UNKNOWN,성광,
02:00:53,7253.02,02:00:54,7254.72,UNKNOWN,응처장,
02:00:54,7254.72,02:00:59,7259.86,UNKNOWN,구상,
02:00:59,7259.86,02:01:18,7278.67,UNKNOWN,붕대라도 많이 먹어놔야지,
02:01:18,7278.67,02:01:27,7287.13,UNKNOWN,파밍은 얼추 끝난 거 같죠?,
02:01:27,7287.13,02:01:37,7297.04,UNKNOWN,이집까지만 털고 이제 자리 잡으러 가자,
02:01:37,7297.04,02:01:39,7299.74,UNKNOWN,던질 거나 많이 먹었으면 좋겠는데,
02:01:39,7299.74,02:01:41,7301.34,UNKNOWN,부탄 다 버려,
02:01:41,7301.34,02:01:43,7303.24,UNKNOWN,프라이팬도 버려,
02:01:43,7303.24,02:01:53,7313.4,UNKNOWN,판처,
02:01:53,7313.4,02:01:54,7314.3,UNKNOWN,부탄 왜 들고 있냐고?,
02:01:54,7314.3,02:02:03,7323.16,UNKNOWN,그래서 버렸어요,
02:02:03,7323.16,02:02:17,7337.48,UNKNOWN,성광,
02:02:17,7337.48,02:02:29,7349.95,UNKNOWN,질탄,
02:02:29,7349.95,02:02:31,7351.15,UNKNOWN,오 벌써 자기장이?,
02:02:31,7351.75,02:02:33,7353.75,UNKNOWN,렛츠고,
02:02:33,7353.75,02:03:01,7381.58,UNKNOWN,배그 끝나고 사이펀즈도 하신대요?,
02:03:01,7381.58,02:03:04,7384.78,UNKNOWN,아직 그렇게 확정짓듯이 말하지 마,
02:03:08,7388.14,02:03:26,7406.22,UNKNOWN,오와아우아,
02:03:26,7406.22,02:03:28,7408.62,UNKNOWN,뭐지 이 동그란히 놓여진 차는?,
02:03:28,7408.62,02:03:42,7422.58,UNKNOWN,누가 타던 건데?,
02:03:42,7422.58,02:04:25,7465.29,UNKNOWN,방금 그 집에서 누가 파밍하고 있었나봐,
02:04:25,7465.29,02:04:26,7466.29,UNKNOWN,오오오,
02:04:26,7466.29,02:04:35,7475.62,UNKNOWN,X발,
02:04:35,7475.62,02:05:00,7500.95,UNKNOWN,아 이집에서?,
02:05:00,7500.95,02:05:02,7502.55,UNKNOWN,어? 어 뭐야 뭐야 뭐야 뭐야,
02:05:02,7502.55,02:05:04,7504.75,UNKNOWN,어 뭐야 어 어,
02:05:04,7504.75,02:05:06,7506.25,UNKNOWN,보험사 불러,
02:05:06,7506.25,02:05:12,7512.62,UNKNOWN,어 8배율이다,
02:05:12,7512.62,02:05:14,7514.22,UNKNOWN,이 X끼 황금고블린이잖아,
02:05:14,7514.22,02:05:24,7524.78,UNKNOWN,어? 어 뭐야 뭐야 뭐야 뭐야 뭐야 어? 어? 어? 어? 보험사 불러!,
02:05:24,7524.98,02:05:32,7532.68,UNKNOWN,어! 길리슈트다,
02:05:32,7532.68,02:05:50,7550.93,UNKNOWN,여기 자리 괜찮은데?,
02:05:50,7550.93,02:05:51,7551.79,UNKNOWN,무덤,
02:05:51,7551.79,02:05:53,7553.11,UNKNOWN,무덤,
02:05:53,7553.11,02:05:54,7554.83,UNKNOWN,무덤,
02:05:54,7554.83,02:05:55,7555.15,UNKNOWN,무덤,
02:05:55,7555.15,02:06:30,7590.49,UNKNOWN,무덤,
02:06:30,7590.49,02:06:31,7591.63,UNKNOWN,괜찮은데?,
02:06:31,7591.63,02:06:32,7592.97,UNKNOWN,오우 X발 너무 oblack해,
02:06:32,7592.97,02:06:34,7594.83,UNKNOWN,tuna,
02:06:34,7594.83,02:06:36,7596.43,UNKNOWN,이따 마실 거 실컷 마시죠,
02:06:36,7596.43,02:06:43,7603.86,UNKNOWN,이제 정막 거 들어가서 Kentuckyioè,
02:07:04,7624.88,02:07:18,7638.46,UNKNOWN,소음... 소음기도 보험기 보다는 보 salted camera가 counted as a lot,
02:07:18,7638.66,02:07:20,7640.62,UNKNOWN,호호호호 호!,
02:07:20,7640.64,02:07:24,7644.47,UNKNOWN,깡깡!,
02:07:24,7644.51,02:07:27,7647.43,UNKNOWN,이 새끼 존나 유용한 거만 들고 있네.,
02:07:27,7647.45,02:07:40,7660.7,UNKNOWN,착한 새끼!,
02:07:40,7660.7,02:07:42,7662.64,UNKNOWN,조끼는 수리 lasci sin twist cannot be replaced.,
02:07:42,7662.64,02:07:53,7673.77,UNKNOWN,뚝배기만 수리되는 걸로 아는데.,
02:07:53,7673.79,02:08:00,7680.82,UNKNOWN,이렇게 해서 어떻게 해?,
02:08:00,7680.82,02:08:10,7690.72,UNKNOWN,아~!,
02:08:10,7690.72,02:08:43,7723.71,UNKNOWN,오! 신기하다!,
02:08:43,7723.73,02:08:51,7731.4,UNKNOWN,저쪽에서 존나 소리가 나는데...,
02:08:51,7731.42,02:08:53,7733.0,UNKNOWN,오우?!,
02:08:53,7733.02,02:09:03,7743.03,UNKNOWN,알락해요!,
02:09:03,7743.05,02:09:21,7761.84,UNKNOWN,"차로 뚜껑 덮으면 씨발! 진짜 갇히는 거잖아, 미친놈아.",
02:09:21,7761.84,02:09:23,7763.2,UNKNOWN,안 돼!!,
02:09:23,7763.2,02:09:24,7764.44,UNKNOWN,내 구덩이...,
02:09:24,7764.44,02:09:26,7766.14,UNKNOWN,값어치가 떨어졌어,
02:09:26,7766.14,02:09:54,7794.81,UNKNOWN,맞췄나?,
02:09:54,7794.81,02:09:55,7795.59,UNKNOWN,ㅋㅋㅋㅋㅋㅋㅋㅋㅋ,
02:09:55,7795.59,02:10:08,7808.6,UNKNOWN,한팔도 못 맞췄어 ㅆ..,
02:10:08,7808.6,02:10:12,7812.22,UNKNOWN,라이빙 멈춰샷은 또 새로운 조식이네 ㅋㅋ,
02:10:18,7818.24,02:10:19,7819.34,UNKNOWN,다시 보기나 보자고?,
02:10:24,7824.59,02:10:26,7826.51,UNKNOWN,레아 이 새X 진짜 운 없다,
02:10:26,7826.51,02:10:28,7828.21,UNKNOWN,죽어도 나한테 죽냐?,
02:10:28,7828.21,02:10:41,7841.7,UNKNOWN,아 한참 싸우다가,
02:10:41,7841.7,02:10:43,7843.1,UNKNOWN,이 새X도,
02:10:43,7843.1,02:10:55,7855.35,UNKNOWN,구덩이를 팔 생각을 하고 있었구나,
02:10:55,7855.35,02:10:58,7858.09,UNKNOWN,레아 있는지도 몰랐는데,
02:10:58,7858.09,02:11:03,7863.39,UNKNOWN,피감고 있었네,
02:11:03,7863.39,02:11:31,7891.72,UNKNOWN,고마워요,
02:11:31,7891.72,02:11:34,7894.44,UNKNOWN,데이거,
02:11:34,7894.44,02:11:36,7896.52,UNKNOWN,데이거도 차 없이는 할 수,
02:11:36,7896.52,02:11:39,7899.92,UNKNOWN,영어 할 수 없는 랩이던데,
02:11:39,7899.92,02:11:43,7903.69,UNKNOWN,뽀놀리가 어디서 그러는지 모르겠다,
02:11:43,7903.69,02:11:45,7905.35,UNKNOWN,뽀놀라,
02:13:05,7985.18,02:13:29,8009.25,UNKNOWN,터미널 렛츠고,
02:13:29,8009.25,02:13:30,8010.75,UNKNOWN,아니면 차를 먼저,
02:13:30,8010.75,02:13:33,8013.82,UNKNOWN,파밍해서,
02:13:33,8013.82,02:13:34,8014.32,UNKNOWN,어머,
02:13:35,8015.9,02:13:38,8018.08,UNKNOWN,차차차,
02:13:38,8018.08,02:13:40,8020.82,UNKNOWN,차차차,
02:13:40,8020.82,02:13:44,8024.08,UNKNOWN,오 차다,
02:13:44,8024.08,02:13:45,8025.62,UNKNOWN,저걸 내가 먹을 수 있을까?,
02:13:45,8025.62,02:13:48,8028.18,UNKNOWN,저 새X도 차 먹으러 가는 거 같은데?,
02:13:48,8028.18,02:13:59,8039.92,UNKNOWN,아니네,
02:13:59,8039.92,02:14:00,8040.4,UNKNOWN,자아,
02:14:02,8042.54,02:14:20,8060.73,UNKNOWN,너희끼리 실컷 죽이라고,
02:14:20,8060.73,02:14:22,8062.01,UNKNOWN,은근히 포토가 이거,
02:14:22,8062.01,02:14:25,8065.13,UNKNOWN,이런 산악지대에 안정감이 좋단 말이야,
02:14:25,8065.13,02:14:39,8079.74,UNKNOWN,여기 사람이 있었어?,
02:14:39,8079.74,02:14:40,8080.66,UNKNOWN,왜?,
02:14:40,8080.66,02:14:46,8086.52,UNKNOWN,X발 왜?,
02:14:46,8086.52,02:14:47,8087.9,UNKNOWN,그 많은 집 중에 왜?,
02:14:47,8087.92,02:15:24,8124.89,UNKNOWN,아 X발 레알 12게이지를 안 주워서,
02:15:24,8124.89,02:15:26,8126.47,UNKNOWN,아 안돼,
02:15:26,8126.47,02:15:27,8127.65,UNKNOWN,X같은 맵 걸렸어,
02:15:27,8127.65,02:16:07,8167.76,UNKNOWN,이 맵 내가 볼 때 한 반년 안에 삭제됨,
02:16:07,8167.76,02:16:12,8172.61,UNKNOWN,"9, 8, 7",
02:16:12,8172.61,02:16:32,8192.5,UNKNOWN,차 말고 파밍부터 하자고? 왜?,
02:16:32,8192.5,02:16:47,8207.11,UNKNOWN,차 찾으러 간다,
02:16:47,8207.11,02:16:52,8212.73,UNKNOWN,저건가?,
02:16:52,8212.73,02:16:54,8214.09,UNKNOWN,저거 버스 아니야?,
02:16:54,8214.09,02:17:21,8241.83,UNKNOWN,빵빵,
02:17:21,8241.83,02:17:42,8262.17,UNKNOWN,거기 타야지,
02:17:42,8262.17,02:17:46,8266.46,UNKNOWN,X가,
02:17:46,8266.46,02:18:10,8290.54,UNKNOWN,이걸 맞춰?,
02:18:10,8290.54,02:18:11,8291.36,UNKNOWN,최대한 그 비행기 경로에서 벗어내면 돼?,
02:18:11,8291.36,02:18:12,8292.9,UNKNOWN,최대한 그 비행기 경로에서 벗어내면 돼?,
02:18:12,8292.9,02:18:34,8314.4,UNKNOWN,뿌듯한 곳에서부터 파밍하려고,
02:18:34,8314.4,02:19:06,8346.5,UNKNOWN,좋아 여기부터 시작해볼까?,
02:19:06,8346.5,02:19:10,8350.28,UNKNOWN,아 베릴 같은 거 쓰면 인생 망할 거 같은데,
02:19:10,8350.28,02:19:15,8355.05,UNKNOWN,일단 첫 총이니까 먹자,
02:19:15,8355.05,02:19:22,8362.36,UNKNOWN,어 M4다 M4들자,
02:19:22,8362.36,02:19:42,8382.74,UNKNOWN,틸티드가 나으려나?,
02:19:42,8382.74,02:20:04,8404.7,UNKNOWN,오 되게 이거저거 많은데?,
02:20:04,8404.7,02:20:23,8423.66,UNKNOWN,하프그리브를 들까?,
02:20:23,8423.66,02:20:40,8440.39,UNKNOWN,총알은 뭐 150발이면 충분하겠죠,
02:20:40,8440.39,02:20:44,8444.46,UNKNOWN,오케이,
02:20:44,8444.46,02:20:49,8449.02,UNKNOWN,안 보여,
02:20:49,8449.02,02:20:59,8459.29,UNKNOWN,내 차 어디?,
02:20:59,8459.29,02:21:00,8460.81,UNKNOWN,뭐야 내 차 저기까지 굴러갔어?,
02:21:00,8460.81,02:21:25,8485.58,UNKNOWN,내 차 저기까지 굴러갔어?,
02:21:25,8485.58,02:21:26,8486.92,UNKNOWN,그래서 DMR 하나 놔주면 좋겠어?,
02:21:26,8486.94,02:21:27,8487.58,UNKNOWN,좋겠는데,
02:21:27,8487.58,02:21:29,8489.52,UNKNOWN,카우팔이다,
02:21:29,8489.52,02:21:34,8494.44,UNKNOWN,대신에 배율이 없네요,
02:21:34,8494.44,02:21:39,8499.68,UNKNOWN,4배율 정도야 뒤지면 나올 것 같은데,
02:21:39,8499.68,02:21:53,8513.92,UNKNOWN,배율,
02:21:53,8513.92,02:21:55,8515.68,UNKNOWN,아 2배율?,
02:21:55,8515.82,02:21:56,8516.1,UNKNOWN,씨발,
02:21:56,8516.1,02:22:03,8523.38,UNKNOWN,어 죽음의 상가방이다,
02:22:03,8523.38,02:22:18,8538.3,UNKNOWN,아 하이브리드랑 바꾸면 되구나,
02:22:18,8538.3,02:22:31,8551.64,UNKNOWN,홀로그램이나 레드노트가 없는데,
02:22:31,8551.64,02:22:35,8555.27,UNKNOWN,그 정도야 또 나오겠죠,
02:22:35,8555.27,02:22:39,8559.99,UNKNOWN,정보 상가방을 먹든,
02:22:39,8559.99,02:22:41,8561.75,UNKNOWN,삼뚝을 먹든 삼조끼를 먹든,
02:22:41,8561.75,02:22:42,8562.79,UNKNOWN,항상 죽어왔다,
02:22:42,8562.79,02:22:46,8566.23,UNKNOWN,좋은 정보 고마워요,
02:22:46,8566.23,02:22:53,8573.45,UNKNOWN,어 군용조끼다,
02:22:53,8573.45,02:23:03,8583.2,UNKNOWN,오 삼가방이다,
02:23:03,8583.2,02:23:07,8587.06,UNKNOWN,난 삼가방의 축복을 받은 것 같아,
02:23:07,8587.06,02:23:08,8588.12,UNKNOWN,잠깐,
02:23:08,8588.12,02:23:10,8590.74,UNKNOWN,DMR 카우팔 말고 이걸 들까?,
02:23:14,8594.86,02:23:16,8596.0,UNKNOWN,배율도 애매해가지고,
02:23:16,8596.0,02:23:16,8596.8,UNKNOWN,차라리,
02:23:16,8596.8,02:23:18,8598.7,UNKNOWN,이걸 드는게,
02:23:18,8598.7,02:23:33,8613.93,UNKNOWN,아니야 자꾸,
02:23:33,8613.93,02:23:45,8625.6,UNKNOWN,갑자기 카우팔이 들고 싶어졌어,
02:23:45,8625.6,02:23:47,8627.3,UNKNOWN,버릴 뻔해서 미안해,
02:23:47,8627.88,02:23:59,8639.9,UNKNOWN,내 차 어디?,
02:24:06,8646.03,02:24:06,8646.19,UNKNOWN,어,
02:24:06,8646.19,02:24:16,8656.5,UNKNOWN,계속 끝까지 굴러가네 이 새끼,
02:24:16,8656.5,02:24:41,8681.73,UNKNOWN,그리심 그리심,
02:24:41,8681.73,02:24:44,8684.91,UNKNOWN,저 새끼 또 굴러간다,
02:24:44,8684.91,02:24:54,8694.13,UNKNOWN,아 갑자기 뜬금없이 8배율 안들여나?,
02:24:57,8697.3,02:24:58,8698.2,UNKNOWN,4배율은 있다,
02:24:58,8698.2,02:25:05,8705.29,UNKNOWN,안보여요,
02:25:05,8705.29,02:25:43,8743.13,UNKNOWN,황사일때 조심해야 될거 있냐고?,
02:25:43,8743.37,02:25:44,8744.73,UNKNOWN,사람을 조심해야죠,
02:25:44,8744.73,02:25:49,8749.36,UNKNOWN,연막이 씨발 다섯개나 있어?,
02:25:49,8749.52,02:25:50,8750.2,UNKNOWN,너무 많은데,
02:25:50,8750.2,02:26:11,8771.54,UNKNOWN,비상호출 소리가 들리는데,
02:26:11,8771.54,02:26:27,8787.59,UNKNOWN,들어가자,
02:26:27,8787.59,02:26:55,8815.8,UNKNOWN,오 오 오와우 와우,
02:26:55,8815.8,02:27:32,8852.17,UNKNOWN,왜케 잘 쏘는 새끼들이 많은거야,
02:27:32,8852.17,02:27:39,8859.62,UNKNOWN,어 어,
02:27:39,8859.62,02:28:03,8883.31,UNKNOWN,토마렛,
02:28:03,8883.31,02:28:04,8884.01,UNKNOWN,멈췄다,
02:28:04,8884.01,02:28:54,8934.47,UNKNOWN,다들 이 근처에 있잖아,
02:28:54,8934.47,02:28:54,8934.81,UNKNOWN,다들 이 근처에 있잖아,
02:28:54,8934.83,02:28:55,8935.83,UNKNOWN,도대체 멈추네,
02:28:55,8935.83,02:29:20,8960.0,UNKNOWN,이 씨발,
02:29:20,8960.0,02:29:21,8961.68,UNKNOWN,고와요,
02:29:21,8961.68,02:29:41,8981.67,UNKNOWN,여기 있던 새끼 아직 안움직였을텐데,
02:29:41,8981.67,02:30:04,9004.76,UNKNOWN,저 차를 버리고 갈 리 없어,
02:30:04,9004.76,02:30:23,9023.45,UNKNOWN,갈까 그냥?,
02:32:05,9125.13,02:32:05,9125.75,UNKNOWN,까삐,
02:32:05,9125.75,02:32:49,9169.7,UNKNOWN,어디야,
02:32:49,9169.7,02:33:41,9221.06,UNKNOWN,이 씨발 드링크가 아홉개나 있어,
02:33:41,9221.06,02:33:45,9225.78,UNKNOWN,다 먹어,
02:33:45,9225.78,02:34:42,9282.47,UNKNOWN,위치도 들켰겠다,
02:34:42,9282.47,02:34:44,9284.93,UNKNOWN,꼬장이나 부려야겠다,
02:34:44,9284.93,02:35:14,9314.78,UNKNOWN,난리났구만,
02:35:14,9314.78,02:35:32,9332.94,UNKNOWN,차를 버린다고?,
02:36:11,9371.26,02:36:12,9372.64,UNKNOWN,저 언덕에 아직 있을텐데,
02:36:49,9409.6,02:36:51,9411.46,UNKNOWN,여기 있던 새끼는 죽었을까?,
02:36:51,9411.46,02:36:53,9413.0,UNKNOWN,아직 살아있을 것 같은데,
02:36:53,9413.0,02:36:57,9417.23,UNKNOWN,경박사 한 명,
02:36:57,9417.23,02:39:11,9551.51,UNKNOWN,있을 것 같더라니 계속 안 보이길래,
02:39:11,9551.51,02:39:37,9577.13,UNKNOWN,적당히 가서 멈출게 그랬나,
02:39:37,9577.13,02:39:38,9578.81,UNKNOWN,아 그래도,
02:39:38,9578.81,02:39:40,9580.35,UNKNOWN,나름 재밌었다,
02:39:40,9580.35,02:39:41,9581.95,UNKNOWN,1킬도 했어,
02:39:41,9581.95,02:39:46,9586.55,UNKNOWN,같은 개성은 플레이 좀 보여줘요,
02:39:46,9586.55,02:39:55,9595.19,UNKNOWN,고마워요,
02:39:55,9595.19,02:39:56,9596.07,UNKNOWN,종류 아니고,
02:39:56,9596.07,02:39:57,9597.69,UNKNOWN,이번 판 재밌었다고,
02:39:57,9597.69,02:41:14,9674.27,UNKNOWN,좀 방송 멘트 같았나요?,
02:41:14,9674.27,02:41:17,9677.91,UNKNOWN,따단 따단,
02:41:17,9677.91,02:41:19,9679.91,UNKNOWN,이번엔 어디로 갈까요?,
02:41:19,9679.91,02:41:22,9682.72,UNKNOWN,이번엔 어디로 갈까요?,
02:41:22,9682.72,02:41:26,9686.34,UNKNOWN,밀타 갈까?,
02:41:26,9686.34,02:41:34,9694.86,UNKNOWN,아니 좀 멀리 갈까?,
02:41:34,9694.86,02:41:45,9705.95,UNKNOWN,차를 찾아서 또 멀리 한 번 가는 거야,
02:41:45,9705.95,02:41:51,9711.28,UNKNOWN,차차차차차차차,
02:41:51,9711.28,02:41:58,9718.67,UNKNOWN,저거 찬가?,
02:41:58,9718.67,02:42:03,9723.42,UNKNOWN,어?,
02:42:03,9723.42,02:42:17,9737.1,UNKNOWN,X됐다,
02:42:17,9737.1,02:42:37,9757.61,UNKNOWN,어?,
02:42:37,9757.61,02:43:01,9781.17,UNKNOWN,씨발 총이 권총 밖에,
02:43:01,9781.17,02:43:04,9784.39,UNKNOWN,씨발,
02:43:04,9784.39,02:43:18,9798.24,UNKNOWN,뭐야 하나 더 있네 여기?,
02:43:21,9801.8,02:43:35,9815.74,UNKNOWN,아 저 정도 창 맞았으면 창틀 깨져야 되는 거 아니야?,
02:43:35,9815.74,02:44:02,9842.96,UNKNOWN,아 킵 카라킴이다,
02:44:02,9842.96,02:44:05,9845.26,UNKNOWN,진짜 방송은 언제 하냐고요?,
02:44:05,9845.26,02:44:11,9851.32,UNKNOWN,생각 중,
02:44:11,9851.38,02:45:01,9901.34,UNKNOWN,배를 정복하러 간다,
02:45:01,9901.34,02:45:25,9925.44,UNKNOWN,나밖에 없나?,
02:45:25,9925.44,02:45:54,9954.62,UNKNOWN,어? 죽음의 3가방이다,
02:45:54,9954.62,02:46:07,9967.0,UNKNOWN,DMR 하나만 나와라,
02:46:07,9967.0,02:46:21,9981.56,UNKNOWN,오케이,
02:46:21,9981.56,02:46:22,9982.82,UNKNOWN,아 드라구도프가 나오려나?,
02:46:22,9982.82,02:46:27,9987.55,UNKNOWN,아니야,
02:46:27,9987.55,02:46:41,10001.74,UNKNOWN,와 석공이다,
02:46:41,10001.74,02:46:49,10009.04,UNKNOWN,뭐 홀로그램보다 3배율이 2개가 연속으로 나오냐,
02:46:49,10009.04,02:47:07,10027.45,UNKNOWN,3가방 또 나왔다,
02:47:07,10027.45,02:47:14,10034.26,UNKNOWN,에이스,
02:47:14,10034.26,02:47:15,10035.62,UNKNOWN,레바님 방송에서,
02:47:15,10035.62,02:47:20,10040.5,UNKNOWN,인형 47개월 동안 치킨 못 먹으시는 것도 정말 대단한 것 같아요,
02:47:20,10040.5,02:47:22,10042.5,UNKNOWN,아 고마워요,
02:47:22,10042.5,02:47:33,10053.88,UNKNOWN,먼저 그 구체적인 날짜는?,
02:47:33,10053.88,02:47:35,10055.88,UNKNOWN,보정기냐 제동기냐,
02:47:35,10055.88,02:47:48,10068.12,UNKNOWN,의미 있나 근데?,
02:47:48,10068.12,02:47:53,10073.72,UNKNOWN,개머리판이 딱 하나 나왔으면 좋겠는데,
02:47:53,10073.72,02:48:13,10093.59,UNKNOWN,어? MK-12가 낫지 않나? 이러면?,
02:48:13,10093.59,02:48:18,10098.71,UNKNOWN,개머리,
02:48:18,10098.71,02:48:21,10101.21,UNKNOWN,어?,
02:48:21,10101.21,02:48:33,10113.35,UNKNOWN,예쓰,
02:48:33,10113.35,02:48:37,10117.88,UNKNOWN,윈체스터,
02:48:37,10117.88,02:48:54,10134.85,UNKNOWN,드링크가 11개?,
02:48:54,10134.85,02:49:03,10143.06,UNKNOWN,좀 고지대를 먹고 있을까?,
02:49:03,10143.06,02:49:05,10145.06,UNKNOWN,어? 나한테 떨어질 각인데?,
02:49:05,10145.06,02:49:18,10158.13,UNKNOWN,여기요 여기,
02:49:18,10158.13,02:49:19,10159.13,UNKNOWN,씨발,
02:49:19,10159.13,02:49:40,10180.27,UNKNOWN,일단 자기랑 걸치네,
02:49:40,10180.27,02:49:42,10182.27,UNKNOWN,어디보자 어디보자,
02:49:42,10182.27,02:49:53,10193.64,UNKNOWN,오오오,
02:49:53,10193.64,02:50:09,10209.18,UNKNOWN,잠깐 먹을만한 것 같은데?,
02:50:09,10209.18,02:50:12,10212.18,UNKNOWN,잠깐 연막탄 터지는 소리 났어,
02:50:12,10212.18,02:50:27,10227.65,UNKNOWN,누가 연막 피고 먹고 있나?,
02:50:27,10227.65,02:50:28,10228.65,UNKNOWN,먹고 있다,
02:50:28,10228.65,02:50:48,10248.92,UNKNOWN,먹고 빠졌나 벌써?,
02:50:48,10248.92,02:50:58,10258.25,UNKNOWN,사람이 죽었어,
02:50:58,10258.25,02:51:09,10269.56,UNKNOWN,일단 여기 있자,
02:51:09,10269.56,02:51:20,10280.59,UNKNOWN,오 알락해요,
02:51:20,10280.59,02:51:23,10283.59,UNKNOWN,저 위에 벙커에 있을 법하지 않아?,
02:51:23,10283.59,02:51:26,10286.59,UNKNOWN,윗벙커로 갈까?,
02:51:26,10286.59,02:51:27,10287.59,UNKNOWN,아니야,
02:51:27,10287.59,02:51:50,10310.84,UNKNOWN,섣불리 움직이지 말자,
02:51:50,10310.84,02:52:01,10321.26,UNKNOWN,여기 점포 터치는 곳은 아니야,
02:52:01,10321.26,02:52:28,10348.86,UNKNOWN,존나 가까운데,
02:52:28,10348.86,02:52:31,10351.86,UNKNOWN,저 돌 너머 집 쪽인 것 같아요,
02:52:31,10351.86,02:52:34,10354.91,UNKNOWN,음,
02:52:34,10354.91,02:52:36,10356.91,UNKNOWN,삼치킨시 율곡이 날 결제시켜봐,
02:52:36,10356.91,02:52:38,10358.91,UNKNOWN,아이 고맙습니다,
02:52:38,10358.91,02:53:12,10392.01,UNKNOWN,노력해볼게요,
02:53:12,10392.01,02:53:36,10416.44,UNKNOWN,뒤쪽에서는 안 오려나?,
02:53:36,10416.44,02:53:37,10417.44,UNKNOWN,우린 그거 맞냐고?,
02:53:37,10417.44,02:53:38,10418.44,UNKNOWN,몰라,
02:53:38,10418.44,02:54:12,10452.89,UNKNOWN,나 그냥 CC를 누르고 있을 뿐인데?,
02:54:12,10452.89,02:54:14,10454.89,UNKNOWN,방금 발소리 살짝 나지 않았어?,
02:54:14,10454.89,02:54:29,10469.15,UNKNOWN,아닌가?,
02:54:29,10469.15,02:54:30,10470.15,UNKNOWN,너무 쪼은 거 아니냐고?,
02:54:30,10470.15,02:54:37,10477.36,UNKNOWN,그럴 수도 있어,
02:54:37,10477.36,02:54:38,10478.36,UNKNOWN,자기장은 좋아,
02:54:38,10478.36,02:55:02,10502.92,UNKNOWN,ㅅㅂ 존나 가까운데요?,
02:55:02,10502.92,02:55:17,10517.28,UNKNOWN,바로 앞이다,
02:55:17,10517.28,02:55:19,10519.28,UNKNOWN,경박사 한 명,
02:55:19,10519.28,02:55:21,10521.52,UNKNOWN,여덟 명?,
02:55:21,10521.52,02:55:30,10530.92,UNKNOWN,이 안에 여덟 명?,
02:55:30,10530.92,02:55:33,10533.92,UNKNOWN,음 저 벙커 쪽에 한 명 있는 거 봤어,
02:55:33,10533.92,02:55:35,10535.92,UNKNOWN,그래 이쪽에도 한 명 있어가지고,
02:55:35,10535.92,02:55:56,10556.8,UNKNOWN,오 나쁘지 않아,
02:55:56,10556.8,02:55:57,10557.8,UNKNOWN,마루크네,
02:55:57,10557.8,02:56:47,10607.96,UNKNOWN,고급 떨어진다,
02:56:47,10607.96,02:56:50,10610.96,UNKNOWN,진짜 성장 많이 했네 옛날 같았으면 총소리 듣고 흥분해서,
02:56:50,10610.96,02:56:51,10611.96,UNKNOWN,모호호호,
02:56:51,10611.96,02:56:52,10612.96,UNKNOWN,공격을 치겠다가,
02:56:52,10612.96,02:56:53,10613.96,UNKNOWN,중복기야,
02:56:53,10613.96,02:56:55,10615.96,UNKNOWN,하면서 양손파레를 떨었을 텐데,
02:56:55,10615.96,02:56:56,10616.96,UNKNOWN,하하하하,
02:56:56,10616.96,02:57:05,10625.25,UNKNOWN,곧 그럴 예정,
02:57:05,10625.25,02:57:06,10626.25,UNKNOWN,곧 그럴 예정,
02:57:06,10626.25,02:57:24,10644.35,UNKNOWN,이 안에 일곱 명,
02:57:24,10644.35,02:57:50,10670.54,UNKNOWN,존나 뭔데?,
02:57:50,10670.54,02:57:52,10672.54,UNKNOWN,한 명 줄었고,
02:57:52,10672.54,02:57:57,10677.68,UNKNOWN,오오오오 이거 축복받았는데?,
02:57:57,10677.68,02:58:27,10707.62,UNKNOWN,앗차,
02:58:27,10707.62,02:58:28,10708.62,UNKNOWN,다섯 명,
02:58:28,10708.62,02:58:30,10710.62,UNKNOWN,이 안에 다섯 명,
02:58:30,10710.62,02:59:11,10751.15,UNKNOWN,발소리,
02:59:11,10751.15,02:59:13,10753.15,UNKNOWN,저기 발소리면 좀 들어와야 되는데?,
02:59:13,10753.15,03:00:07,10807.88,UNKNOWN,아 까비,
03:00:07,10807.88,03:00:10,10810.88,UNKNOWN,아 짜증나네 아,
03:00:10,10810.88,03:00:52,10852.31,UNKNOWN,까비 까비,
03:00:52,10852.31,03:00:54,10854.31,UNKNOWN,1인칭으로 바꿀 걸 그랬나?,
03:01:09,10869.46,03:01:18,10878.05,UNKNOWN,아 또 미라마야,
03:01:18,10878.05,03:01:19,10879.05,UNKNOWN,제기랄,
03:01:19,10879.05,03:01:47,10907.26,UNKNOWN,MG3에 갈렸어요,
03:01:47,10907.26,03:01:49,10909.26,UNKNOWN,정확히는 내가 존나 못 속이랬어,
03:01:49,10909.26,03:02:10,10930.37,UNKNOWN,이번엔 어디로 갈까나,
03:02:10,10930.37,03:02:16,10936.31,UNKNOWN,이런데 차가 있지 않을까?,
03:02:16,10936.31,03:02:43,10963.62,UNKNOWN,어? 저거 차 아니야?,
03:02:43,10963.62,03:02:46,10966.83,UNKNOWN,맞네,
03:02:46,10966.83,03:02:55,10975.75,UNKNOWN,이거 타고 인팔라 쪽 가서 파밍하면 될 듯?,
03:02:55,10975.75,03:03:14,10994.62,UNKNOWN,저녁 메뉴 닭볶음탕,
03:03:14,10994.62,03:03:24,11004.17,UNKNOWN,아야 씨발,
03:03:24,11004.17,03:03:56,11036.67,UNKNOWN,마시멜로 존나 단단해,
03:03:56,11036.67,03:04:00,11040.46,UNKNOWN,화려한 가방 스위칭,
03:04:00,11040.46,03:04:17,11057.21,UNKNOWN,이번엔 에이스다,
03:04:18,11058.21,03:04:20,11060.21,UNKNOWN,미랄 스트램블에서 슬라이드 치즈 넣고 먹어야겠다,
03:04:20,11060.21,03:04:22,11062.21,UNKNOWN,와 씨,
03:04:22,11062.21,03:04:23,11063.21,UNKNOWN,생일임?,
03:04:23,11063.21,03:04:35,11075.24,UNKNOWN,또리탕 없는데 대신 식단용으로 사둔 닭찌찌나 먹어야겠다,
03:04:35,11075.24,03:04:47,11087.12,UNKNOWN,닭찌찌로 닭또리탕 소스 발라서 먹어,
03:04:47,11087.12,03:04:48,11088.12,UNKNOWN,르탕,
03:04:48,11088.12,03:04:53,11093.44,UNKNOWN,소염 게슬 하나 하고,
03:04:53,11093.44,03:05:07,11107.22,UNKNOWN,레바가 10분 뒤에 치킨 쏠 거다,
03:05:07,11107.22,03:05:09,11109.22,UNKNOWN,너희들이 정할 건 포카인지 펩시인지,
03:05:09,11109.22,03:05:11,11111.22,UNKNOWN,뭐 마실지가 전부임,
03:05:11,11111.22,03:05:16,11116.07,UNKNOWN,하이브리드 조준비,
03:05:16,11116.07,03:05:21,11121.24,UNKNOWN,데퀵,
03:05:21,11121.24,03:05:22,11122.24,UNKNOWN,비호,
03:05:22,11122.24,03:05:45,11145.1,UNKNOWN,그다음은 여기 가서 파밍해야지,
03:06:18,11178.77,03:06:19,11179.77,UNKNOWN,슈우우우우우우우,
03:06:19,11179.77,03:06:29,11189.49,UNKNOWN,어 카구팔이나 M24 하나 안 나와줄려나?,
03:06:29,11189.49,03:06:31,11191.49,UNKNOWN,혹시 나올 수도 있으니까 미리 탄띠 먹어주고,
03:06:31,11191.49,03:06:37,11197.11,UNKNOWN,치킨 먹으면 치킨 시키자고,
03:06:38,11198.11,03:06:39,11199.11,UNKNOWN,오 카구팔이다,
03:06:39,11199.11,03:06:48,11208.72,UNKNOWN,모든 건 예언대로,
03:06:48,11208.72,03:07:18,11238.03,UNKNOWN,오 EMI4 다,
03:07:18,11238.03,03:07:21,11241.03,UNKNOWN,6배율 정도 나왔으면 좋겠는데,
03:07:21,11241.03,03:07:25,11245.14,UNKNOWN,4배율은 너무 안 보이는 거 같아,
03:07:25,11245.14,03:07:30,11250.69,UNKNOWN,화염병,
03:07:30,11250.69,03:07:31,11251.69,UNKNOWN,M24가 또 나오네,
03:07:31,11251.69,03:07:38,11258.33,UNKNOWN,군용족비다,
03:07:38,11258.33,03:07:47,11267.75,UNKNOWN,곡괭이,
03:07:48,11268.25,03:07:48,11268.99,UNKNOWN,류탄,
03:07:48,11268.99,03:07:50,11270.61,UNKNOWN,내가 뭐,
03:07:50,11270.61,03:07:53,11273.53,UNKNOWN,템 뭘 먹었다고 이렇게 꽉 찼어,
03:07:53,11273.53,03:08:01,11281.99,UNKNOWN,류탄,
03:08:01,11281.99,03:08:05,11285.13,UNKNOWN,구상보단 류탄이지,
03:08:05,11285.13,03:08:08,11288.78,UNKNOWN,음 됐다,
03:08:08,11288.78,03:08:14,11294.13,UNKNOWN,파밍 끝,
03:08:14,11294.13,03:08:29,11309.65,UNKNOWN,산 정상에 가서 놀아야겠다,
03:08:29,11309.65,03:08:55,11335.44,UNKNOWN,아 차 존나,
03:08:55,11335.44,03:08:58,11338.86,UNKNOWN,너무 잘 미끄러져,
03:08:58,11338.86,03:09:15,11355.96,UNKNOWN,가깝다,
03:09:15,11355.96,03:09:34,11374.21,UNKNOWN,여기서 들린거 같은데,
03:09:34,11374.21,03:09:55,11395.53,UNKNOWN,어 저기도 가깝다,
03:09:55,11395.53,03:10:04,11404.57,UNKNOWN,잠깐 왜 난,
03:10:04,11404.57,03:10:06,11406.25,UNKNOWN,총소리를 쫓아가고 있는 것이지,
03:10:06,11406.25,03:10:10,11410.74,UNKNOWN,어 어,
03:10:10,11410.74,03:10:12,11412.94,UNKNOWN,어 안락해요,
03:10:12,11412.94,03:10:15,11415.1,UNKNOWN,여기 뭐가 총이,
03:10:15,11415.1,03:10:15,11415.84,UNKNOWN,총이 많냐,
03:10:15,11415.84,03:10:33,11433.32,UNKNOWN,진짜 존나 가까운거 아니면 내다보지도 않아야지,
03:10:33,11433.32,03:10:41,11441.8,UNKNOWN,아 좀 싸울까 아니면,
03:10:41,11441.8,03:10:53,11453.8,UNKNOWN,이런 데서 좀,
03:10:53,11453.8,03:11:12,11472.53,UNKNOWN,조그만 있을까,
03:11:12,11472.53,03:11:41,11501.02,UNKNOWN,존나 멀리서 싸우는데,
03:11:41,11501.02,03:11:47,11507.96,UNKNOWN,아 기다린 동안 저 집이나 털까,
03:11:47,11507.96,03:11:47,11507.98,UNKNOWN,어,
03:11:48,11508.0,03:11:52,11512.56,UNKNOWN,오 시발 깜짝이야,
03:11:52,11512.56,03:11:56,11516.8,UNKNOWN,방금 판단이 날 살렸어,
03:11:56,11516.8,03:12:19,11539.12,UNKNOWN,어디서 쏜거지,
03:12:19,11539.12,03:12:24,11544.47,UNKNOWN,창고,
03:12:24,11544.47,03:12:48,11568.84,UNKNOWN,아 존나 잘 쏜다 시발,
03:12:48,11568.84,03:12:50,11570.84,UNKNOWN,어 이게 보여,
03:12:50,11570.84,03:13:09,11589.61,UNKNOWN,시발 이 ADHD,
03:13:09,11589.61,03:13:11,11591.61,UNKNOWN,무빙은 뭔데 시발,
03:13:11,11591.61,03:13:29,11609.86,UNKNOWN,미친 싸움꾼이다,
03:13:29,11609.86,03:13:39,11619.51,UNKNOWN,이새끼,
03:13:39,11619.51,03:13:41,11621.51,UNKNOWN,아 얘한테 죽은건 맞아요,
03:13:41,11621.51,03:13:45,11625.59,UNKNOWN,아 나 숨었다 생각했는데 이게 맞네,
03:13:45,11625.59,03:13:55,11635.37,UNKNOWN,우리도 저 무빙해보자,
03:13:55,11635.37,03:14:00,11640.95,UNKNOWN,SR로 22일,
03:14:00,11640.95,03:14:02,11642.95,UNKNOWN,단거면 그냥 팔 스친건가,
03:14:02,11642.95,03:14:24,11664.72,UNKNOWN,어 뭐여,
03:14:24,11664.72,03:14:26,11666.72,UNKNOWN,아 왜 이렇게 다들 잘하는거야,
03:14:26,11666.72,03:14:28,11668.72,UNKNOWN,난 이렇게 시발 어 죽어나가는데,
03:14:28,11668.72,03:14:34,11674.5,UNKNOWN,왜 다른 사람들은 다 잘하는거냐고,
03:14:34,11674.5,03:14:48,11688.82,UNKNOWN,어어,
03:14:48,11688.82,03:15:45,11745.35,UNKNOWN,다른 사람이 잘하는게 아니라 형이 못하는거야,
03:15:45,11745.35,03:15:47,11747.35,UNKNOWN,여기가야지,
03:15:47,11747.35,03:15:48,11748.35,UNKNOWN,어디보자,
03:15:48,11748.35,03:16:03,11763.15,UNKNOWN,여기가야지,
03:16:03,11763.15,03:16:04,11764.15,UNKNOWN,차부터 찾을까,
03:16:04,11764.15,03:16:12,11772.9,UNKNOWN,저거 찬가?,
03:16:12,11772.9,03:16:17,11777.97,UNKNOWN,차다,
03:16:17,11777.97,03:16:18,11778.97,UNKNOWN,차가 아니었다,
03:16:18,11778.97,03:16:19,11779.97,UNKNOWN,근거리였으면 잘하는,
03:16:19,11779.97,03:16:30,11790.65,UNKNOWN,트리키한 6탄 플레이로 잡고 갔을때,
03:16:30,11790.65,03:16:31,11791.65,UNKNOWN,얍,
03:16:31,11791.65,03:16:46,11806.54,UNKNOWN,안녕,
03:16:46,11806.54,03:17:05,11825.85,UNKNOWN,있어 있어 있어,
03:17:06,11826.85,03:17:07,11827.85,UNKNOWN,죄송해요,
03:17:07,11827.85,03:17:08,11828.85,UNKNOWN,죄송해요,
03:17:08,11828.85,03:17:24,11844.98,UNKNOWN,죄송해요,
03:17:24,11844.98,03:18:23,11903.31,UNKNOWN,닭의 맛을 알아버렸기 때문이지,
03:18:23,11903.31,03:19:16,11956.48,UNKNOWN,어 여기도 차가 있네,
03:19:16,11956.48,03:19:19,11959.78,UNKNOWN,오케이,
03:19:19,11959.78,03:19:21,11961.78,UNKNOWN,여기 개뿔이야 그래서?,
03:19:21,11961.78,03:19:36,11976.16,UNKNOWN,아 진짜 나 진짜 게임 한번 알고싶어,
03:19:36,11976.16,03:19:43,11983.16,UNKNOWN,한 4킬 5킬한 다음에 딱 탑10에서 한 4 5등해서 아쉽게 죽고싶어,
03:19:43,11983.16,03:20:01,12001.63,UNKNOWN,1등은 못할 것 같냐고?,
03:20:02,12002.29,03:20:02,12002.85,UNKNOWN,약간?,
03:20:03,12003.41,03:20:04,12004.83,UNKNOWN,애들 너무 잘해,
03:20:04,12004.83,03:20:07,12007.35,UNKNOWN,아주 숙련돼 있어,
03:20:07,12007.35,03:20:28,12028.64,UNKNOWN,듣기로는 금토일이,
03:20:28,12028.64,03:20:30,12030.02,UNKNOWN,진짜 베이글 잘하는 사람,
03:20:30,12030.02,03:20:31,12031.96,UNKNOWN,되게 빡세다고 하던데,
03:20:31,12031.96,03:20:40,12040.04,UNKNOWN,불러왔구나,
03:20:40,12040.04,03:20:42,12042.92,UNKNOWN,나 또 접힐 것 같아 어떡해,
03:20:42,12042.92,03:20:45,12045.24,UNKNOWN,애들 너무 잘해,
03:20:45,12045.24,03:20:57,12057.3,UNKNOWN,내가 먼저야,
03:20:57,12057.3,03:20:59,12059.26,UNKNOWN,무지성 거인들아,
03:20:59,12059.26,03:21:01,12061.14,UNKNOWN,오케이 양보,
03:21:01,12061.14,03:21:03,12063.76,UNKNOWN,으악,
03:21:03,12063.76,03:22:03,12123.03,UNKNOWN,언제까지 베이글 할 거야?,
03:22:03,12123.03,03:22:04,12124.89,UNKNOWN,뭐야 그 중의적인 표현은,
03:22:04,12124.89,03:22:06,12126.87,UNKNOWN,이 실력 가지고,
03:22:06,12126.87,03:22:08,12128.81,UNKNOWN,베이글을 언제까지 할 생각이냐,
03:22:08,12128.81,03:22:09,12129.39,UNKNOWN,그런 뜻이야?,
03:22:19,12139.48,03:22:20,12140.26,UNKNOWN,친구 데려온다고?,
03:22:20,12140.94,03:22:21,12141.82,UNKNOWN,친구 나보다 못해?,
03:22:23,12143.14,03:22:25,12145.38,UNKNOWN,그럼 자존감 올라갈지도 몰라,
03:22:25,12145.38,03:22:45,12165.86,UNKNOWN,아 이게 렉 계속,
03:22:45,12165.86,03:22:47,12167.96,UNKNOWN,얼탱이 없이 죽으니까 왜 내려와,
03:22:47,12167.96,03:23:11,12191.2,UNKNOWN,미라마는 왜 이렇게 자주 걸리냐,
03:23:11,12191.2,03:23:13,12193.42,UNKNOWN,돌린 사람이 없어서 자동 매칭 돌리면,
03:23:13,12193.42,03:23:14,12194.34,UNKNOWN,여기로 잡히는 건가?,
03:23:15,12195.44,03:23:17,12197.1,UNKNOWN,왜 며칠 전부터 못하는 거 같냐고?,
03:23:17,12197.1,03:23:18,12198.9,UNKNOWN,사실임 그동안 안 했으니까,
03:23:18,12198.9,03:24:09,12249.7,UNKNOWN,하나 둘 셋 넷 타이어,
03:24:09,12249.7,03:24:15,12255.54,UNKNOWN,끝나고 블루님이랑 스쿼드나 하자 그럼,
03:24:15,12255.54,03:24:29,12269.99,UNKNOWN,오늘 그린뱅 안 해도 이해해줘,
03:24:29,12269.99,03:24:48,12288.36,UNKNOWN,비상 호출이다,
03:24:48,12288.36,03:25:33,12333.69,UNKNOWN,오케이 봤어,
03:25:33,12333.69,03:26:18,12378.78,UNKNOWN,오케이 오케이 오케이,
03:26:18,12378.78,03:26:20,12380.54,UNKNOWN,좋은 혈투였다,
03:26:20,12380.54,03:26:22,12382.46,UNKNOWN,오 파일 매일이다,
03:26:22,12382.46,03:26:53,12413.92,UNKNOWN,아 이거 털었구나,
03:26:53,12413.92,03:27:20,12440.38,UNKNOWN,그 씨발 자기장 꼬라지마,
03:27:20,12440.38,03:27:55,12475.4,UNKNOWN,이제 차 찾고 싶은데,
03:27:55,12475.4,03:28:23,12503.94,UNKNOWN,아 씨발 장전 안 했어,
03:28:24,12504.12,03:29:12,12552.81,UNKNOWN,언제 위로 올라갔대?,
03:29:13,12553.39,03:29:24,12564.47,UNKNOWN,아 쟤 씨발 장전을 안 해놨어,
03:29:24,12564.47,03:30:03,12603.32,UNKNOWN,과연 그럴까?,
03:30:03,12603.32,03:30:07,12607.62,UNKNOWN,아 또 여기야,
03:30:07,12607.62,03:30:18,12618.63,UNKNOWN,그새 해가 좀 졌네요,
03:30:19,12619.25,03:30:32,12632.97,UNKNOWN,고마워요,
03:30:33,12633.53,03:30:41,12641.3,UNKNOWN,3,
03:30:41,12641.3,03:30:41,12641.82,UNKNOWN,2,
03:30:41,12641.86,03:30:42,12642.58,UNKNOWN,2,
03:30:42,12642.58,03:30:43,12643.08,UNKNOWN,1,
03:30:43,12643.08,03:31:04,12664.42,UNKNOWN,간다,
03:31:04,12664.42,03:31:42,12702.76,UNKNOWN,난 여기로 갈게 얘들아,
03:31:42,12702.76,03:31:51,12711.42,UNKNOWN,그 씨발,
03:31:51,12711.42,03:31:53,12713.02,UNKNOWN,벌써?,
03:31:54,12714.52,03:31:56,12716.18,UNKNOWN,어이 어이 서두르지 말라고,
03:31:56,12716.18,03:32:08,12728.54,UNKNOWN,씨발 총 왜 안 나와,
03:32:08,12728.54,03:32:10,12730.64,UNKNOWN,총,
03:32:10,12730.64,03:32:12,12732.32,UNKNOWN,아 이 개자식아,
03:32:12,12732.32,03:32:18,12738.46,UNKNOWN,총 씨발 총,
03:32:18,12738.46,03:32:20,12740.68,UNKNOWN,아 개자식,
03:32:20,12740.68,03:32:56,12776.4,UNKNOWN,어 그랬어?,
03:32:57,12777.04,03:32:57,12777.72,UNKNOWN,지금 몇 신데?,
03:32:57,12777.72,03:33:21,12801.35,UNKNOWN,형이 좋아할지 모르겠다?,
03:33:21,12801.71,03:33:21,12801.95,UNKNOWN,뭐야?,
03:33:22,12802.39,03:33:24,12804.95,UNKNOWN,쟤 뭘 뭘 걱정하고 있는 거야?,
03:33:24,12804.95,03:33:25,12805.19,UNKNOWN,하,
03:33:25,12805.19,03:34:09,12849.02,UNKNOWN,파츠가 하나도 안 나오네?,
03:34:09,12849.02,03:34:10,12850.22,UNKNOWN,쭉빼기도 안 나와,
03:34:10,12850.22,03:34:30,12870.62,UNKNOWN,벌써부터 풍기는 이 향긋한 고추냄,
03:34:30,12870.62,03:34:32,12872.66,UNKNOWN,아주 그래,
03:34:55,12895.89,03:35:19,12919.0,UNKNOWN,오케이 오케이,
03:35:19,12919.0,03:35:21,12921.94,UNKNOWN,연료통,
03:35:21,12921.94,03:35:23,12923.84,UNKNOWN,육배율이 있고,
03:35:23,12923.84,03:35:25,12925.24,UNKNOWN,대퀵,
03:35:25,12925.24,03:35:45,12945.18,UNKNOWN,이뚜,
03:35:45,12945.18,03:35:45,12945.94,UNKNOWN,오케이,
03:35:45,12945.94,03:35:47,12947.1,UNKNOWN,리드샷 하면서,
03:35:47,12947.1,03:35:50,12950.06,UNKNOWN,킬하는 상상을 방금 했음,
03:35:50,12950.06,03:35:51,12951.1,UNKNOWN,다음엔 안 놓친다,
03:35:51,12951.1,03:35:56,12956.58,UNKNOWN,레바에 니가 원한다면 내가 총발 던지면,
03:35:56,12956.58,03:35:57,12957.66,UNKNOWN,레바에 니가 원한다면 내가 총발 던지면,
03:35:57,12957.66,03:35:58,12958.18,UNKNOWN,레바에 니가 원한다면 내가 총발 던지면,
03:35:58,12958.18,03:35:59,12959.22,UNKNOWN,레바에 니가 원한다면 내가 총발 던지면,
03:35:59,12959.22,03:36:00,12960.74,UNKNOWN,레바에 니가 원하는다면 내가 총발 던지면,
03:36:00,12960.74,03:36:01,12961.12,UNKNOWN,레바에 니가 원하는다면 가만히 Countyl,
03:36:01,12961.12,03:36:03,12963.34,UNKNOWN,재미 없 � aunt,
03:36:03,12963.34,03:36:09,12969.67,UNKNOWN,재미 없 � aunt,
03:36:09,12969.67,03:36:11,12971.71,UNKNOWN,논 executed,
03:36:11,12971.71,03:36:28,12988.47,UNKNOWN,우리 레이저 사이트야,
03:36:28,12988.47,03:36:28,12988.75,UNKNOWN,여기서 고무보트는 대체 왜 나오는 거임?,
03:36:28,12988.75,03:36:31,12991.95,UNKNOWN,여기서 고무보트는 대체 왜 나오는 거임?,
03:36:31,12991.95,03:37:25,13045.44,UNKNOWN,물놀이하라고?,
03:37:25,13045.44,03:37:40,13060.62,UNKNOWN,의미사,
03:37:40,13060.94,03:37:43,13063.7,UNKNOWN,파이밍 할 만한 건 다 한 것 같은데?,
03:37:43,13063.7,03:37:45,13065.0,UNKNOWN,나 연막이 왜 이렇게 많아,
03:37:55,13075.39,03:38:57,13137.73,UNKNOWN,에이� 쓰는 거다,
03:39:22,13162.58,03:39:22,13162.66,UNKNOWN,실패 liar,
03:39:22,13162.66,03:39:24,13164.64,UNKNOWN,나 7탄을 급하게 먹느라,
03:39:24,13164.64,03:39:25,13165.7,UNKNOWN,나 죽었나봐,
03:39:25,13165.84,03:40:05,13205.82,UNKNOWN,아이 지형 X 같네 여기,
03:40:54,13254.9,03:40:56,13256.1,UNKNOWN,여기 나쁘지 않을지도,
03:41:12,13272.7,03:41:13,13273.8,UNKNOWN,관초섬이 뭐야,
03:41:59,13319.74,03:42:00,13320.64,UNKNOWN,여기에 있나보다,
03:42:00,13320.94,03:42:49,13369.26,UNKNOWN,위험했다,
03:43:07,13387.45,03:43:08,13388.65,UNKNOWN,또 어디서 낯선거지?,
03:43:41,13421.75,03:43:43,13423.25,UNKNOWN,멀리 차 한 대 지나간다,
03:43:51,13431.72,03:43:52,13432.62,UNKNOWN,여기 땅 파짐?,
03:44:02,13442.13,03:44:03,13443.93,UNKNOWN,뭐야 왜 엉덩이 모양으로 파져,
03:44:03,13443.93,03:44:04,13444.53,UNKNOWN,뭐야 이거,
03:44:05,13445.53,03:44:07,13447.03,UNKNOWN,거의 불알자국 되는데?,
03:44:28,13468.74,03:44:29,13469.84,UNKNOWN,오 하트 모양이다,
03:44:43,13483.78,03:44:45,13485.38,UNKNOWN,뭐야 X만화 새끼야,
03:44:54,13494.13,03:44:55,13495.33,UNKNOWN,아이 X발,
03:44:55,13495.33,03:45:09,13509.77,UNKNOWN,넌 날 못맞춰,
03:45:10,13510.77,03:45:52,13552.5,UNKNOWN,이 안에 40명이 아직 살아있다고?,
03:45:53,13553.5,03:46:06,13566.85,UNKNOWN,어디야 X발,
03:46:07,13567.85,03:46:11,13571.89,UNKNOWN,나만 안보여?,
03:46:12,13572.39,03:46:41,13601.63,UNKNOWN,어디지? 저 산인가?,
03:46:42,13602.63,03:46:43,13603.63,UNKNOWN,산이면 너무 멀지않아?,
03:46:44,13604.63,03:46:48,13608.38,UNKNOWN,저 내려온다,
03:49:38,13778.75,03:50:09,13809.47,UNKNOWN,여기에 린스 소돈에는 이미 갔을까?,
03:50:09,13809.97,03:50:29,13829.13,UNKNOWN,죽었어,
03:50:29,13829.63,03:50:54,13854.37,UNKNOWN,나도 가야되는데,
03:50:54,13854.87,03:51:09,13869.97,UNKNOWN,에라이 X발,
03:51:10,13870.47,03:51:59,13919.83,UNKNOWN,왼쪽에도 있고 오른쪽에도 있어,
03:52:00,13920.33,03:52:43,13963.6,UNKNOWN,넌 거기서 죽어,
03:52:44,13964.1,03:53:00,13980.53,UNKNOWN,새끼 왜 밖에있는데,
03:53:01,13981.53,03:53:02,13982.53,UNKNOWN,참 나 X발,
03:53:03,13983.43,03:53:15,13995.07,UNKNOWN,아,
03:53:20,14000.84,03:53:22,14002.84,UNKNOWN,아이 X발 난장판인데?,
03:53:23,14003.34,03:53:53,14033.9,UNKNOWN,아 중간에 린스 만나서,
03:53:54,14034.4,03:53:55,14035.9,UNKNOWN,차 터진게 좀 크다,
03:53:56,14036.4,03:53:58,14038.9,UNKNOWN,차가 없으니까 이거 미라도가 진짜 힘들구나,
03:53:59,14039.4,03:54:07,14047.51,UNKNOWN,1킬인데 딜은 300넣었네?,
03:54:18,14058.43,03:54:20,14060.93,UNKNOWN,기절한거 경박사하면 4킬로 안떠?,
03:54:23,14063.64,03:54:25,14065.64,UNKNOWN,아 리드샷한거 좋았는데,
03:54:40,14080.73,03:54:42,14082.23,UNKNOWN,자따리나 20분동안 하자고?,
03:54:43,14083.23,03:54:45,14085.23,UNKNOWN,뭔소리야 20분이면 5발을 돌릴수있어,
03:54:45,14085.23,03:54:46,14086.23,UNKNOWN,키라킬,
03:55:57,14157.09,03:55:57,14157.59,UNKNOWN,뭐야,
03:55:58,14158.09,03:55:58,14158.59,UNKNOWN,어디야 여기,
03:56:01,14161.64,03:56:04,14164.14,UNKNOWN,아 또야! 또! 또!,
03:56:19,14179.36,03:56:32,14192.08,UNKNOWN,간다아아아,
03:56:32,14192.22,03:56:35,14195.12,UNKNOWN,그러니까 이 맵이 넓은 건 둘째치고,
03:56:35,14195.92,03:56:37,14197.62,UNKNOWN,차를 필수로 하는데,
03:56:37,14197.62,03:56:40,14200.12,UNKNOWN,차가 다니기 정말 힘든 지역밖에 없어서,
03:56:40,14200.12,03:56:41,14201.12,UNKNOWN,저 나 꼴 봐라,
03:56:41,14201.52,03:57:49,14269.84,UNKNOWN,아이 있었구나! 아 C발,
03:57:50,14270.34,03:57:51,14271.54,UNKNOWN,아 딴 데 간 줄 알았네,
03:58:06,14286.18,03:58:07,14287.48,UNKNOWN,한 판 더 돌릴 수 있겠는데요?,
03:58:08,14288.28,03:58:09,14289.98,UNKNOWN,방에 불 켜져 하라고? 오케이,
03:58:29,14309.13,03:58:30,14310.73,UNKNOWN,지금 합방 대기하면 되는 거야?,
03:58:32,14312.8,03:58:34,14314.4,UNKNOWN,디스코드를 내가 켜놨나?,
03:58:35,14315.6,03:58:37,14317.2,UNKNOWN,블루님 방송 제목,
03:58:37,14317.2,03:58:39,14319.5,UNKNOWN,외바형 신부감 찾아주기 이거 진짜예요?,
03:58:39,14319.8,03:58:40,14320.7,UNKNOWN,진짜예요?,
03:58:55,14335.04,03:58:56,14336.34,UNKNOWN,맷돌 신부 이 지랄,
03:58:56,14336.74,03:58:58,14338.54,UNKNOWN,맷돌 신부란 단어 C발,
03:58:58,14338.94,03:59:01,14341.14,UNKNOWN,이 35년 살면서 처음 듣는다,
03:59:01,14341.34,03:59:03,14343.24,UNKNOWN,터벌 자기장 같은 소리 해주라,
03:59:05,14345.34,03:59:07,14347.14,UNKNOWN,이 맷돌 신부 이 지랄하고 있대,
03:59:10,14350.0,03:59:12,14352.6,UNKNOWN,나 외바 또 버튜브한테 껄떡거리네 중년 게이,
03:59:14,14354.5,03:59:16,14356.1,UNKNOWN,한 판 더 돌고 있으면 되는 건가?,
03:59:21,14361.35,03:59:22,14362.25,UNKNOWN,뭐 들어오면,
03:59:23,14363.85,03:59:24,14364.95,UNKNOWN,블루가 초대해 주겠지?,
03:59:25,14365.35,03:59:31,14371.48,UNKNOWN,이 사람들은 다 누구야?,
03:59:34,14374.96,03:59:36,14376.56,UNKNOWN,멤버 정해졌냐고요? 몰라요?,
03:59:37,14377.26,03:59:38,14378.66,UNKNOWN,블루가 알아서 데려올 텐데?,
03:59:53,14393.12,03:59:55,14395.12,UNKNOWN,엄선된 버티머들 데려온다고?,
03:59:55,14395.32,03:59:56,14396.52,UNKNOWN,뭔 C발 소리야,
03:59:57,14397.92,03:59:59,14399.72,UNKNOWN,웃긴 거 뭔지 암 레오몬 그릴 때,
03:59:59,14399.92,04:00:01,14401.82,UNKNOWN,맷돌이라는 단어 너가 처음 썼음,
04:00:06,14406.29,04:00:07,14407.29,UNKNOWN,한 판 더 돌릴걸,
04:00:07,14407.49,04:00:08,14408.89,UNKNOWN,지금 돌리면 되는 거 아님?,
04:00:17,14417.04,04:00:18,14418.24,UNKNOWN,금희님이면,
04:00:18,14418.94,04:00:21,14421.34,UNKNOWN,자연스럽게 곰파님들 따라오는 거 아니야?,
04:00:30,14430.47,04:00:33,14433.87,UNKNOWN,아니 저번에 자연스럽게 이렇게 두 분 많이들 하시더라구요,
04:00:34,14434.17,04:00:34,14434.97,UNKNOWN,블루랑,
04:00:44,14444.8,04:00:45,14445.8,UNKNOWN,그건 언제 봤냐고?,
04:00:46,14446.0,04:00:49,14449.0,UNKNOWN,나 애초에 블루 유튜버를 잘 본다니까?,
04:01:10,14470.02,04:01:11,14471.52,UNKNOWN,아이 뭔 소리야 이 씨,
04:01:11,14471.72,04:01:15,14475.92,UNKNOWN,두 분이랑 같이 블루랑 배교하는 걸 되게 많이 봐서 한 소리야,
04:01:17,14477.02,04:01:19,14479.42,UNKNOWN,진짜 사람을 미친놈 취급하는데요?,
04:01:20,14480.82,04:01:21,14481.82,UNKNOWN,너무하시네,
04:01:28,14488.06,04:01:28,14488.86,UNKNOWN,안 돼 화나게,
04:01:29,14489.06,04:01:30,14490.46,UNKNOWN,화나서 프리모스크 내려야겠다,
04:02:09,14529.04,04:02:10,14530.04,UNKNOWN,꽤 많이 내리는데,
04:03:50,14630.09,04:03:51,14631.19,UNKNOWN,이 새X도 작관이네,
04:03:52,14632.29,04:03:53,14633.29,UNKNOWN,이럴 걸 C발,
04:04:12,14652.24,04:04:13,14653.64,UNKNOWN,이런 식으로 오늘 중매 못해요,
04:04:13,14653.84,04:04:14,14654.64,UNKNOWN,중매?,
04:04:15,14655.24,04:04:16,14656.74,UNKNOWN,중매란 단어 쓰지 마세요,
04:04:30,14670.11,04:04:33,14673.21,UNKNOWN,그냥 우리 블루랑 재밌게 게임 한 판 하러 가는 겁니다,
04:04:33,14673.51,04:04:35,14675.01,UNKNOWN,의미를 부여하지 말란 말이에요,
04:05:05,14705.78,04:05:07,14707.18,UNKNOWN,심의 속으로,
04:05:07,14707.48,04:05:44,14744.83,UNKNOWN,에이징으로 간다,
04:06:04,14764.3,04:06:04,14764.7,UNKNOWN,오케이,
04:06:28,14788.03,04:06:28,14788.93,UNKNOWN,SLR이네,
04:06:30,14790.97,04:06:31,14791.57,UNKNOWN,다행이다,
04:06:31,14791.97,04:06:56,14816.33,UNKNOWN,육배율,
04:06:56,14816.73,04:07:31,14851.28,UNKNOWN,어 여기 차,
04:07:31,14851.48,04:07:32,14852.58,UNKNOWN,안에 차가 있었네,
04:07:37,14857.76,04:07:39,14859.46,UNKNOWN,가방 가방 제발 가방 줘,
04:08:15,14895.55,04:08:16,14896.65,UNKNOWN,차로 오그로 끌면,
04:08:16,14896.85,04:08:18,14898.45,UNKNOWN,다들 헐레벌떡 뛰쳐나오지 않을까?,
04:08:18,14898.45,04:08:26,14906.72,UNKNOWN,이거 AR 소음인 게 아니라 SR이네,
04:08:48,14928.0,04:08:48,14928.6,UNKNOWN,잘 있어라,
04:09:10,14950.52,04:09:11,14951.42,UNKNOWN,밖에 있었네,
04:09:17,14957.43,04:09:18,14958.13,UNKNOWN,진짜 뭐 하냐고,
04:09:18,14958.23,04:09:18,14958.73,UNKNOWN,왜,
04:09:18,14958.83,04:09:19,14959.93,UNKNOWN,내가 저기 있을 줄 알았어?,
04:09:24,14964.22,04:09:25,14965.52,UNKNOWN,오케이 한 판 더 돌릴 수 있겠다,
04:09:26,14966.22,04:09:27,14967.02,UNKNOWN,10분 전이라고?,
04:09:42,14982.26,04:09:43,14983.96,UNKNOWN,그래도 1킬은 했잖아 한 잔에,
04:10:01,15001.53,04:10:06,15006.03,UNKNOWN,정말 이승권이 에겐처럼 도망가는 것조차 용납해 주지 않는구나,
04:10:07,15007.53,04:10:08,15008.03,UNKNOWN,레알,
04:10:22,15022.05,04:10:23,15023.75,UNKNOWN,호이차 호이차,
04:10:26,15026.88,04:10:29,15029.48,UNKNOWN,아 L1 개념에 또 내 애착지 가야 되는데,
04:10:30,15030.98,04:10:32,15032.18,UNKNOWN,그러면 너무 오래 걸리겠지?,
04:10:33,15033.38,04:10:34,15034.78,UNKNOWN,남들은 10분 남았으면,
04:10:34,15034.78,04:10:36,15036.18,UNKNOWN,아이 이제 준비해야지인데,
04:10:36,15036.18,04:10:39,15039.28,UNKNOWN,이 사람은 왜 이렇게 자신감 있게 한 판 더 가능하네 이러는 거겠고,
04:10:39,15039.28,04:10:39,15039.88,UNKNOWN,슬랙스,
04:10:41,15041.18,04:10:43,15043.68,UNKNOWN,아니 난 원래 하고 있었잖아요,
04:10:43,15043.98,04:10:48,15048.68,UNKNOWN,이래가지고 오늘 합방하는 버튜버분이랑 기호 가능하겠냐 레바야?,
04:10:48,15048.98,04:10:51,15051.68,UNKNOWN,좀 더 노력해서 법 가게 해야 될 거 아니야?,
04:11:04,15064.45,04:11:05,15065.35,UNKNOWN,밀파로 간다,
04:11:36,15096.61,04:11:37,15097.21,UNKNOWN,아니요,
04:11:37,15097.21,04:11:39,15099.31,UNKNOWN,저 위에 아무것도 없다는 걸 이제 알아,
04:11:43,15103.18,04:11:43,15103.68,UNKNOWN,뭐야,
04:11:43,15103.88,04:11:45,15105.38,UNKNOWN,나 밖에 없는 건 아니지 설마,
04:11:50,15110.63,04:11:51,15111.13,UNKNOWN,엥?,
04:11:58,15118.61,04:11:59,15119.81,UNKNOWN,눈치 게임 성공 뭐임?,
04:12:34,15154.89,04:12:35,15155.39,UNKNOWN,보고,
04:12:50,15170.63,04:12:52,15172.03,UNKNOWN,바로 차 끌고 나가야겠는데?,
04:12:52,15172.23,04:12:53,15173.03,UNKNOWN,빨리 싸우려면?,
04:13:11,15191.43,04:13:13,15193.33,UNKNOWN,거기서 박격포 터지는 소리가 나는데요?,
04:13:16,15196.4,04:13:17,15197.2,UNKNOWN,저격 아니야?,
04:13:17,15197.7,04:13:19,15199.3,UNKNOWN,이쪽으로 박격포를 쏠 이유가 없잖아,
04:13:42,15222.54,04:13:43,15223.54,UNKNOWN,저격이네!,
04:13:43,15223.84,04:13:44,15224.84,UNKNOWN,미친 새끼야,
04:13:47,15227.46,04:13:49,15229.26,UNKNOWN,뒤쪽으로 박격포를 왜 달리는데,
04:14:09,15249.87,04:14:12,15252.27,UNKNOWN,차 끌고 총 소리 나는 방향으로 저다 달려야겠다,
04:14:13,15253.17,04:14:13,15253.77,UNKNOWN,차 없나?,
04:14:17,15257.52,04:14:19,15259.42,UNKNOWN,아 이쪽에 한 명도 안 들일 줄 내가 어떻게 알아,
04:14:32,15272.28,04:14:36,15276.08,UNKNOWN,아니 빨리 싸우고 빨리 죽으려니까 이번 판은 또 오래 살라고,
04:14:37,15277.18,04:14:43,15283.08,UNKNOWN,합방 시작 5분 전인데 이번 판은 끄고 옷도 좀 갈아입고 머리도 만지고 오죠,
04:14:44,15284.28,04:14:45,15285.88,UNKNOWN,뭘 말하는 거야 대체,
04:14:48,15288.54,04:14:49,15289.14,UNKNOWN,어 차다,
04:14:51,15291.15,04:14:52,15292.85,UNKNOWN,근데 여기도 안평도 안 들였을까?,
04:14:55,15295.28,04:14:57,15297.08,UNKNOWN,여기도 비행기 경로 방향인데?,
04:15:20,15320.82,04:15:21,15321.92,UNKNOWN,오 총소리,
04:15:22,15322.32,04:15:54,15354.33,UNKNOWN,존나 잘 쏘네,
04:15:54,15354.73,04:15:55,15355.23,UNKNOWN,뭐냐?,
04:15:56,15356.03,04:15:56,15356.73,UNKNOWN,아 씨발,
04:15:58,15358.74,04:16:00,15360.74,UNKNOWN,그렇다고 이런 엔딩을 바라질 않았는데?,
04:16:16,15376.23,04:16:17,15377.83,UNKNOWN,블루가 뭐 초대 링크 주겠지,
04:16:26,15386.72,04:16:27,15387.32,UNKNOWN,이건가?,
04:16:28,15388.22,04:16:29,15389.32,UNKNOWN,아아 들리니?,
04:16:30,15390.02,04:16:32,15392.02,UNKNOWN,어 빛보다 빠르게,
04:16:32,15392.32,04:16:33,15393.12,UNKNOWN,오오,
04:16:33,15393.72,04:16:35,15395.32,UNKNOWN,야 임페리움 레이지를,
04:16:36,15396.02,04:16:36,15396.42,UNKNOWN,어서,
04:16:36,15396.42,04:16:36,15396.92,UNKNOWN,반가워요,
04:16:36,15396.92,04:16:38,15398.02,UNKNOWN,어 반가워,
04:16:38,15398.72,04:16:40,15400.12,UNKNOWN,기다리고 있었다고,
04:16:40,15400.12,04:16:41,15401.32,UNKNOWN,그동안 잘 지냈니?,
04:16:42,15402.02,04:16:43,15403.82,UNKNOWN,아이 그럼 형이,
04:16:44,15404.12,04:16:46,15406.52,UNKNOWN,아까 어제 얘기한 거 들었어,
04:16:46,15406.52,04:16:47,15407.02,UNKNOWN,어제?,
04:16:47,15407.02,04:16:49,15409.72,UNKNOWN,유튜브를 구해오라고 형이 라이브에서 얘기한 거,
04:16:49,15409.72,04:16:51,15411.12,UNKNOWN,언제 그랬어 내가,
04:16:51,15411.72,04:16:53,15413.52,UNKNOWN,들어오자마자 누구 데려와야 될까 하니까,
04:16:54,15414.12,04:16:55,15415.62,UNKNOWN,버튀어 했잖아,
04:16:55,15415.62,04:16:59,15419.12,UNKNOWN,아니야 그냥 너가 항상 이렇게 데려오는 멤버들이 있으니까,
04:16:59,15419.12,04:17:02,15422.82,UNKNOWN,딱 그 중에서 버튀어 분들이겠지라고 생각했지,
04:17:02,15422.82,04:17:03,15423.62,UNKNOWN,자연스럽게,
04:17:04,15424.82,04:17:05,15425.42,UNKNOWN,오해야,
04:17:05,15425.42,04:17:07,15427.32,UNKNOWN,이거 좀 장기 프로젝트 하려고,
04:17:07,15427.32,04:17:08,15428.32,UNKNOWN,레바 형의,
04:17:09,15429.12,04:17:11,15431.92,UNKNOWN,어 통발에 들어갈 사람을 찾아보고 있어,
04:17:12,15432.52,04:17:14,15434.62,UNKNOWN,사람 보고 통발이라고 하면 못써,
04:17:18,15438.12,04:17:19,15439.02,UNKNOWN,미안 미안,
04:17:19,15439.92,04:17:21,15441.22,UNKNOWN,그 감성을 잘 모른다,
04:17:21,15441.52,04:17:22,15442.62,UNKNOWN,금이님 아이,
04:17:22,15442.62,04:17:23,15443.32,UNKNOWN,아이,
04:17:23,15443.62,04:17:24,15444.12,UNKNOWN,안녕하세요,
04:17:24,15444.12,04:17:24,15444.62,UNKNOWN,아이,
04:17:24,15444.62,04:17:25,15445.62,UNKNOWN,안녕하세요,
04:17:25,15445.62,04:17:26,15446.12,UNKNOWN,안녕하세요,
04:17:26,15446.12,04:17:28,15448.12,UNKNOWN,아니 저 몰랐는데 오늘 휴방이라면서요,
04:17:28,15448.12,04:17:28,15448.92,UNKNOWN,맞아요,
04:17:28,15448.92,04:17:33,15453.72,UNKNOWN,저 그래서 지금 20분 25분 동안 애들한테 처먹다가 왔어요,
04:17:33,15453.72,04:17:34,15454.52,UNKNOWN,어 저도,
04:17:34,15454.52,04:17:36,15456.62,UNKNOWN,전 4시간 동안 계속 죽고 있었어요,
04:17:37,15457.22,04:17:38,15458.42,UNKNOWN,아 그래?,
04:17:39,15459.42,04:17:39,15459.92,UNKNOWN,에?,
04:17:40,15460.62,04:17:42,15462.02,UNKNOWN,시청자들한테,
04:17:42,15462.02,04:17:44,15464.42,UNKNOWN,아 저는 배그하면서 사람들한테,
04:17:47,15467.62,04:17:48,15468.42,UNKNOWN,배그 못해서?,
04:17:49,15469.02,04:17:51,15471.52,UNKNOWN,아 여기 사람들 너무 잘하는 거 같아요,
04:17:51,15471.52,04:17:52,15472.42,UNKNOWN,그거 알아요?,
04:17:52,15472.42,04:17:52,15472.92,UNKNOWN,오늘,
04:17:53,15473.62,04:17:55,15475.92,UNKNOWN,님은 레바 형을 위해서 버튀 보러 오셨어요,
04:17:55,15475.92,04:17:56,15476.62,UNKNOWN,아,
04:17:56,15476.62,04:17:57,15477.82,UNKNOWN,신분개조,
04:17:57,15477.82,04:17:58,15478.32,UNKNOWN,아유,
04:17:58,15478.32,04:17:59,15479.92,UNKNOWN,아니야 나 나 버튀 버,
04:17:59,15479.92,04:18:02,15482.02,UNKNOWN,무슨 소리 하다가 버튀 번데?,
04:18:02,15482.02,04:18:03,15483.52,UNKNOWN,아 맞지 맞지 아 맞지 버튀,
04:18:03,15483.52,04:18:05,15485.42,UNKNOWN,지금 딱 방송 가시면 볼 수 있어요,
04:18:05,15485.42,04:18:07,15487.92,UNKNOWN,아 나 버튀 오래 하 무슨 소리 하,
04:18:07,15487.92,04:18:09,15489.12,UNKNOWN,정성이 있으신 분이에요,
04:18:09,15489.12,04:18:10,15490.12,UNKNOWN,아 맞습니다,
04:18:10,15490.82,04:18:13,15493.12,UNKNOWN,이제 뭐 멤버들 다 모인 거 아니면 더 있어?,
04:18:14,15494.02,04:18:16,15496.02,UNKNOWN,무려 이춘향 누나까지 오십니다,
04:18:16,15496.02,04:18:17,15497.02,UNKNOWN,아 춘향님까지 오셔?,
04:18:17,15497.62,04:18:19,15499.42,UNKNOWN,이준향이요,
04:18:19,15499.42,04:18:20,15500.02,UNKNOWN,이준향?,
04:18:20,15500.02,04:18:20,15500.62,UNKNOWN,이준향,
04:18:20,15500.62,04:18:22,15502.62,UNKNOWN,음 이런 것이 반해오신다니까요,
04:18:22,15502.62,04:18:23,15503.62,UNKNOWN,오케이,
04:18:23,15503.62,04:18:24,15504.62,UNKNOWN,금방 올게요,
04:18:24,15504.62,04:18:26,15506.22,UNKNOWN,빵빵빵빵,
04:18:26,15506.22,04:18:27,15507.62,UNKNOWN,일단 난 접속해 있어,
04:18:28,15508.42,04:18:30,15510.12,UNKNOWN,음 내가 초대해 줄게,
04:18:30,15510.12,04:18:32,15512.92,UNKNOWN,나 지금 우리 방 애들 17일 연속 후원이어서,
04:18:32,15512.92,04:18:34,15514.32,UNKNOWN,화가 너무 많이 났어,
04:18:35,15515.32,04:18:36,15516.62,UNKNOWN,왜 화가 나?,
04:18:36,15516.62,04:18:38,15518.52,UNKNOWN,아 우리 방 애들 그,
04:18:38,15518.52,04:18:41,15521.42,UNKNOWN,아까 옛날이랑 방송이 너무 달라져가지고,
04:18:41,15521.42,04:18:42,15522.62,UNKNOWN,옛날에는,
04:18:42,15522.62,04:18:45,15525.12,UNKNOWN,안녕하세요,
04:18:45,15525.12,04:18:46,15526.02,UNKNOWN,아잉,
04:18:46,15526.02,04:18:47,15527.82,UNKNOWN,반갑습니다,
04:18:47,15527.82,04:18:49,15529.12,UNKNOWN,오하요 오하요,
04:18:49,15529.12,04:18:51,15531.72,UNKNOWN,말 끊은 거 같은데 다시 이어서 해주세요,
04:18:51,15531.72,04:18:52,15532.62,UNKNOWN,아 아 아,
04:18:52,15532.62,04:18:56,15536.02,UNKNOWN,아 별건 아니고 옛날에는 그,
04:18:56,15536.02,04:19:00,15540.12,UNKNOWN,저희 방 시청자들 워라배를 정말 많이 챙겨주는 그런 방송이었는데,
04:19:00,15540.12,04:19:03,15543.62,UNKNOWN,이제 시도 때도 없이 방송 켜서 10시간 넘게 하고 가니까,
04:19:03,15543.62,04:19:07,15547.62,UNKNOWN,애들이 화가 너무 많이 났어요,
04:19:07,15547.62,04:19:08,15548.92,UNKNOWN,열심히 하는 게 좋은 거 아니야?,
04:19:08,15548.92,04:19:11,15551.32,UNKNOWN,맞아 열심히 하면 좋은 거죠,
04:19:11,15551.32,04:19:14,15554.22,UNKNOWN,우리 방 애들은 싫어해요 개인 방송,
04:19:14,15554.22,04:19:16,15556.62,UNKNOWN,아니 그니까 개인 시간이 너무 없어진다고 좀,
04:19:16,15556.62,04:19:19,15559.12,UNKNOWN,제발 자기들 생각 좀 해놨을래,
04:19:19,15559.12,04:19:21,15561.12,UNKNOWN,오오,
04:19:21,15561.12,04:19:23,15563.12,UNKNOWN,오히려 역으로?,
04:19:23,15563.12,04:19:26,15566.32,UNKNOWN,제발 그만 쳐 올해 방송 좀 그만 쳐,
04:19:26,15566.32,04:19:28,15568.12,UNKNOWN,방송 그만,
04:19:28,15568.12,04:19:29,15569.12,UNKNOWN,뭔데?,
04:19:29,15569.12,04:19:30,15570.32,UNKNOWN,마인드가 좋다,
04:19:30,15570.32,04:19:31,15571.12,UNKNOWN,그러게,
04:19:31,15571.12,04:19:32,15572.12,UNKNOWN,스트리머가 별만 생각해주는 거 아니야,
04:19:32,15572.12,04:19:33,15573.12,UNKNOWN,맞아 너무,
04:19:33,15573.12,04:19:36,15576.92,UNKNOWN,아니 스트리머 건강이 아니라 지네 건강 생각하는 건데,
04:19:36,15576.92,04:19:40,15580.12,UNKNOWN,말을 그렇게 하는 거지 사실 마음이 따뜻한 사람들 아닐까?,
04:19:40,15580.12,04:19:41,15581.12,UNKNOWN,보기 좋은데,
04:19:41,15581.12,04:19:42,15582.12,UNKNOWN,우리 방 애들은 아닐걸?,
04:19:42,15582.12,04:19:44,15584.12,UNKNOWN,우리 방 애들은 입에서 진실밖에 안 나와,
04:19:44,15584.12,04:19:45,15585.12,UNKNOWN,그래?,
04:19:45,15585.12,04:19:50,15590.12,UNKNOWN,근데 금이 님 입장에서는 그만큼 사람들이 계속 본인 방송을 와서 봐주는 거니까,
04:19:50,15590.12,04:19:52,15592.12,UNKNOWN,좋은 시청자분들 아니에요?,
04:19:52,15592.12,04:19:54,15594.12,UNKNOWN,어 그쵸 저는 너무 고맙죠,
04:19:54,15594.12,04:19:57,15597.12,UNKNOWN,그쵸 일종의 비트기죠,
04:19:57,15597.12,04:20:00,15600.12,UNKNOWN,그쵸 저는 너무 고맙죠 왜 와주니까,
04:20:00,15600.12,04:20:02,15602.12,UNKNOWN,너무 고마운데,
04:20:02,15602.12,04:20:05,15605.12,UNKNOWN,저는 고마운데 얘네는 그렇게 생각 안 하는 거 같아,
04:20:07,15607.12,04:20:10,15610.12,UNKNOWN,근데 또 안 오면 섭섭해해,
04:20:10,15610.12,04:20:12,15612.12,UNKNOWN,맞아,
04:20:12,15612.12,04:20:13,15613.12,UNKNOWN,진짜 진짜로,
04:20:13,15613.12,04:20:14,15614.12,UNKNOWN,그쵸,
04:20:14,15614.12,04:20:18,15618.12,UNKNOWN,그럼 내가 지금 25분 동안 욕먹은 건 그냥 떱떱이겠지?,
04:20:18,15618.12,04:20:19,15619.12,UNKNOWN,그럼,
04:20:19,15619.12,04:20:20,15620.12,UNKNOWN,그쵸,
04:20:20,15620.12,04:20:21,15621.12,UNKNOWN,그쵸,
04:20:22,15622.12,04:20:24,15624.12,UNKNOWN,아니 지금 일님 거 오는 거 좋아하지,
04:20:24,15624.12,04:20:25,15625.12,UNKNOWN,그럼,
04:20:25,15625.12,04:20:28,15628.12,UNKNOWN,저 그쵸? 자주 올게 얘들아,
04:20:29,15629.12,04:20:32,15632.12,UNKNOWN,이번에 2주 동안 5일 켰나 방송?,
04:20:32,15632.12,04:20:33,15633.12,UNKNOWN,누가?,
04:20:33,15633.12,04:20:35,15635.12,UNKNOWN,어? 진짜? 왜 이렇게 쭉쭉끌었어?,
04:20:35,15635.12,04:20:37,15637.12,UNKNOWN,출장 간다고 출장,
04:20:37,15637.12,04:20:39,15639.12,UNKNOWN,어 일본 갔다 왔어?,
04:20:40,15640.12,04:20:43,15643.12,UNKNOWN,도쿄랑 오사카였나?,
04:20:43,15643.12,04:20:44,15644.12,UNKNOWN,아니 후쿠오카 다녀왔어,
04:20:44,15644.12,04:20:46,15646.12,UNKNOWN,유후인 촬영 갔다 왔어 유후인,
04:20:46,15646.12,04:20:48,15648.12,UNKNOWN,유후인은 뭐야?,
04:20:48,15648.12,04:20:50,15650.12,UNKNOWN,유인의 온천마을 있거든,
04:20:50,15650.12,04:20:51,15651.12,UNKNOWN,아,
04:20:51,15651.12,04:20:55,15655.14,UNKNOWN,온천마을 안에 료칸이 있는데 고양이를 키우는 료칸이 있어.,
04:20:55,15655.22,04:20:56,15656.6,UNKNOWN,고양이를 빌려주는 료칸이 있어.,
04:20:57,15657.42,04:20:58,15658.84,UNKNOWN,고양이도 료칸에 들어가는 거야?,
04:20:58,15658.84,04:21:01,15661.44,UNKNOWN,봤어. 봤어. 그거야. 그거.,
04:21:01,15661.7,04:21:03,15663.58,UNKNOWN,그거야? 유튜브 쇼츠에 뜨던데?,
04:21:03,15663.68,04:21:06,15666.12,UNKNOWN,그거. 그거. 그거. 그거 체험하러 갔어.,
04:21:06,15666.3,04:21:06,15666.58,UNKNOWN,진짜?,
04:21:07,15667.02,04:21:08,15668.82,UNKNOWN,그게 출장이야? 그냥 놀고 온 거 아니야?,
04:21:09,15669.48,04:21:11,15671.36,UNKNOWN,무슨 소리 하는 거야. 촬영한 거야. 촬영.,
04:21:11,15671.76,04:21:12,15672.92,UNKNOWN,위로 올라갈 거야.,
04:21:13,15673.1,04:21:13,15673.8,UNKNOWN,맞네. 맞네.,
04:21:13,15673.82,04:21:16,15676.06,UNKNOWN,내가 놀러간다고 해도 촬영을 하고 오네.,
04:21:17,15677.0,04:21:18,15678.72,UNKNOWN,놀러간 게 아니고 촬영이라고.,
04:21:18,15678.72,04:21:22,15682.28,UNKNOWN,아니. 그러니까 너가 즐겁게 노는 걸 촬영한 거지.,
04:21:22,15682.92,04:21:23,15683.5,UNKNOWN,아니지.,
04:21:23,15683.62,04:21:26,15686.96,UNKNOWN,아니야? 약간 심층 분석하는 그런 느낌으로 찍었어?,
04:21:27,15687.98,04:21:31,15691.26,UNKNOWN,그럼. 나 진짜 디테일하게 거의 뭐 잇섬님처럼 IT 리뷰처럼 찍었어.,
04:21:33,15693.22,04:21:37,15697.46,UNKNOWN,근데 나 이번에 곰파 언니랑 여행 갔을 때도 느꼈는데,
04:21:37,15697.46,04:21:40,15700.6,UNKNOWN,세상 캠방 방송인들이 좀 슬프다고 느낀 게 뭔데?,
04:21:40,15700.68,04:21:42,15702.74,UNKNOWN,물론 노캠들도 비슷하겠지?,
04:21:43,15703.74,04:21:45,15705.42,UNKNOWN,약간 여행을 갔는데,
04:21:45,15705.42,04:21:48,15708.42,UNKNOWN,여행을 가서 쉬는 게 아니라 브이로그를 찍었잖아.,
04:21:48,15708.72,04:21:49,15709.22,UNKNOWN,뭐야?,
04:21:53,15713.25,04:21:56,15716.75,UNKNOWN,의식하고 뭔가 말을 한 가지 찍는다?,
04:21:57,15717.75,04:21:59,15719.95,UNKNOWN,근데 이게 모든 방송이니 그래.,
04:21:59,15719.95,04:22:01,15721.25,UNKNOWN,그럼 약간 보다 보면,
04:22:02,15722.15,04:22:02,15722.75,UNKNOWN,안타까워.,
04:22:02,15722.75,04:22:04,15724.25,UNKNOWN,나랑 오버랩 때면서 안타까워.,
04:22:04,15724.75,04:22:06,15726.55,UNKNOWN,전 브이로그 찍은 적 없어요.,
04:22:07,15727.25,04:22:07,15727.75,UNKNOWN,그래요?,
04:22:07,15727.85,04:22:08,15728.35,UNKNOWN,네.,
04:22:09,15729.45,04:22:10,15730.95,UNKNOWN,브이로그 찍는 건 상상이 안 되네.,
04:22:13,15733.25,04:22:16,15736.55,UNKNOWN,그러면 브이로그를 같이 찍고 싶은 여성분은 없어? 혹시? 내가 봐요.,
04:22:16,15736.85,04:22:17,15737.55,UNKNOWN,글쎄.,
04:22:18,15738.55,04:22:19,15739.55,UNKNOWN,나 알 것 같아.,
04:22:20,15740.25,04:22:21,15741.15,UNKNOWN,어? 누구?,
04:22:21,15741.75,04:22:24,15744.25,UNKNOWN,또? 오늘도 시작한 거야?,
04:22:29,15749.09,04:22:31,15751.59,UNKNOWN,"되게 만성이다, 이거.",
04:22:33,15753.59,04:22:36,15756.09,UNKNOWN,아니 근데 거기 재밌더라고요.,
04:22:36,15756.09,04:22:38,15758.09,UNKNOWN,그러니까. 형 유튜브 봤어?,
04:22:38,15758.09,04:22:39,15759.59,UNKNOWN,이쁘게 올려줬는데.,
04:22:39,15759.59,04:22:42,15762.09,UNKNOWN,참. 나도 봤어. 봤어.,
04:22:42,15762.59,04:22:43,15763.59,UNKNOWN,봤어?,
04:22:44,15764.09,04:22:45,15765.59,UNKNOWN,되게 좀 마음에 들어?,
04:22:46,15766.09,04:22:47,15767.59,UNKNOWN,어때요? 어때요? 좋아요?,
04:22:47,15767.59,04:22:49,15769.59,UNKNOWN,이거 진짜 가불기다.,
04:22:49,15769.59,04:22:52,15772.59,UNKNOWN,좋다고 해도 문제고 마음에 안 든다고 해도 그것도 더 문제고.,
04:22:52,15772.59,04:22:56,15776.09,UNKNOWN,이거 진짜 이래서 어깨를 하는구나.,
04:22:57,15777.09,04:22:59,15779.09,UNKNOWN,레버님이랑 곰방님이랑 뭐 있어요?,
04:23:00,15780.09,04:23:01,15781.09,UNKNOWN,오! 이춘양님!,
04:23:02,15782.09,04:23:04,15784.09,UNKNOWN,"아직 몰랐는구나, 이 소식을!",
04:23:04,15784.09,04:23:06,15786.09,UNKNOWN,"와, 요즘 완전 뭐야 뭐야인데, 지금.",
04:23:08,15788.09,04:23:11,15791.09,UNKNOWN,"아니, 당사자들은 모르는 뭐야 뭐야야.",
04:23:13,15793.4,04:23:15,15795.9,UNKNOWN,당사자들도 아디가 찍힌 거 아니에요?,
04:23:15,15795.9,04:23:16,15796.9,UNKNOWN,"맞지, 맞지, 맞지, 맞지.",
04:23:18,15798.4,04:23:20,15800.9,UNKNOWN,당사자들이 몰랐으면 이런 게 없었겠죠?,
04:23:20,15800.9,04:23:21,15801.9,UNKNOWN,그런가?,
04:23:21,15801.9,04:23:22,15802.9,UNKNOWN,"아이, 저는...",
04:23:22,15802.9,04:23:25,15805.4,UNKNOWN,"그래서 요즘 진짜 너무 재밌게 보고 있어, 블루님 유튜브.",
04:23:25,15805.4,04:23:29,15809.4,UNKNOWN,나 이제까지 중에 블루님 유튜브를 이렇게 열심히 본 적이 없어.,
04:23:32,15812.4,04:23:34,15814.4,UNKNOWN,너무 섭섭해. 짜증나.,
04:23:40,15820.72,04:23:43,15823.72,UNKNOWN,레버님이 배그를 열심히 하는 이유도 설마...,
04:23:43,15823.72,04:23:44,15824.72,UNKNOWN,아니요.,
04:23:45,15825.72,04:23:47,15827.72,UNKNOWN,"아, 눈치. 아, 죄송합니다.",
04:23:47,15827.72,04:23:51,15831.72,UNKNOWN,저는 그냥 열심히 이 어려운 게임을 파괴하고 싶어서 열심히 하고 있습니다.,
04:23:51,15831.72,04:23:52,15832.72,UNKNOWN,아...,
04:23:53,15833.72,04:23:55,15835.72,UNKNOWN,"형, 내가 합방 같이 하자고 배그하자고 하니까.",
04:23:55,15835.72,04:23:57,15837.22,UNKNOWN,"형, 내가 합방 같이 하자고 배그하자고 하니까.",
04:23:57,15837.22,04:23:58,15838.22,UNKNOWN,잘하던데.,
04:23:58,15838.22,04:23:59,15839.22,UNKNOWN,어.,
04:23:59,15839.22,04:24:00,15840.22,UNKNOWN,"아니, 나 요새 좀...",
04:24:00,15840.22,04:24:01,15841.22,UNKNOWN,그러면은 의도가 좀 다른 거 아니야?,
04:24:01,15841.22,04:24:02,15842.22,UNKNOWN,아니야.,
04:24:02,15842.22,04:24:03,15843.22,UNKNOWN,요새 좀 열심히 하다가 접혔어.,
04:24:03,15843.22,04:24:05,15845.22,UNKNOWN,너무 애들 잘해가지고.,
04:24:06,15846.22,04:24:07,15847.22,UNKNOWN,"아, 나 전화...",
04:24:07,15847.22,04:24:09,15849.22,UNKNOWN,누가 멤버를 잘못 구해왔네.,
04:24:09,15849.22,04:24:10,15850.22,UNKNOWN,"그러니까, 이거 MMR...",
04:24:10,15850.22,04:24:12,15852.22,UNKNOWN,"아, 근데 제가 중화시켜 드릴게요.",
04:24:12,15852.22,04:24:13,15853.22,UNKNOWN,괜찮아요.,
04:24:13,15853.22,04:24:17,15857.22,UNKNOWN,제 MMR 혼자 솔로 돌리면은 70명이 AI 나오는 MMR이거든요.,
04:24:17,15857.22,04:24:18,15858.22,UNKNOWN,"아, 이거 그 정도예요?",
04:24:18,15858.22,04:24:19,15859.22,UNKNOWN,저 너무...,
04:24:19,15859.22,04:24:21,15861.22,UNKNOWN,"아니, 잘하는 사람이 너무 많던데, 그냥.",
04:24:21,15861.22,04:24:22,15862.22,UNKNOWN,"아, 걱정 마세요.",
04:24:22,15862.22,04:24:24,15864.22,UNKNOWN,제가 오늘 그 용기 북두도 드릴게요.,
04:24:24,15864.22,04:24:25,15865.22,UNKNOWN,나보다 심각한...,
04:24:25,15865.72,04:24:27,15867.22,UNKNOWN,심각한 사람도 있구나.,
04:24:29,15869.72,04:24:30,15870.72,UNKNOWN,기대하고 있을게요.,
04:24:30,15870.72,04:24:34,15874.22,UNKNOWN,행복하신 구미님은 혹시 배그를 언제 들어오시나요?,
04:24:34,15874.22,04:24:35,15875.22,UNKNOWN,저 들어왔어요.,
04:24:35,15875.22,04:24:36,15876.22,UNKNOWN,"초대, 초대.",
04:24:36,15876.22,04:24:37,15877.22,UNKNOWN,아.,
04:24:37,15877.22,04:24:38,15878.22,UNKNOWN,됐다.,
04:24:38,15878.22,04:24:42,15882.22,UNKNOWN,저 아까 핑거 프린세스여가지고 초대 안 해주면 안 들어가거든요.,
04:24:42,15882.22,04:24:43,15883.22,UNKNOWN,"미치겠다, 진짜.",
04:24:43,15883.22,04:24:45,15885.22,UNKNOWN,약간 간택 당해야 되는 타입.,
04:24:45,15885.22,04:24:47,15887.22,UNKNOWN,저 간택 당하는 타입.,
04:24:47,15887.22,04:24:48,15888.22,UNKNOWN,오케이.,
04:24:48,15888.22,04:24:49,15889.22,UNKNOWN,"아, 근데...",
04:24:49,15889.22,04:24:50,15890.22,UNKNOWN,어.,
04:24:50,15890.22,04:24:52,15892.22,UNKNOWN,"아, 나는 그건 줄 알았어, 사실.",
04:24:52,15892.22,04:24:53,15893.72,UNKNOWN,토크 한 30분 하고 들어가.,
04:24:53,15893.72,04:24:54,15894.72,UNKNOWN,나...,
04:24:54,15894.72,04:24:55,15895.72,UNKNOWN,보통은 토크를 먼저...,
04:24:55,15895.72,04:24:56,15896.72,UNKNOWN,먼저 하긴 하거든.,
04:24:56,15896.72,04:24:59,15899.72,UNKNOWN,본론이 아빠 항상 1시간 토크하고 들어갔었던 것 같아요.,
04:24:59,15899.72,04:25:01,15901.72,UNKNOWN,"아, 나 다들 모여있길래.",
04:25:01,15901.72,04:25:03,15903.22,UNKNOWN,"아, 자연스럽게 들어오던데?",
04:25:03,15903.22,04:25:03,15903.72,UNKNOWN,음.,
04:25:03,15903.72,04:25:04,15904.72,UNKNOWN,네.,
04:25:04,15904.72,04:25:05,15905.72,UNKNOWN,음.,
04:25:05,15905.72,04:25:06,15906.72,UNKNOWN,"아, 맵을 뭐 하지?",
04:25:06,15906.72,04:25:07,15907.72,UNKNOWN,"아, 이거 에란겔.",
04:25:07,15907.72,04:25:09,15909.72,UNKNOWN,이번에 다 큰 맵밖에 없던데?,
04:25:09,15909.72,04:25:11,15911.72,UNKNOWN,"이거 에란겔, 테이고, 하라키, 롱.",
04:25:11,15911.72,04:25:12,15912.72,UNKNOWN,"어, 하고 싶은...",
04:25:12,15912.72,04:25:14,15914.72,UNKNOWN,"어, 하고 싶은 맵 해.",
04:25:14,15914.72,04:25:15,15915.72,UNKNOWN,네.,
04:25:15,15915.72,04:25:16,15916.72,UNKNOWN,"스윗하다, 형.",
04:25:16,15916.72,04:25:17,15917.72,UNKNOWN,왜?,
04:25:17,15917.72,04:25:18,15918.72,UNKNOWN,"그러니까, 스윗하잖아.",
04:25:18,15918.72,04:25:19,15919.72,UNKNOWN,난 원래 스윗해.,
04:25:19,15919.72,04:25:20,15920.72,UNKNOWN,스윗하네.,
04:25:20,15920.72,04:25:22,15922.72,UNKNOWN,나 오늘 좀 스윗 가이 달달 바이.,
04:25:22,15922.72,04:25:23,15923.72,UNKNOWN,"아니, 나...",
04:25:23,15923.72,04:25:24,15924.72,UNKNOWN,못 말했다고 또...,
04:25:24,15924.72,04:25:26,15926.72,UNKNOWN,뭘 이렇게 굴리는 거야?,
04:25:27,15927.72,04:25:29,15929.72,UNKNOWN,"저희는 그런 거 안 중요해요, 에란겔.",
04:25:29,15929.72,04:25:30,15930.72,UNKNOWN,아...,
04:25:30,15930.72,04:25:32,15932.72,UNKNOWN,말 한마디 한마디가 우리한테 떡밥이야.,
04:25:32,15932.72,04:25:33,15933.72,UNKNOWN,그냥...,
04:25:33,15933.72,04:25:34,15934.72,UNKNOWN,그냥...,
04:25:34,15934.72,04:25:35,15935.72,UNKNOWN,"존재가 문제구나, 이거.",
04:25:36,15936.72,04:25:39,15939.03,UNKNOWN,늘 있는 일이야.,
04:25:40,15940.03,04:25:41,15941.03,UNKNOWN,아...,
04:25:41,15941.03,04:25:42,15942.03,UNKNOWN,헤이고 할까?,
04:25:42,15942.03,04:25:43,15943.03,UNKNOWN,헤이고?,
04:25:43,15943.03,04:25:44,15944.03,UNKNOWN,헤이고 좋지.,
04:25:45,15945.03,04:25:46,15946.03,UNKNOWN,헤이고 좋지.,
04:25:46,15946.03,04:25:47,15947.03,UNKNOWN,헤이고 좋지.,
04:25:47,15947.03,04:25:48,15948.03,UNKNOWN,그럼 오늘은 뭐...,
04:25:48,15948.03,04:25:50,15950.03,UNKNOWN,춘향님한테 가족 소개 시킬 건 아니지?,
04:25:52,15952.03,04:25:53,15953.03,UNKNOWN,가족 소개가 뭔 소리야?,
04:25:53,15953.03,04:25:54,15954.03,UNKNOWN,가족 소개?,
04:25:54,15954.03,04:25:55,15955.03,UNKNOWN,"어, 내가 저번에...",
04:25:55,15955.03,04:25:56,15956.03,UNKNOWN,엄마님 소개해 주려고요?,
04:25:56,15956.03,04:25:58,15958.03,UNKNOWN,곰파님 가족이야?,
04:25:58,15958.03,04:25:59,15959.03,UNKNOWN,어머!,
04:25:59,15959.03,04:26:01,15961.03,UNKNOWN,"아니, 곰파님이랑 저번에...",
04:26:01,15961.03,04:26:05,15965.03,UNKNOWN,곰파님이랑 방송 저번에 했을 때 내 가족 관계도 설명했잖아.,
04:26:05,15965.03,04:26:06,15966.03,UNKNOWN,"어머나, 어머나.",
04:26:06,15966.03,04:26:08,15968.03,UNKNOWN,거긴 진짜 마음이 있어 보이던데.,
04:26:10,15970.03,04:26:12,15972.03,UNKNOWN,"뭔 소리야, 이건 또.",
04:26:13,15973.03,04:26:15,15975.03,UNKNOWN,거기는 진짜 마음이 있더라고.,
04:26:15,15975.03,04:26:17,15977.03,UNKNOWN,"아니, 영상 못 봤구나, 최근에 올린 거.",
04:26:18,15978.03,04:26:22,15982.03,UNKNOWN,근데 곰파님 다른 남성분들 만날 때도 막...,
04:26:22,15982.03,04:26:25,15985.03,UNKNOWN,뭐 해요? 하면서 관심 있고 우결이 있으면...,
04:26:25,15985.03,04:26:28,15988.03,UNKNOWN,약간 질투에 힘드시겠다.,
04:26:28,15988.03,04:26:30,15990.03,UNKNOWN,"그러니까, 질투 넣으시겠다.",
04:26:30,15990.03,04:26:31,15991.03,UNKNOWN,"그러니까, 레바 힘들게...",
04:26:31,15991.03,04:26:33,15993.03,UNKNOWN,근데 레바님 그거 다 방송인 거 아시죠?,
04:26:33,15993.03,04:26:34,15994.03,UNKNOWN,"알죠, 알죠.",
04:26:34,15994.03,04:26:36,15996.03,UNKNOWN,레바님만 진심인 거 아시죠?,
04:26:36,15996.03,04:26:38,15998.03,UNKNOWN,남자는 따로 있으니까.,
04:26:38,15998.03,04:26:39,15999.03,UNKNOWN,"진짜, 진짜.",
04:26:39,15999.03,04:26:41,16001.03,UNKNOWN,블루는 우결 한 번 더 안 해?,
04:26:43,16003.03,04:26:46,16006.03,UNKNOWN,이미 약간 리버스 우결하고 있는 거 아니었나?,
04:26:48,16008.03,04:26:49,16009.03,UNKNOWN,큐미님.,
04:26:49,16009.03,04:26:50,16010.03,UNKNOWN,네? 네?,
04:26:50,16010.03,04:26:53,16013.03,UNKNOWN,공격을 막 돌리다가 같이 가는 거예요. 조심해.,
04:26:53,16013.03,04:26:54,16014.03,UNKNOWN,조심해.,
04:26:54,16014.03,04:26:57,16017.03,UNKNOWN,"저는 공격 당할 거 없는데 누구든 엮어줘, 제발.",
04:26:57,16017.03,04:26:58,16018.03,UNKNOWN,누가 없냐?,
04:26:58,16018.03,04:27:00,16020.03,UNKNOWN,아무나 좀 엮어봐.,
04:27:00,16020.03,04:27:03,16023.03,UNKNOWN,블루 너랑 나랑 우결하자.,
04:27:05,16025.03,04:27:07,16027.03,UNKNOWN,그거는 유튜브에서 맛이 없어요.,
04:27:07,16027.03,04:27:09,16029.03,UNKNOWN,맛이가 없어요.,
04:27:09,16029.03,04:27:13,16033.03,UNKNOWN,"그냥 잘 굴려주면 저기 뭐냐, 알패스 같은 것도 나오고 그럴 거야.",
04:27:13,16033.03,04:27:15,16035.03,UNKNOWN,미친 의사분들이야.,
04:27:15,16035.03,04:27:17,16037.03,UNKNOWN,"뭔 소리 하는 거야, 이 형은 또.",
04:27:17,16037.03,04:27:20,16040.03,UNKNOWN,난 이미 그런 짓을 당해봤어.,
04:27:20,16040.03,04:27:22,16042.03,UNKNOWN,뭐라고요?,
04:27:22,16042.03,04:27:24,16044.03,UNKNOWN,대체 누구랑.,
04:27:24,16044.03,04:27:25,16045.03,UNKNOWN,박쥐랑.,
04:27:25,16045.03,04:27:28,16048.76,UNKNOWN,개 끔찍해.,
04:27:28,16048.76,04:27:31,16051.76,UNKNOWN,"진짜, 보통 끔찍한 게 아니지.",
04:27:31,16051.76,04:27:33,16053.76,UNKNOWN,그러니까 조심하라고.,
04:27:33,16053.76,04:27:35,16055.76,UNKNOWN,개 끔찍해.,
04:27:35,16055.76,04:27:36,16056.76,UNKNOWN,위로 올릴게요.,
04:27:36,16056.76,04:27:38,16058.76,UNKNOWN,심지어 박쥐님?,
04:27:38,16058.76,04:27:40,16060.76,UNKNOWN,그래서 이제 어디로 가야 돼?,
04:27:40,16060.76,04:27:42,16062.76,UNKNOWN,저기 1번 핀까지 갈 거야.,
04:27:42,16062.76,04:27:43,16063.76,UNKNOWN,"날아갈 거야, 날아갈 거야.",
04:27:43,16063.76,04:27:45,16065.76,UNKNOWN,"그럼 내려야되는 거 아니야, 벌써?",
04:27:45,16065.76,04:27:46,16066.76,UNKNOWN,"그렇지, 그렇지.",
04:27:46,16066.76,04:27:48,16068.76,UNKNOWN,우리 얘기해줘야 되는구나.,
04:27:48,16068.76,04:27:50,16070.76,UNKNOWN,이거 딸한테 드러나야 되는데.,
04:27:50,16070.76,04:27:52,16072.76,UNKNOWN,"어디 가세요, 레바님? 그쪽으로 갈게요.",
04:27:52,16072.76,04:27:55,16075.76,UNKNOWN,어? 여기 아니잖아.,
04:27:55,16075.76,04:27:57,16077.76,UNKNOWN,"어디, 어디 가?",
04:27:57,16077.76,04:27:59,16079.76,UNKNOWN,나 차 타고 그쪽으로 갈게.,
04:27:59,16079.76,04:28:04,16084.76,UNKNOWN,차 타고 근접하면 어쩐지 저쪽에 사람 없을 듯?,
04:28:04,16084.76,04:28:06,16086.76,UNKNOWN,"차, 차, 차, 차, 차, 차, 차.",
04:28:06,16086.76,04:28:08,16088.76,UNKNOWN,"여기 차 있다, 저거 먹고 가야지.",
04:28:08,16088.76,04:28:17,16097.81,UNKNOWN,임파님이 다른 사람들한테 우길 그런 떡밥 불릴 때는 적극적이거든.,
04:28:17,16097.81,04:28:19,16099.81,UNKNOWN,근데 레바 형은 수줍어해.,
04:28:19,16099.81,04:28:21,16101.81,UNKNOWN,"이거는, 이거는.",
04:28:21,16101.81,04:28:23,16103.81,UNKNOWN,"이건 좀 이상해, 이거.",
04:28:23,16103.81,04:28:26,16106.81,UNKNOWN,오늘 밤에 한강으로 오시라 그래.,
04:28:26,16106.81,04:28:29,16109.81,UNKNOWN,뭐?,
04:28:29,16109.81,04:28:31,16111.81,UNKNOWN,갈 수 있을걸?,
04:28:31,16111.81,04:28:32,16112.81,UNKNOWN,근데 임파님 갈지도?,
04:28:32,16112.81,04:28:35,16115.81,UNKNOWN,"근데 나 차가 없다, 비상.",
04:28:35,16115.81,04:28:37,16117.81,UNKNOWN,내려갈까?,
04:28:37,16117.81,04:28:38,16118.81,UNKNOWN,내려가기엔 먼데?,
04:28:38,16118.81,04:28:41,16121.81,UNKNOWN,저 공중에서 수평으로 날아다니는 애는 뭐지?,
04:28:41,16121.81,04:28:43,16123.81,UNKNOWN,잠깐만.,
04:28:43,16123.81,04:28:46,16126.81,UNKNOWN,"임파님, 얼마나 있어요, 배그?",
04:28:46,16126.81,04:28:51,16131.81,UNKNOWN,"배그, 완전 그 게임 처음 출시됐을 때 열심히 하다가",
04:28:51,16131.81,04:28:52,16132.81,UNKNOWN,"한 7, 8년 동안 알았어요.",
04:28:52,16132.81,04:28:54,16134.81,UNKNOWN,"한 7, 8년 동안 안 하다가?",
04:28:54,16134.81,04:28:57,16137.81,UNKNOWN,"한, 한 두 달 전부터 시작했어요.",
04:28:57,16137.81,04:29:00,16140.81,UNKNOWN,"아, 진짜 어마어마한데, 잠깐만.",
04:29:00,16140.81,04:29:03,16143.81,UNKNOWN,"잠깐만, 진짜 비상인데? 차가 없어.",
04:29:03,16143.81,04:29:05,16145.81,UNKNOWN,오늘 곰파님 뭐 하시지?,
04:29:05,16145.81,04:29:06,16146.81,UNKNOWN,"이쪽으로, 어, 잠깐만.",
04:29:06,16146.81,04:29:09,16149.81,UNKNOWN,아까 뭐 광고 방송하고 있던데?,
04:29:09,16149.81,04:29:12,16152.81,UNKNOWN,안 끝나고 나랑 교체해줘야겠다.,
04:29:12,16152.81,04:29:14,16154.81,UNKNOWN,"아이, 춘향님 어디 가세요?",
04:29:14,16154.81,04:29:15,16155.81,UNKNOWN,"아, 뭐래?",
04:29:15,16155.81,04:29:17,16157.81,UNKNOWN,"한 악결, 아, 억결 출신으로요.",
04:29:17,16157.81,04:29:20,16160.81,UNKNOWN,"억결을, 춘향님이 없으면 어떡해요?",
04:29:20,16160.81,04:29:21,16161.81,UNKNOWN,"맞지, 맞지.",
04:29:21,16161.81,04:29:23,16163.81,UNKNOWN,억결 없이 억결하면 날인 거죠.,
04:29:23,16163.81,04:29:24,16164.81,UNKNOWN,"맞지, 맞지.",
04:29:24,16164.81,04:29:25,16165.81,UNKNOWN,"아, 그런 거야?",
04:29:25,16165.81,04:29:26,16166.81,UNKNOWN,응.,
04:29:26,16166.81,04:29:28,16168.81,UNKNOWN,되게 남자 측 인터뷰 느낌으로 나.,
04:29:28,16168.81,04:29:29,16169.81,UNKNOWN,"참, 아이, 아이, 아이, 약간 이거.",
04:29:29,16169.81,04:29:30,16170.81,UNKNOWN,"그치, 그치, 그치.",
04:29:30,16170.81,04:29:31,16171.81,UNKNOWN,너 되게.,
04:29:31,16171.81,04:29:32,16172.81,UNKNOWN,"왼쪽, 오른쪽.",
04:29:32,16172.81,04:29:33,16173.81,UNKNOWN,"아, 그런 거에 시간이 있었잖아요, 지금.",
04:29:33,16173.81,04:29:36,16176.81,UNKNOWN,너 되게 나는 솔로 막 그런 거 막 보고 그래?,
04:29:36,16176.81,04:29:39,16179.81,UNKNOWN,요즘 재밌더라.,
04:29:39,16179.81,04:29:41,16181.81,UNKNOWN,그런 거 있어야 돼.,
04:29:41,16181.81,04:29:43,16183.81,UNKNOWN,속마음 인터뷰.,
04:29:43,16183.81,04:29:44,16184.81,UNKNOWN,"맞아, 맞아.",
04:29:44,16184.81,04:29:47,16187.81,UNKNOWN,나도 많이 보진 않았는데 한두 편은 본 적 있어.,
04:29:47,16187.81,04:29:50,16190.81,UNKNOWN,속마음 인터뷰가 진짜 개꿀잼이라고.,
04:29:51,16191.81,04:29:52,16192.81,UNKNOWN,어떻게 생각하는지.,
04:29:52,16192.81,04:29:54,16194.81,UNKNOWN,최근에 곰파님의 속마음 인터뷰 했었거든.,
04:29:54,16194.81,04:29:56,16196.81,UNKNOWN,"아, 진짜?",
04:29:56,16196.81,04:29:58,16198.81,UNKNOWN,나 못 봤어.,
04:29:58,16198.81,04:29:59,16199.81,UNKNOWN,못 봤어?,
04:29:59,16199.81,04:30:00,16200.81,UNKNOWN,네가 전해줘.,
04:30:00,16200.81,04:30:02,16202.81,UNKNOWN,"알려줘, 지금.",
04:30:02,16202.81,04:30:03,16203.81,UNKNOWN,뭐였지?,
04:30:03,16203.81,04:30:06,16206.81,UNKNOWN,내용 한번 보고 와야겠다.,
04:30:06,16206.81,04:30:10,16210.81,UNKNOWN,어? 그 멘트가 기억에 남았는데.,
04:30:10,16210.81,04:30:14,16214.81,UNKNOWN,레바님의 여자친구한테는 상상해본 적 있어요. 라는 거.,
04:30:14,16214.81,04:30:16,16216.81,UNKNOWN,뭐야!,
04:30:16,16216.81,04:30:17,16217.81,UNKNOWN,뭐야!,
04:30:17,16217.81,04:30:19,16219.81,UNKNOWN,그럼 나도 상상해봐야겠네.,
04:30:19,16219.81,04:30:20,16220.81,UNKNOWN,어허허!,
04:30:20,16220.81,04:30:21,16221.81,UNKNOWN,우와!,
04:30:21,16221.81,04:30:22,16222.81,UNKNOWN,미친!,
04:30:22,16222.81,04:30:24,16224.81,UNKNOWN,"여기 진짜라니까, 여기 진짜라니까.",
04:30:24,16224.81,04:30:26,16226.81,UNKNOWN,뭐가 진짜야?,
04:30:26,16226.81,04:30:28,16228.81,UNKNOWN,진짜였는데.,
04:30:28,16228.81,04:30:30,16230.81,UNKNOWN,"여기 진짜라니까, 여기 진짜라니까.",
04:30:30,16230.81,04:30:33,16233.81,UNKNOWN,"오케이, 이렇게 된 거 그냥 어깨를 받아줄게.",
04:30:33,16233.81,04:30:34,16234.81,UNKNOWN,진짜요?,
04:30:34,16234.81,04:30:35,16235.81,UNKNOWN,진짜로?,
04:30:35,16235.81,04:30:36,16236.81,UNKNOWN,아니.,
04:30:36,16236.81,04:30:37,16237.81,UNKNOWN,진짜요?,
04:30:37,16237.81,04:30:38,16238.81,UNKNOWN,진짜로?,
04:30:38,16238.81,04:30:41,16241.81,UNKNOWN,받아주면 근데 어디까지 받아줘요?,
04:30:41,16241.81,04:30:44,16244.81,UNKNOWN,끝까지. 이제 진결까지.,
04:30:55,16255.58,04:30:58,16258.58,UNKNOWN,레바형이 적극적인데.,
04:30:58,16258.58,04:31:00,16260.58,UNKNOWN,"그래, 상대방은 적극적이지 않은데.",
04:31:00,16260.58,04:31:02,16262.58,UNKNOWN,난 여긴 털면 되잖아?,
04:31:02,16262.58,04:31:05,16265.58,UNKNOWN,"그러니까, 레바님이 적극적일 때.",
04:31:05,16265.58,04:31:07,16267.58,UNKNOWN,그러니까.,
04:31:07,16267.58,04:31:09,16269.58,UNKNOWN,내가 적극적이어야 된다고?,
04:31:09,16269.58,04:31:11,16271.58,UNKNOWN,"아니, 형이 이미 적극적인데.",
04:31:11,16271.58,04:31:13,16273.58,UNKNOWN,이미 적극적이니까.,
04:31:13,16273.58,04:31:15,16275.58,UNKNOWN,레바님 빠지는 게 없잖아.,
04:31:15,16275.58,04:31:17,16277.58,UNKNOWN,그러니까. 뭐가 문제지?,
04:31:17,16277.58,04:31:19,16279.58,UNKNOWN,어? 키도 크지? 어? 잘생겼지?,
04:31:19,16279.58,04:31:21,16281.58,UNKNOWN,그렇지.,
04:31:21,16281.58,04:31:23,16283.58,UNKNOWN,"그, 그, 저거.",
04:31:23,16283.58,04:31:25,16285.58,UNKNOWN,돈도 잘 벌지?,
04:31:25,16285.58,04:31:26,16286.58,UNKNOWN,"그렇지, 그렇지.",
04:31:26,16286.58,04:31:27,16287.58,UNKNOWN,"응, 응.",
04:31:27,16287.58,04:31:29,16289.58,UNKNOWN,그거 크거든. 능력 있는 거잖아.,
04:31:29,16289.58,04:31:31,16291.58,UNKNOWN,"그렇지, 남자 능력이 커요.",
04:31:31,16291.58,04:31:35,16295.58,UNKNOWN,"이거 완전 최고 신부감, 아니, 신랑감이잖아.",
04:31:35,16295.58,04:31:38,16298.58,UNKNOWN,나도 재벌집에 장가가는 게 꿈이었어.,
04:31:38,16298.58,04:31:39,16299.58,UNKNOWN,저도요.,
04:31:42,16302.58,04:31:44,16304.58,UNKNOWN,전 지금도요.,
04:31:44,16304.58,04:31:45,16305.58,UNKNOWN,어?,
04:31:45,16305.58,04:31:47,16307.58,UNKNOWN,본판님이 돈이 많기네?,
04:31:47,16307.58,04:31:51,16311.58,UNKNOWN,"그래서 무한 꼬시고 있는데, 아우, 어렵다.",
04:31:51,16311.58,04:31:53,16313.58,UNKNOWN,안 넘어와.,
04:31:53,16313.58,04:31:54,16314.58,UNKNOWN,하자 봐.,
04:31:54,16314.58,04:31:55,16315.58,UNKNOWN,그래서 후추한테 그랬구나.,
04:31:55,16315.58,04:31:56,16316.58,UNKNOWN,그럼요.,
04:31:57,16317.58,04:31:59,16319.58,UNKNOWN,후추님.,
04:31:59,16319.58,04:32:01,16321.58,UNKNOWN,후추님 언제 넘어온데?,
04:32:01,16321.58,04:32:02,16322.58,UNKNOWN,어? 뭐라고?,
04:32:02,16322.58,04:32:04,16324.58,UNKNOWN,후추님은 왜 안 넘어와?,
04:32:04,16324.58,04:32:05,16325.58,UNKNOWN,후추?,
04:32:05,16325.58,04:32:06,16326.58,UNKNOWN,후추 그냥 내가 싫대.,
04:32:06,16326.58,04:32:08,16328.58,UNKNOWN,"아니, 그러니까 내 돈 보고 왔구나를.",
04:32:08,16328.58,04:32:12,16332.58,UNKNOWN,"아냐, 아냐. 그 전부터 싫어했어, 그냥.",
04:32:12,16332.58,04:32:13,16333.58,UNKNOWN,그냥 싫어했어?,
04:32:13,16333.58,04:32:17,16337.58,UNKNOWN,"아니, 후추는 그냥 이제 나 빼고 다 좋대.",
04:32:17,16337.58,04:32:18,16338.58,UNKNOWN,"아니, 너무.",
04:32:18,16338.58,04:32:23,16343.58,UNKNOWN,"아니, 오히려 그 반대로 일부러 그렇게 말하는 거일 수도 있어요.",
04:32:23,16343.58,04:32:26,16346.58,UNKNOWN,"아, 그래요? 저 희망 가져봐도 되나요?",
04:32:26,16346.58,04:32:29,16349.58,UNKNOWN,"일부러, 아, 그러니까 이거 튕기는 거죠?",
04:32:29,16349.58,04:32:30,16350.58,UNKNOWN,"그쵸, 그쵸.",
04:32:30,16350.58,04:32:31,16351.58,UNKNOWN,"아, 그쵸. 마치.",
04:32:31,16351.58,04:32:32,16352.58,UNKNOWN,진심을 확인하려고.,
04:32:32,16352.58,04:32:33,16353.58,UNKNOWN,"언니, 곰파 언니처럼.",
04:32:33,16353.58,04:32:34,16354.58,UNKNOWN,"아, 그런가?",
04:32:37,16357.58,04:32:38,16358.58,UNKNOWN,그런 것 같기도 하고.,
04:32:38,16358.58,04:32:41,16361.58,UNKNOWN,근데 곰파님은 잘 안 튕기시지 않았나?,
04:32:41,16361.58,04:32:44,16364.58,UNKNOWN,"아니야, 그날은 누나한테 튕기던데?",
04:32:44,16364.58,04:32:47,16367.58,UNKNOWN,"아니, 진심이 오히려 튕기는 거지. 부끄러워서.",
04:32:47,16367.58,04:32:48,16368.58,UNKNOWN,진짜.,
04:32:48,16368.58,04:32:49,16369.58,UNKNOWN,응응.,
04:32:49,16369.58,04:32:53,16373.58,UNKNOWN,"골 때리네. 아니, 진짜 자연스럽게 우결 얘기로 가는 게 골 때려.",
04:32:53,16373.58,04:32:54,16374.58,UNKNOWN,"곰파님, 곰파님.",
04:32:54,16374.58,04:32:55,16375.58,UNKNOWN,"곰파님, 곰파님.",
04:32:55,16375.58,04:32:56,16376.58,UNKNOWN,뭐라고? 뭐라고?,
04:32:56,16376.58,04:32:58,16378.58,UNKNOWN,곰파님 우결하는 거 상상 안 된다고요?,
04:32:58,16378.58,04:32:59,16379.58,UNKNOWN,"아니, 부끄러워하는 거.",
04:32:59,16379.58,04:33:01,16381.58,UNKNOWN,"아, 부끄러워하는 거.",
04:33:01,16381.58,04:33:02,16382.58,UNKNOWN,진짜.,
04:33:02,16382.58,04:33:05,16385.58,UNKNOWN,사실 맨날 본인이 밀치는.,
04:33:05,16385.58,04:33:08,16388.58,UNKNOWN,사실 정말 정확하게 얘기하자면.,
04:33:08,16388.58,04:33:11,16391.58,UNKNOWN,부끄럽다기보단 겁을 먹었다고 표현.,
04:33:12,16392.58,04:33:17,16397.24,UNKNOWN,"아, 겁까지 가는 거야?",
04:33:17,16397.24,04:33:19,16399.24,UNKNOWN,겁을 먹어요?,
04:33:19,16399.24,04:33:22,16402.24,UNKNOWN,"아, 곰파 언니가 이제.",
04:33:25,16405.24,04:33:26,16406.24,UNKNOWN,레코단이 무섭게.,
04:33:26,16406.24,04:33:29,16409.24,UNKNOWN,레코단이 때문에 약간 살짝 겁에 들려있다가 맞긴 한데요.,
04:33:29,16409.24,04:33:31,16411.24,UNKNOWN,레바님은 마음에 들어하는 것 같긴 해.,
04:33:31,16411.24,04:33:34,16414.24,UNKNOWN,"아니, 애초에 우리 팬덤이 왜 그런 이미지가 잡힌 거지?",
04:33:34,16414.24,04:33:39,16419.24,UNKNOWN,우리 팬들 은근히 밖에선 얌전해.,
04:33:39,16419.24,04:33:41,16421.24,UNKNOWN,밖에선 얌전한 게 더 무섭다고.,
04:33:41,16421.24,04:33:42,16422.24,UNKNOWN,그니까.,
04:33:42,16422.24,04:33:43,16423.24,UNKNOWN,그런 게 안 된다는 거잖아.,
04:33:43,16423.24,04:33:46,16426.24,UNKNOWN,그러긴 해.,
04:33:46,16426.24,04:33:52,16432.43,UNKNOWN,그것도 일리 있어요.,
04:33:52,16432.43,04:33:54,16434.43,UNKNOWN,나 비창주 왔다.,
04:33:54,16434.43,04:33:55,16435.43,UNKNOWN,나이스.,
04:33:55,16435.43,04:33:58,16438.78,UNKNOWN,다 탐의한 것 같은데요.,
04:33:58,16438.78,04:34:00,16440.78,UNKNOWN,"어, 나도 대충 끝났어.",
04:34:00,16440.78,04:34:01,16441.78,UNKNOWN,나도.,
04:34:01,16441.78,04:34:02,16442.78,UNKNOWN,네.,
04:34:02,16442.78,04:34:03,16443.78,UNKNOWN,"가보자, 그럼.",
04:34:03,16443.78,04:34:05,16445.78,UNKNOWN,사람 저기서 끌 뻔하지.,
04:34:05,16445.78,04:34:07,16447.78,UNKNOWN,저기 있는 게 웃긴다.,
04:34:07,16447.78,04:34:09,16449.78,UNKNOWN,잘 살았으시군요.,
04:34:09,16449.78,04:34:11,16451.78,UNKNOWN,이번엔 잘하네.,
04:34:11,16451.78,04:34:13,16453.78,UNKNOWN,이번엔 잘하네.,
04:34:13,16453.78,04:34:15,16455.78,UNKNOWN,아무도 없었어.,
04:34:20,16460.08,04:34:22,16462.08,UNKNOWN,일단 건너갈게.,
04:34:22,16462.08,04:34:34,16474.51,UNKNOWN,다들 각자 차 있나?,
04:34:34,16474.51,04:34:35,16475.51,UNKNOWN,다 같이 타야 되나?,
04:34:35,16475.51,04:34:36,16476.51,UNKNOWN,여기 새 차 하나 있어.,
04:34:36,16476.51,04:34:38,16478.51,UNKNOWN,새 차 있을 거예요.,
04:34:38,16478.51,04:34:40,16480.51,UNKNOWN,타시오.,
04:34:40,16480.51,04:34:41,16481.51,UNKNOWN,야르.,
04:34:41,16481.51,04:34:42,16482.51,UNKNOWN,야르.,
04:34:42,16482.51,04:34:43,16483.51,UNKNOWN,근데.,
04:34:43,16483.51,04:34:46,16486.51,UNKNOWN,이거 이�уж강하고유.,
04:34:46,16486.51,04:34:47,16487.51,UNKNOWN,아니.,
04:34:47,16487.51,04:34:48,16488.51,UNKNOWN,와.,
04:34:48,16488.51,04:34:50,16490.51,UNKNOWN,이렇게atted.,
04:34:50,16490.51,04:34:57,16497.51,UNKNOWN,원피스 뭐를 하는 거야.,
04:34:57,16497.51,04:35:03,16503.98,UNKNOWN,�omialなん금 쥬 wore 베 cutter 요거.,
04:35:03,16503.98,04:35:08,16508.98,UNKNOWN,어디가이해.,
04:35:08,16508.98,04:35:10,16510.98,UNKNOWN,형!,
04:35:10,16510.98,04:35:11,16511.98,UNKNOWN,얘가요?,
04:35:11,16511.98,04:35:12,16512.98,UNKNOWN,여기 있어?,
04:35:12,16512.98,04:35:13,16513.98,UNKNOWN,여기로 가ey어?,
04:35:13,16513.98,04:35:16,16516.98,UNKNOWN,아빠가 블루한테 어떻게 안오냐고,
04:35:16,16516.98,04:35:19,16519.98,UNKNOWN,뭘 자꾸 아빠래 너 누군데,
04:35:19,16519.98,04:35:21,16521.98,UNKNOWN,왜 자꾸 딸라고 하달래,
04:35:21,16521.98,04:35:23,16523.98,UNKNOWN,아니 누나,
04:35:23,16523.98,04:35:25,16525.98,UNKNOWN,말 안되는 얘기잖아 지금,
04:35:25,16525.98,04:35:27,16527.98,UNKNOWN,블루가 자식이 맞네,
04:35:27,16527.98,04:35:29,16529.98,UNKNOWN,뭘 응해 누군데,
04:35:29,16529.98,04:35:31,16531.98,UNKNOWN,자꾸,
04:35:31,16531.98,04:35:33,16533.98,UNKNOWN,이름 다 말해 아빠랑 관한 사람들,
04:35:33,16533.98,04:35:35,16535.98,UNKNOWN,아 아니 아니,
04:35:35,16535.98,04:35:37,16537.98,UNKNOWN,흐하하하하하하하,
04:35:37,16537.98,04:35:39,16539.98,UNKNOWN,몰랐네,
04:35:39,16539.98,04:35:41,16541.98,UNKNOWN,뭐 배율 남는거 없지,
04:35:41,16541.98,04:35:43,16543.98,UNKNOWN,어 아마 저거 열면 있을거 같기도 해,
04:35:43,16543.98,04:35:45,16545.98,UNKNOWN,오케이 오케이,
04:35:51,16551.58,04:35:53,16553.58,UNKNOWN,나도,
04:36:01,16561.58,04:36:03,16563.58,UNKNOWN,맞아,
04:36:03,16563.58,04:36:05,16565.58,UNKNOWN,바로 사망을 바사라고 하더라고,
04:36:05,16565.58,04:36:07,16567.58,UNKNOWN,하하하하하하하,
04:36:07,16567.58,04:36:09,16569.58,UNKNOWN,바사,
04:36:09,16569.58,04:36:11,16571.58,UNKNOWN,아씨가 없다,
04:36:11,16571.58,04:36:16,16576.3,UNKNOWN,맞었다,
04:36:16,16576.3,04:36:18,16578.3,UNKNOWN,앞에 있어,
04:36:18,16578.3,04:36:29,16589.14,UNKNOWN,개머리파,
04:36:29,16589.14,04:36:31,16591.14,UNKNOWN,어 뭐야 이거 깜짝이야,
04:36:31,16591.14,04:36:34,16594.96,UNKNOWN,저거 열면 템 나오,
04:36:34,16594.96,04:36:36,16596.96,UNKNOWN,어,
04:36:36,16596.96,04:36:38,16598.96,UNKNOWN,아주 라이트한 것들 들어있어,
04:36:38,16598.96,04:36:40,16600.96,UNKNOWN,가볼까,
04:36:40,16600.96,04:36:42,16602.96,UNKNOWN,여기도 개머리파는 없네,
04:36:44,16604.96,04:36:46,16606.96,UNKNOWN,던질거 많이 챙겨야겠다,
04:36:46,16606.96,04:36:50,16610.53,UNKNOWN,근데 초보신데 차 운전은,
04:36:50,16610.53,04:36:52,16612.53,UNKNOWN,더 잘 하시네요,
04:36:52,16612.53,04:36:54,16614.53,UNKNOWN,어 차야 뭐,
04:36:54,16614.53,04:36:56,16616.53,UNKNOWN,일단,
04:36:56,16616.53,04:36:58,16618.53,UNKNOWN,음,
04:36:58,16618.53,04:37:00,16620.53,UNKNOWN,저도 잘 본다고 생각하진 않아,
04:37:00,16620.53,04:37:02,16622.53,UNKNOWN,흐하하하하,
04:37:02,16622.53,04:37:10,16630.48,UNKNOWN,어 뭐야,
04:37:10,16630.48,04:37:12,16632.48,UNKNOWN,뭐야,
04:37:12,16632.48,04:37:16,16636.24,UNKNOWN,모양이 비슷하게 생기긴 했어요,
04:37:16,16636.24,04:37:18,16638.24,UNKNOWN,혹시 추정되면 덜이,
04:37:18,16638.24,04:37:20,16640.24,UNKNOWN,덤벨을 벗기긴 할까,
04:37:20,16640.24,04:37:22,16642.24,UNKNOWN,흐하하하하,
04:37:22,16642.24,04:37:24,16644.24,UNKNOWN,그런거 같은데,
04:37:24,16644.24,04:37:26,16646.24,UNKNOWN,아 그니까 빨리 생길때 들고 갔나봐,
04:37:26,16646.24,04:37:28,16648.24,UNKNOWN,아 동수가 벗었어?,
04:37:28,16648.24,04:37:30,16650.24,UNKNOWN,어 그럼,
04:37:30,16650.24,04:37:32,16652.24,UNKNOWN,나 완전 너만 따라갈게,
04:37:32,16652.24,04:37:34,16654.24,UNKNOWN,아니야 아니야,
04:37:34,16654.24,04:37:36,16656.24,UNKNOWN,나 다음에 또 도와드리겠다,
04:37:36,16656.24,04:37:38,16658.24,UNKNOWN,윈이 미리 넣었어 트렁크에,
04:37:38,16658.24,04:37:40,16660.24,UNKNOWN,응,
04:37:40,16660.24,04:37:42,16662.24,UNKNOWN,빨리 먹어,
04:37:42,16662.24,04:37:44,16664.24,UNKNOWN,아 추장님 빨리,
04:37:44,16664.24,04:37:46,16666.24,UNKNOWN,아 별거 아니야,
04:37:46,16666.24,04:37:48,16668.24,UNKNOWN,아 별거 아니야,
04:37:48,16668.24,04:37:50,16670.24,UNKNOWN,아 별거 아니야,
04:37:50,16670.24,04:37:52,16672.24,UNKNOWN,아이참,
04:37:52,16672.24,04:37:54,16674.24,UNKNOWN,아이참,
04:37:54,16674.24,04:37:56,16676.24,UNKNOWN,내가 이걸로 킹 많이 해봐야겠네,
04:37:56,16676.24,04:37:58,16678.24,UNKNOWN,그래,
04:37:58,16678.24,04:38:00,16680.24,UNKNOWN,아 생각보다 멀다,
04:38:00,16680.24,04:38:02,16682.24,UNKNOWN,우리 좀 멀리 왔어,
04:38:02,16682.24,04:38:04,16684.24,UNKNOWN,그 피,
04:38:04,16684.24,04:38:06,16686.24,UNKNOWN,손님들 와가지고,
04:38:06,16686.24,04:38:08,16688.24,UNKNOWN,essa,
04:38:08,16688.24,04:38:12,16692.22,UNKNOWN,한 방에,
04:38:12,16692.22,04:38:14,16694.22,UNKNOWN,거절 안 한다 이런거,
04:38:14,16694.22,04:38:17,16697.92,UNKNOWN,흐하하하하,
04:38:17,16697.92,04:38:19,16699.92,UNKNOWN,안 받으려 했는데,
04:38:19,16699.92,04:38:21,16701.92,UNKNOWN,블루도 한마디 건들기,
04:38:21,16701.92,04:38:23,16703.92,UNKNOWN,아이고 선배님이 또,
04:38:23,16703.92,04:38:25,16705.92,UNKNOWN,써줘야지 이게,
04:38:25,16705.92,04:38:27,16707.92,UNKNOWN,근데 아이고,
04:38:27,16707.92,04:38:29,16709.92,UNKNOWN,나 없고 궁금한 일이 있어야 되는데,
04:38:29,16709.92,04:38:31,16711.92,UNKNOWN,아아,
04:38:31,16711.92,04:38:34,16714.8,UNKNOWN,내가 내가,
04:38:34,16714.8,04:38:36,16716.96,UNKNOWN,내가 그거 타줄텐데,
04:38:36,16716.96,04:38:38,16718.96,UNKNOWN,잘 따라가고 있어,
04:38:38,16718.96,04:38:40,16720.28,UNKNOWN,다는 말이긴 해,
04:38:40,16720.28,04:38:41,16721.92,UNKNOWN,우리 레바형,
04:38:41,16721.92,04:38:43,16723.92,UNKNOWN,따뜻한 사람 옆에 붙어있어야 돼요,
04:38:46,16726.0,04:38:49,16729.34,UNKNOWN,근데 저 옆자리엔 또 주인이 있으니까 우리가 함부로 탈 수가 없구,
04:38:49,16729.34,04:38:51,16731.34,UNKNOWN,ㅋㅋㅋㅋㅋㅋㅋㅋㅋ,
04:38:51,16731.34,04:38:53,16733.34,UNKNOWN,사람은 차가우면 이거,
04:38:53,16733.34,04:38:55,16735.34,UNKNOWN,오오오오,
04:38:55,16735.34,04:38:56,16736.7,UNKNOWN,주인 정해진 거야,
04:38:56,16736.7,04:38:58,16738.7,UNKNOWN,우리 울루 옆자리에도 안 앉잖아,
04:38:58,16738.7,04:39:00,16740.7,UNKNOWN,아우 그러네,
04:39:00,16740.7,04:39:02,16742.7,UNKNOWN,뭐야 택시야?,
04:39:02,16742.7,04:39:04,16744.7,UNKNOWN,울루야 너 옆자리도 냅뒀다,
04:39:06,16746.02,04:39:08,16748.02,UNKNOWN,누구 태우는데?,
04:39:08,16748.96,04:39:10,16750.96,UNKNOWN,진짜 어이없어,
04:39:10,16750.96,04:39:12,16752.96,UNKNOWN,자 어디로 들어?,
04:39:12,16752.96,04:39:14,16754.96,UNKNOWN,일단 쭉 들어갈게요,
04:39:14,16754.96,04:39:16,16756.96,UNKNOWN,어디보자,
04:39:16,16756.96,04:39:20,16760.43,UNKNOWN,저 차소리,
04:39:20,16760.43,04:39:24,16764.74,UNKNOWN,쏠 준비,
04:39:24,16764.74,04:39:33,16773.14,UNKNOWN,바퀴 다트려 버려,
04:39:33,16773.14,04:39:35,16775.14,UNKNOWN,애미사고다 안된다,
04:39:37,16777.14,04:39:41,16781.79,UNKNOWN,도망쳐?,
04:39:41,16781.79,04:39:43,16783.79,UNKNOWN,여기 산을 한번 쓰죠 저희는,
04:39:53,16793.86,04:39:55,16795.86,UNKNOWN,안 그래도 독갱이 챙겨서,
04:39:55,16795.86,04:39:57,16797.86,UNKNOWN,와아,
04:39:57,16797.86,04:39:59,16799.86,UNKNOWN,요즘 메타를 잘 하시네,
04:39:59,16799.86,04:40:01,16801.86,UNKNOWN,좋은데? 준비된 남자 좋은데?,
04:40:01,16801.86,04:40:03,16803.86,UNKNOWN,난 항상 준비되어 있지,
04:40:03,16803.86,04:40:05,16805.86,UNKNOWN,혹시 결혼도 준비되어 있으신가요?,
04:40:05,16805.86,04:40:07,16807.86,UNKNOWN,있을 거 다 있긴 해요,
04:40:07,16807.86,04:40:09,16809.86,UNKNOWN,아 이제 못 나오면 된다?,
04:40:09,16809.86,04:40:11,16811.86,UNKNOWN,약간?,
04:40:11,16811.86,04:40:13,16813.86,UNKNOWN,많은 말이긴 해,
04:40:13,16813.86,04:40:15,16815.86,UNKNOWN,그 생각해보니까 그러네,
04:40:15,16815.86,04:40:17,16817.86,UNKNOWN,결혼하는데 뭐 필요하지?,
04:40:17,16817.86,04:40:22,16822.64,UNKNOWN,사랑,
04:40:22,16822.64,04:40:24,16824.64,UNKNOWN,오오 아주 낭만적인 정답인데요,
04:40:24,16824.64,04:40:31,16831.63,UNKNOWN,내가 어제 유튜브에다가,
04:40:31,16831.63,04:40:33,16833.63,UNKNOWN,내가 어제 유튜브에다가,
04:40:33,16833.63,04:40:35,16835.63,UNKNOWN,레바형이랑 합방할 사람,
04:40:35,16835.63,04:40:37,16837.63,UNKNOWN,누구를 해야될까요? 이러면서,
04:40:37,16837.63,04:40:39,16839.63,UNKNOWN,설문 받았었는데,
04:40:39,16839.63,04:40:41,16841.63,UNKNOWN,나 그거 봤거든 게시물,
04:40:41,16841.63,04:40:43,16843.63,UNKNOWN,댓글을,
04:40:43,16843.63,04:40:45,16845.63,UNKNOWN,저를 추천합니다,
04:40:45,16845.63,04:40:47,16847.63,UNKNOWN,왜?,
04:40:47,16847.63,04:40:49,16849.63,UNKNOWN,아니 재밌을 것 같았어,
04:40:51,16851.63,04:40:53,16853.63,UNKNOWN,근데 거기에,
04:40:53,16853.63,04:40:55,16855.63,UNKNOWN,일단 스텔 라이브분들이 있었고,
04:40:55,16855.63,04:40:57,16857.63,UNKNOWN,그리고 레바님,
04:40:57,16857.63,04:40:59,16859.63,UNKNOWN,내가 잘 모르는데 이오몽님?,
04:40:59,16859.63,04:41:01,16861.63,UNKNOWN,아 오몽님,
04:41:01,16861.63,04:41:03,16863.63,UNKNOWN,오몽님을 데려와 달라,
04:41:03,16863.63,04:41:05,16865.63,UNKNOWN,이 댓글이,
04:41:05,16865.63,04:41:07,16867.63,UNKNOWN,저 진짜 렛고 다니는데 이 오몽님을 꼭 불러야 합니다,
04:41:07,16867.63,04:41:09,16869.63,UNKNOWN,라고 댓글이,
04:41:09,16869.63,04:41:11,16871.63,UNKNOWN,아 오몽님 좋아하세요?,
04:41:11,16871.63,04:41:13,16873.63,UNKNOWN,오몽님 어 되게,
04:41:13,16873.63,04:41:15,16875.63,UNKNOWN,어 팬이시구나,
04:41:15,16875.63,04:41:17,16877.63,UNKNOWN,그쵸,
04:41:17,16877.63,04:41:19,16879.63,UNKNOWN,웃기긴 해 오몽님 진짜 재밌긴 해,
04:41:19,16879.63,04:41:21,16881.63,UNKNOWN,어 근데 또 뭐 있더라,
04:41:21,16881.63,04:41:23,16883.63,UNKNOWN,부부님 합방 많이 해보셨어요? 오몽님이랑?,
04:41:23,16883.63,04:41:25,16885.63,UNKNOWN,오몽님이랑요?,
04:41:25,16885.63,04:41:27,16887.63,UNKNOWN,네,
04:41:27,16887.63,04:41:29,16889.63,UNKNOWN,글쎄요 따로,
04:41:29,16889.63,04:41:31,16891.63,UNKNOWN,잠깐만 오몽님하고 원래,
04:41:31,16891.63,04:41:33,16893.63,UNKNOWN,그림합방 출진하려고 했는데 좀,
04:41:33,16893.63,04:41:35,16895.63,UNKNOWN,잊혀져 버렸네,
04:41:35,16895.63,04:41:37,16897.63,UNKNOWN,뭐라고?,
04:41:39,16899.63,04:41:41,16901.63,UNKNOWN,오몽님도 배그를 하시니까,
04:41:41,16901.63,04:41:43,16903.63,UNKNOWN,제일 맞는건 백곰파님이긴 했네,
04:41:43,16903.63,04:41:45,16905.63,UNKNOWN,너가 굴린,
04:41:45,16905.63,04:41:47,16907.63,UNKNOWN,너가 시작한 이야기잖아 그건,
04:41:47,16907.63,04:41:49,16909.63,UNKNOWN,내가 시작했다니,
04:41:49,16909.63,04:41:51,16911.63,UNKNOWN,둘이 같이 던파할때부터 알아봤어,
04:41:51,16911.63,04:41:53,16913.63,UNKNOWN,던파가 문제야?,
04:41:53,16913.63,04:41:55,16915.63,UNKNOWN,나 안그래도 다음주인가 다다음주,
04:41:55,16915.63,04:41:57,16917.63,UNKNOWN,제주도 가야된대,
04:41:57,16917.63,04:41:59,16919.63,UNKNOWN,내 어플 가져,
04:41:59,16919.63,04:42:01,16921.63,UNKNOWN,응,
04:42:01,16921.63,04:42:03,16923.63,UNKNOWN,던파 회사가 제주도에 있거든,
04:42:03,16923.63,04:42:05,16925.63,UNKNOWN,아,
04:42:05,16925.63,04:42:09,16929.81,UNKNOWN,제주도 이런거 진짜 낭만인데,
04:42:09,16929.81,04:42:11,16931.81,UNKNOWN,근데 거기 진짜,
04:42:11,16931.81,04:42:13,16933.81,UNKNOWN,외향인 직원들은 진짜,
04:42:13,16933.81,04:42:15,16935.81,UNKNOWN,그 세상에 갇힌듯한,
04:42:15,16935.81,04:42:19,16939.15,UNKNOWN,기분이던데,
04:42:19,16939.15,04:42:21,16941.15,UNKNOWN,내향인들은 되게 진짜 천국처럼 느끼고,
04:42:21,16941.15,04:42:23,16943.15,UNKNOWN,아 하긴 그렇겠다 맞네,
04:42:23,16943.15,04:42:25,16945.15,UNKNOWN,친구들이 딴데 있으니까,
04:42:25,16945.15,04:42:27,16947.15,UNKNOWN,음,
04:42:27,16947.15,04:42:29,16949.15,UNKNOWN,또 만나러 가야되려면,
04:42:29,16949.15,04:42:31,16951.15,UNKNOWN,비행기를 타주니까 쉽지 않지,
04:42:31,16951.15,04:42:33,16953.15,UNKNOWN,그러니까,
04:42:33,16953.15,04:42:35,16955.15,UNKNOWN,곰파님 제주도 자주 가던데,
04:42:35,16955.15,04:42:37,16957.15,UNKNOWN,던파 때문인지 몰라도,
04:42:41,16961.15,04:42:43,16963.15,UNKNOWN,갑자기 휴방 잡히는거 아니야?,
04:42:43,16963.15,04:42:45,16965.15,UNKNOWN,그날 휴방이면 의심할게,
04:42:50,16970.93,04:42:52,16972.93,UNKNOWN,회사에 두명 끊어달라고 할까?,
04:42:52,16972.93,04:43:04,16984.24,UNKNOWN,오면 쏴버려,
04:43:07,16987.78,04:43:15,16995.63,UNKNOWN,아니 이 사람 땀을 왜 이렇게,
04:43:15,16995.63,04:43:17,16997.63,UNKNOWN,계속 땀 많아,
04:43:17,16997.63,04:43:19,16999.63,UNKNOWN,어제 뭔 잠겨서 할게 없어서,
04:43:19,16999.63,04:43:21,17001.63,UNKNOWN,재밌게 마인클 타는 기분이긴해,
04:43:23,17003.63,04:43:25,17005.63,UNKNOWN,오늘도,
04:43:25,17005.63,04:43:27,17007.63,UNKNOWN,아 나 개미는,
04:43:27,17007.63,04:43:29,17009.63,UNKNOWN,또 누구있지?,
04:43:29,17009.63,04:43:31,17011.63,UNKNOWN,오늘도,
04:43:31,17011.63,04:43:33,17013.63,UNKNOWN,오 아주 깊게 팠어,
04:43:33,17013.63,04:43:35,17015.63,UNKNOWN,일을 하네,
04:43:35,17015.63,04:43:39,17019.2,UNKNOWN,아,
04:43:39,17019.2,04:43:41,17021.2,UNKNOWN,근데 가야되 또,
04:43:41,17021.2,04:43:43,17023.2,UNKNOWN,원치였어? 아,
04:43:43,17023.2,04:43:45,17025.2,UNKNOWN,이따 원 잠길때 여기 쓱,
04:43:45,17025.2,04:43:47,17027.2,UNKNOWN,가서 자리 먹자,
04:43:47,17027.2,04:44:03,17043.25,UNKNOWN,그래,
04:44:03,17043.25,04:44:05,17045.25,UNKNOWN,그러면 잠시만,
04:44:05,17045.25,04:44:07,17047.25,UNKNOWN,와 욕조다,
04:44:07,17047.25,04:44:09,17049.25,UNKNOWN,왜 잠시만이야?,
04:44:09,17049.25,04:44:11,17051.25,UNKNOWN,여기 들어가면 자리가 좀 애매할거 같아,
04:44:11,17051.25,04:44:13,17053.25,UNKNOWN,햄,
04:44:13,17053.25,04:44:15,17055.25,UNKNOWN,너의 의견을 따를게,
04:44:15,17055.25,04:44:17,17057.25,UNKNOWN,여기,
04:44:17,17057.25,04:44:19,17059.25,UNKNOWN,거기?,
04:44:19,17059.25,04:44:21,17061.25,UNKNOWN,거기 바로 옆에 집있잖아,
04:44:21,17061.25,04:44:23,17063.25,UNKNOWN,그니까 닦으면 돼,
04:44:23,17063.25,04:44:25,17065.25,UNKNOWN,오오오오 자신감 보여,
04:44:25,17065.25,04:44:27,17067.25,UNKNOWN,맞는말이긴 해,
04:44:27,17067.25,04:44:29,17069.25,UNKNOWN,아니 부모님이 닦아줄거에요,
04:44:29,17069.25,04:44:31,17071.25,UNKNOWN,아 뭐?,
04:44:31,17071.25,04:44:33,17073.25,UNKNOWN,아 그래?,
04:44:33,17073.25,04:44:35,17075.25,UNKNOWN,"나 산, 산 능몬",
04:44:35,17075.25,04:44:37,17077.25,UNKNOWN,많이 가긴하구,
04:44:37,17077.25,04:44:39,17079.25,UNKNOWN,난 집을 가야되네,
04:44:39,17079.25,04:44:44,17084.19,UNKNOWN,중앙까지 밀어서 중앙까지 다가와서 또 곡괭이질 해도 될 것 같기도 하고,
04:44:44,17084.19,04:44:44,17084.93,UNKNOWN,좋다 좋다,
04:44:44,17084.93,04:44:45,17085.43,UNKNOWN,좋은데?,
04:44:45,17085.43,04:44:46,17086.43,UNKNOWN,차 바꿔줄게,
04:44:48,17088.43,04:44:50,17090.43,UNKNOWN,가볼까?,
04:44:50,17090.43,04:44:52,17092.43,UNKNOWN,아마 집쪽인 것 같은데,
04:44:52,17092.43,04:44:55,17095.77,UNKNOWN,아직 거기 살짝 애매하긴 하다,
04:44:55,17095.77,04:44:57,17097.77,UNKNOWN,조금만 더 전 구울게,
04:44:57,17097.77,04:44:59,17099.77,UNKNOWN,오케이,
04:44:59,17099.77,04:45:01,17101.77,UNKNOWN,원 줄 한 20초만 전 구울게,
04:45:01,17101.77,04:45:03,17103.77,UNKNOWN,원 줄 때 가야되니까,
04:45:04,17104.77,04:45:06,17106.77,UNKNOWN,여기 와서 전 굽는거야?,
04:45:06,17106.77,04:45:13,17113.77,UNKNOWN,근데 궁금한게 이거 차 창문이 작은 차로 바꾸면 맞는 반경도 작아져?,
04:45:13,17113.77,04:45:15,17115.77,UNKNOWN,어 맞긴 해,
04:45:15,17115.77,04:45:21,17121.77,UNKNOWN,그래가지고 처음에 페이투윈이라고 욕뒤지게 먹었다가 프레임이 뚫리기 시작하면서 좀 괜찮아졌어,
04:45:21,17121.77,04:45:22,17122.77,UNKNOWN,오 그렇구나,
04:45:22,17122.77,04:45:24,17124.77,UNKNOWN,원래는 안 뚫렸었거든,
04:45:24,17124.77,04:45:25,17125.77,UNKNOWN,저요?,
04:45:25,17125.77,04:45:26,17126.77,UNKNOWN,어?,
04:45:26,17126.77,04:45:28,17128.77,UNKNOWN,저 진짜로 안좋아요,
04:45:28,17128.77,04:45:29,17129.77,UNKNOWN,옙,
04:45:30,17130.77,04:45:32,17132.77,UNKNOWN,본파님이 어떻게 생각하시겠어요?,
04:45:33,17133.77,04:45:35,17135.77,UNKNOWN,친구라고 생각했는데,
04:45:35,17135.77,04:45:36,17136.77,UNKNOWN,본파님은 내가,
04:45:36,17136.77,04:45:38,17138.77,UNKNOWN,후축 잡고 핥아먹으니까,
04:45:38,17138.77,04:45:40,17140.77,UNKNOWN,나도 그 똑같이 핥아먹을게,
04:45:42,17142.77,04:45:47,17147.49,UNKNOWN,나 잡고 후축,
04:45:47,17147.49,04:45:54,17154.32,UNKNOWN,어 오른쪽,
04:45:54,17154.32,04:45:56,17156.32,UNKNOWN,이 자리도 합도네,
04:45:56,17156.32,04:45:59,17159.88,UNKNOWN,저쪽 갈게요,
04:45:59,17159.88,04:46:00,17160.88,UNKNOWN,저쪽에 차있는거,
04:46:00,17160.88,04:46:05,17165.2,UNKNOWN,여기 언덕에 자리 쓸만한 데가 있나?,
04:46:06,17166.2,04:46:08,17168.2,UNKNOWN,여기 좀 괜찮을지도?,
04:46:10,17170.2,04:46:11,17171.2,UNKNOWN,여기 괜찮은데 여기,
04:46:13,17173.2,04:46:15,17175.2,UNKNOWN,왼쪽에 차있는거 좀 신경써야될 것 같고,
04:46:15,17175.2,04:46:23,17183.5,UNKNOWN,자리 써보죠,
04:46:23,17183.5,04:46:24,17184.5,UNKNOWN,예,
04:46:24,17184.5,04:46:25,17185.5,UNKNOWN,또 팡,
04:46:26,17186.5,04:46:27,17187.5,UNKNOWN,바퀴 안터지게,
04:46:27,17187.5,04:46:33,17193.91,UNKNOWN,형님,
04:46:33,17193.91,04:46:34,17194.91,UNKNOWN,뒤로 뒤로 뒤로 뒤로 뒤로,
04:46:34,17194.91,04:46:35,17195.91,UNKNOWN,아,
04:46:35,17195.91,04:46:37,17197.91,UNKNOWN,아 리본님이 내 발 발 터질래,
04:46:39,17199.91,04:46:41,17201.91,UNKNOWN,옆 파란색핑 지붕에 있다,
04:46:42,17202.91,04:46:44,17204.91,UNKNOWN,파란핑 지붕 확인,
04:46:44,17204.91,04:46:46,17206.91,UNKNOWN,어이 또 튀었네 1번,
04:46:46,17206.91,04:46:48,17208.91,UNKNOWN,이따 1번 쪽 쓰,
04:46:48,17208.91,04:46:50,17210.91,UNKNOWN,일단 땅 파,
04:46:50,17210.91,04:46:51,17211.91,UNKNOWN,뭐 할 것,
04:46:51,17211.91,04:46:52,17212.91,UNKNOWN,일단 일단 땅을,
04:47:12,17232.92,04:47:17,17237.47,UNKNOWN,한 대,
04:47:17,17237.47,04:47:19,17239.47,UNKNOWN,이따가 3번 자리에 한 번 쓰는걸로 하고,
04:47:19,17239.47,04:47:20,17240.47,UNKNOWN,한 대,
04:47:20,17240.47,04:47:22,17242.47,UNKNOWN,오오오오오,
04:47:22,17242.47,04:47:25,17245.2,UNKNOWN,어 뭐야,
04:47:25,17245.2,04:47:26,17246.2,UNKNOWN,어 뭐야,
04:47:26,17246.2,04:47:27,17247.2,UNKNOWN,새것도 잘 안 눕네,
04:47:27,17247.2,04:47:31,17251.47,UNKNOWN,원래 머리 맞아야 맞아,
04:47:38,17258.44,04:47:40,17260.44,UNKNOWN,머리 맞아야 맞아 그럼 무슨 말이야,
04:47:40,17260.44,04:47:41,17261.44,UNKNOWN,맞는 말인데,
04:47:41,17261.44,04:47:43,17263.44,UNKNOWN,아 머리 맞아야 죽어,
04:47:45,17265.44,04:47:46,17266.44,UNKNOWN,움직인다,
04:47:46,17266.44,04:47:48,17268.44,UNKNOWN,1번 쪽 자리 또 써볼게,
04:47:50,17270.44,04:47:51,17271.44,UNKNOWN,천천히 해 천천히,
04:47:51,17271.44,04:47:52,17272.44,UNKNOWN,아직 괜찮아,
04:47:52,17272.44,04:47:57,17277.03,UNKNOWN,근데 이쪽에 왜 사람이 없지?,
04:47:57,17277.03,04:47:58,17278.03,UNKNOWN,이상하네,
04:47:58,17278.03,04:48:00,17280.03,UNKNOWN,파만 세우고 있나?,
04:48:00,17280.03,04:48:02,17282.03,UNKNOWN,저기 있을 것 같아 무서워서 못 쏘겠어,
04:48:03,17283.03,04:48:05,17285.03,UNKNOWN,같이 땅 파니까,
04:48:05,17285.03,04:48:06,17286.03,UNKNOWN,예 말씀하세요,
04:48:08,17288.03,04:48:11,17291.03,UNKNOWN,룩 입으신 거 레바님 취향이 반영된 건가요?,
04:48:11,17291.03,04:48:13,17293.03,UNKNOWN,이거 아 펭귄 옷이요?,
04:48:14,17294.03,04:48:15,17295.03,UNKNOWN,펭귄 옷이요?,
04:48:15,17295.03,04:48:17,17297.03,UNKNOWN,검은 전신 수트 쫄쫄인데요 그냥,
04:48:17,17297.03,04:48:20,17300.03,UNKNOWN,맞아요 이거 펭귄 머리까지 하면 펭귄 수트인데,
04:48:21,17301.03,04:48:23,17303.03,UNKNOWN,이거 블루가 입었길래 저도 입었어요,
04:48:23,17303.03,04:48:24,17304.03,UNKNOWN,세트로다가,
04:48:24,17304.03,04:48:26,17306.03,UNKNOWN,아 뭐야 블루님 취향이었어?,
04:48:26,17306.03,04:48:27,17307.03,UNKNOWN,그쵸 그쵸,
04:48:27,17307.03,04:48:28,17308.03,UNKNOWN,내 취향 괜찮긴 해,
04:48:28,17308.03,04:48:29,17309.03,UNKNOWN,어 어 뒤에 뒤에 뒤에 뒤에,
04:48:30,17310.03,04:48:31,17311.03,UNKNOWN,같이 있을 것 같더라,
04:48:32,17312.03,04:48:34,17314.03,UNKNOWN,그 하다가,
04:48:34,17314.03,04:48:35,17315.03,UNKNOWN,이쪽으로,
04:48:35,17315.03,04:48:38,17318.04,UNKNOWN,거기 자리 잡자,
04:48:40,17320.04,04:48:41,17321.04,UNKNOWN,이동,
04:48:44,17324.04,04:48:45,17325.04,UNKNOWN,저희도 가시죠,
04:48:47,17327.58,04:48:48,17328.58,UNKNOWN,다 때려 다 때려,
04:48:57,17337.84,04:48:59,17339.84,UNKNOWN,자기들 잠기면서 뛰어오는 거 잡으면 돼,
04:48:59,17339.84,04:49:14,17354.89,UNKNOWN,13명,
04:49:14,17354.89,04:49:15,17355.89,UNKNOWN,오른쪽 차,
04:49:15,17355.89,04:49:17,17357.89,UNKNOWN,서브 쏴서 죽여,
04:49:21,17361.84,04:49:23,17363.84,UNKNOWN,멀리 있는 거 다 쏘면 돼,
04:49:23,17363.84,04:49:24,17364.84,UNKNOWN,누구야,
04:49:24,17364.84,04:49:25,17365.84,UNKNOWN,누가 우리 쭌 형님 때려,
04:49:26,17366.84,04:49:28,17368.84,UNKNOWN,여기 돌 뒤에 힐링 시트,
04:49:28,17368.84,04:49:38,17378.27,UNKNOWN,아악,
04:49:38,17378.27,04:49:39,17379.27,UNKNOWN,아 까비,
04:49:39,17379.27,04:49:41,17381.27,UNKNOWN,어 또 드는 거 같은데 또,
04:49:50,17390.37,04:49:51,17391.37,UNKNOWN,아이씨,
04:49:51,17391.37,04:49:55,17395.0,UNKNOWN,사람들 잘 쏜다,
04:49:55,17395.0,04:49:56,17396.0,UNKNOWN,저도 많이 맞았어,
04:49:58,17398.0,04:50:01,17401.0,UNKNOWN,이제 어디 몇 명 안 남아서 고수들만 남았나 봐요,
04:50:01,17401.0,04:50:03,17403.0,UNKNOWN,우리 블루가 어떻게든 해줄 거야,
04:50:03,17403.0,04:50:04,17404.0,UNKNOWN,12명 못 가는데,
04:50:04,17404.0,04:50:07,17407.0,UNKNOWN,이따가 1번자리를 가야 될 것 같기도 해,
04:50:07,17407.0,04:50:11,17411.44,UNKNOWN,여기 왼쪽,
04:50:11,17411.44,04:50:13,17413.44,UNKNOWN,이걸 쏴도 돼 여기 있는 거?,
04:50:13,17413.44,04:50:14,17414.44,UNKNOWN,막 쏴도 돼 막 쏴도 돼,
04:50:14,17414.44,04:50:16,17416.7,UNKNOWN,하도래,
04:50:16,17416.7,04:50:26,17426.72,UNKNOWN,여기 엉덩이 대면 없다,
04:50:26,17426.72,04:50:31,17431.14,UNKNOWN,싸울 때 우리 저기 밀어버리고 싶기도 한데,
04:50:31,17431.14,04:50:32,17432.34,UNKNOWN,하도 안 되나?,
04:50:32,17432.34,04:50:34,17434.52,UNKNOWN,여기 맛있어 보이네,
04:50:34,17434.52,04:50:36,17436.64,UNKNOWN,되게 맛있어 보이네,
04:50:36,17436.64,04:50:38,17438.84,UNKNOWN,저 왼쪽 돌이랑,
04:50:38,17438.84,04:50:41,17441.9,UNKNOWN,1번 쪽 돌 쪽 갈 거에요,
04:50:41,17441.9,04:50:43,17443.14,UNKNOWN,차 타시고,
04:50:43,17443.14,04:50:46,17446.58,UNKNOWN,네,
04:50:46,17446.58,04:50:48,17448.78,UNKNOWN,오케이,
04:50:48,17448.78,04:50:56,17456.74,UNKNOWN,레츠고,
04:50:56,17456.74,04:50:58,17458.4,UNKNOWN,왼쪽에 둘 이상,
04:50:58,17458.4,04:51:04,17464.52,UNKNOWN,어 가는 길에 봤어,
04:51:04,17464.52,04:51:05,17465.64,UNKNOWN,일로 와 못 오게 하면 안 돼,
04:51:05,17465.64,04:51:22,17482.58,UNKNOWN,우리 이쪽 돌 먹자,
04:51:22,17482.58,04:51:24,17484.48,UNKNOWN,뭐야 술탄이야?,
04:51:24,17484.48,04:51:26,17486.8,UNKNOWN,아 뭐야 아 나 총이,
04:51:26,17486.8,04:51:29,17489.12,UNKNOWN,뒤에 있었어 뒤에,
04:51:29,17489.12,04:51:31,17491.1,UNKNOWN,여기 핑 찍은 쪽에 있었어,
04:51:31,17491.1,04:51:33,17493.0,UNKNOWN,이야 쌍놈 없네,
04:51:33,17493.0,04:51:40,17500.26,UNKNOWN,이야 술탄 살벌하게 들어온다,
04:51:40,17500.26,04:51:42,17502.22,UNKNOWN,왼쪽을 좀 더 밀었어야 됐다,
04:51:42,17502.22,04:51:42,17502.82,UNKNOWN,까비 까비,
04:51:42,17502.82,04:51:44,17504.84,UNKNOWN,그래도 3등도 잘했어,
04:51:44,17504.84,04:51:48,17508.28,UNKNOWN,잘했어 잘했어,
04:51:48,17508.28,04:51:48,17508.78,UNKNOWN,첫 판 나왔네,
04:51:48,17508.78,04:51:50,17510.24,UNKNOWN,나쁘지 않은데?,
04:51:50,17510.24,04:51:51,17511.36,UNKNOWN,좋은데 좋은데?,
04:51:51,17511.36,04:51:52,17512.14,UNKNOWN,좋은데 좋은데,
04:51:52,17512.14,04:51:54,17514.48,UNKNOWN,갑자기 뒤를 도니까 3명이 누워있어,
04:51:54,17514.48,04:51:55,17515.78,UNKNOWN,하하하하하하,
04:51:55,17515.78,04:51:59,17519.58,UNKNOWN,"아니 술탄 하나에 한 2, 3명이 한꺼번에 누웠어",
04:51:59,17519.58,04:52:01,17521.02,UNKNOWN,잘했어 잘했어,
04:52:01,17521.02,04:52:04,17524.4,UNKNOWN,이래서 원이 줄어들수록 술탄이 중요한 것이지,
04:52:04,17524.4,04:52:05,17525.78,UNKNOWN,와 디비양 1등 했어,
04:52:05,17525.78,04:52:07,17527.4,UNKNOWN,내가 지금 1등이신데?,
04:52:07,17527.4,04:52:08,17528.62,UNKNOWN,굉장히,
04:52:08,17528.62,04:52:09,17529.84,UNKNOWN,고수 고수,
04:52:09,17529.84,04:52:12,17532.16,UNKNOWN,고수잖아,
04:52:12,17532.16,04:52:15,17535.32,UNKNOWN,이렇게 잘하는데 왜 배그 저거 맨날 해야지,
04:52:15,17535.32,04:52:17,17537.96,UNKNOWN,하하하하하하하,
04:52:17,17537.96,04:52:18,17538.74,UNKNOWN,나도 자주 해서,
04:52:18,17538.78,04:52:21,17541.74,UNKNOWN,막 진짜 그 쥬키니님처럼 막 하는 게,
04:52:21,17541.74,04:52:24,17544.76,UNKNOWN,나름 로망인데 안 되더라고,
04:52:24,17544.76,04:52:26,17546.24,UNKNOWN,으흠,
04:52:26,17546.24,04:52:30,17550.24,UNKNOWN,쥬키니님은 일단 너무 잘하긴 하죠,
04:52:30,17550.24,04:52:34,17554.48,UNKNOWN,아니 되게 되게 엄청 다채롭게 하시잖아요,
04:52:34,17554.48,04:52:35,17555.48,UNKNOWN,맞아 맞아,
04:52:35,17555.48,04:52:37,17557.5,UNKNOWN,근데 그 사람 총 진짜 잘 쐈는데,
04:52:37,17557.5,04:52:38,17558.54,UNKNOWN,막상 유튜브 보면,
04:52:38,17558.54,04:52:41,17561.7,UNKNOWN,총 쏘는 걸 많이 못 봤어,
04:52:41,17561.7,04:52:43,17563.78,UNKNOWN,맨날 이상한 짓 하고 있어,
04:52:43,17563.78,04:52:46,17566.08,UNKNOWN,일단 내렸으면 3백 9,
04:52:46,17566.08,04:52:47,17567.9,UNKNOWN,4백 9는 언니 그 차로 죽여야지 그래?,
04:52:47,17567.9,04:52:48,17568.62,UNKNOWN,그 차로 죽여야지 그래?,
04:52:48,17568.62,04:52:48,17568.76,UNKNOWN,응 그 차로 죽여야지 그래?,
04:52:48,17568.78,04:52:50,17570.9,UNKNOWN,그러니까 총을 쏴서 1등하는 것 보다,
04:52:50,17570.9,04:52:52,17572.72,UNKNOWN,수류탄으로 1등하는 게 더 많더라고요,
04:52:52,17572.72,04:52:53,17573.02,UNKNOWN,맞아요,
04:52:53,17573.02,04:52:55,17575.58,UNKNOWN,그렇게 해도 1등하더라,
04:52:55,17575.58,04:52:57,17577.86,UNKNOWN,돌잡이 총 미션 썸네일 진짜 개웃기지 않아?,
04:53:00,17580.12,04:53:00,17580.88,UNKNOWN,한두 개 아니던데,
04:53:00,17580.88,04:53:03,17583.78,UNKNOWN,처음 본 총으로 1등하기,
04:53:03,17583.78,04:53:04,17584.68,UNKNOWN,이런데,
04:53:04,17584.68,04:53:06,17586.5,UNKNOWN,앞에 그거 있어,
04:53:06,17586.5,04:53:07,17587.58,UNKNOWN,폴레오건 있어,
04:53:07,17587.58,04:53:10,17590.1,UNKNOWN,썸네일 잘 만들었더라,
04:53:10,17590.1,04:53:10,17590.92,UNKNOWN,저도 본 적 있어요,
04:53:10,17590.92,04:53:13,17593.06,UNKNOWN,썸네일 진짜 웃겨 그치,
04:53:13,17593.06,04:53:16,17596.4,UNKNOWN,처음 본 총으로 치킨 먹기,
04:53:16,17596.4,04:53:18,17598.76,UNKNOWN,태이고는 어디로 가나,
04:53:18,17598.76,04:53:20,17600.48,UNKNOWN,아 방금,
04:53:20,17600.48,04:53:21,17601.7,UNKNOWN,전판도 태이고였지,
04:53:21,17601.7,04:53:22,17602.82,UNKNOWN,맞아요,
04:53:22,17602.82,04:53:24,17604.86,UNKNOWN,맞아요,
04:53:24,17604.86,04:53:27,17607.8,UNKNOWN,나는 그냥 파밍 잘 된 곳 쪽 가는 편이긴 해,
04:53:27,17607.8,04:53:29,17609.7,UNKNOWN,그래서 이쪽을 찍은 거긴 해,
04:53:29,17609.7,04:53:32,17612.02,UNKNOWN,머릿속에,
04:53:32,17612.02,04:53:33,17613.78,UNKNOWN,다른 생각이 있으면,
04:53:33,17613.78,04:53:35,17615.72,UNKNOWN,팀원 따라가기 키가 뭐였지,
04:53:35,17615.72,04:53:37,17617.88,UNKNOWN,맵 눌러서 왼쪽 아래에,
04:53:37,17617.88,04:53:38,17618.82,UNKNOWN,카산 버튼 누르면 돼,
04:53:38,17618.82,04:53:39,17619.7,UNKNOWN,아 오케이,
04:53:39,17619.7,04:53:43,17623.34,UNKNOWN,주연아 마저 얘기해줄래,
04:53:43,17623.34,04:53:44,17624.7,UNKNOWN,매번 까먹어,
04:53:44,17624.7,04:53:47,17627.22,UNKNOWN,머릿속에 다른 사람이 있으면 무슨 맵 했는지,
04:53:47,17627.22,04:53:48,17628.4,UNKNOWN,잊을 수도 있지 라고 했어,
04:53:48,17628.4,04:53:48,17628.52,UNKNOWN,아,
04:53:48,17628.52,04:53:48,17628.64,UNKNOWN,아,
04:53:48,17628.64,04:53:48,17628.66,UNKNOWN,아,
04:53:48,17628.66,04:53:48,17628.7,UNKNOWN,아,
04:53:48,17628.7,04:53:48,17628.72,UNKNOWN,아,
04:53:48,17628.72,04:53:48,17628.74,UNKNOWN,아,
04:53:48,17628.74,04:53:48,17628.76,UNKNOWN,아,
04:53:48,17628.76,04:53:49,17629.46,UNKNOWN,I,
04:53:49,17629.46,04:53:49,17629.48,UNKNOWN,아,
04:53:49,17629.48,04:53:49,17629.5,UNKNOWN,아,
04:53:49,17629.5,04:53:49,17629.52,UNKNOWN,아,
04:53:49,17629.52,04:53:49,17629.56,UNKNOWN,아,
04:53:49,17629.56,04:53:49,17629.6,UNKNOWN,아,
04:53:49,17629.6,04:53:50,17630.5,UNKNOWN,아,
04:53:50,17630.5,04:53:50,17630.98,UNKNOWN,아,
04:53:50,17630.98,04:53:51,17631.26,UNKNOWN,우와,
04:53:51,17631.26,04:53:53,17633.54,UNKNOWN,이사이로 억결 가는 걸 본다고,
04:53:53,17633.54,04:53:53,17633.68,UNKNOWN,와,
04:53:53,17633.68,04:53:56,17636.0,UNKNOWN,근데 이건 나도 감탄했어,
04:53:56,17636.0,04:53:56,17636.88,UNKNOWN,이건 재능,
04:53:56,17636.88,04:53:58,17638.48,UNKNOWN,이건 재능이다,
04:53:58,17638.48,04:54:01,17641.54,UNKNOWN,나도 나를 한 억결한다 생각했는데,
04:54:01,17641.54,04:54:04,17644.72,UNKNOWN,와 주연이 앞에서 맵을 본 줄 알겠네,
04:54:04,17644.72,04:54:06,17646.2,UNKNOWN,대단하네 대단해,
04:54:06,17646.2,04:54:07,17647.52,UNKNOWN,대단하잖아,
04:54:07,17647.52,04:54:09,17649.2,UNKNOWN,그래서 누군데,
04:54:09,17649.2,04:54:11,17651.36,UNKNOWN,내 말에 그녀는 도대체 누구냐고,
04:54:11,17651.36,04:54:12,17652.14,UNKNOWN,누구야 누구야,
04:54:12,17652.14,04:54:13,17653.04,UNKNOWN,아 누굴까,
04:54:13,17653.04,04:54:13,17653.76,UNKNOWN,마음인 사람이 누구냐고,
04:54:14,17654.28,04:54:15,17655.04,UNKNOWN,누구예요 누구예요,
04:54:15,17655.04,04:54:16,17656.12,UNKNOWN,진심을 얘기해,
04:54:16,17656.12,04:54:17,17657.08,UNKNOWN,너무 많은데,
04:54:17,17657.08,04:54:18,17658.02,UNKNOWN,진심을 얘기해,
04:54:18,17658.02,04:54:18,17658.72,UNKNOWN,너무 많아,
04:54:18,17658.72,04:54:21,17661.64,UNKNOWN,아 이 잘생긴 놈은,
04:54:21,17661.64,04:54:24,17664.74,UNKNOWN,얼굴값 한다 이거지,
04:54:24,17664.74,04:54:28,17668.86,UNKNOWN,아유 뭐 괜찮아 방송으로는 대여를 하는 거야,
04:54:28,17668.86,04:54:31,17671.34,UNKNOWN,난 만인의 연인이 되기로 했어,
04:54:31,17671.34,04:54:35,17675.5,UNKNOWN,제가 최근에 명언을 하나 했어요 만들었어요,
04:54:35,17675.5,04:54:36,17676.12,UNKNOWN,어떤 거요?,
04:54:36,17676.12,04:54:40,17680.26,UNKNOWN,스트리머들은 다들 나무를 지키기 위해 숲을 만든다고,
04:54:40,17680.26,04:54:46,17686.12,UNKNOWN,진짜 여자친구를 숨기기 위해 코인을 많이 만들어놔,
04:54:46,17686.12,04:54:47,17687.8,UNKNOWN,의심 안 받으려고,
04:54:47,17687.8,04:54:49,17689.92,UNKNOWN,어 똑똑한데?,
04:54:50,17690.22,04:54:51,17691.98,UNKNOWN,그럼 일단 그 중에 이딴 거 아니에요,
04:54:51,17691.98,04:54:54,17694.2,UNKNOWN,아니 없을 수도 있는 거지,
04:54:54,17694.2,04:54:55,17695.22,UNKNOWN,진짜는 숨겨놓고,
04:54:55,17695.22,04:54:56,17696.5,UNKNOWN,진짜는 없을 수도 있는 거야,
04:54:56,17696.5,04:54:57,17697.58,UNKNOWN,이건 사람이라면 몰라,
04:54:57,17697.58,04:54:58,17698.86,UNKNOWN,그 중에 진짜 없을 수도 있는 거야,
04:54:58,17698.86,04:54:59,17699.9,UNKNOWN,숲속에 있는 거 아니야?,
04:55:00,17700.8,04:55:03,17703.14,UNKNOWN,숲속에 나무를 숨기는 사람도 있고,
04:55:03,17703.14,04:55:06,17706.4,UNKNOWN,숲을 만들고 나무를 따로 만드는 사람도 있겠죠,
04:55:06,17706.4,04:55:08,17708.26,UNKNOWN,아 나무는 다른 곳에 해,
04:55:08,17708.26,04:55:12,17712.05,UNKNOWN,마다 다르겠죠,
04:55:12,17712.05,04:55:13,17713.83,UNKNOWN,그런 방법이,
04:55:14,17714.71,04:55:16,17716.83,UNKNOWN,하나 배워간다,
04:55:16,17716.83,04:55:19,17719.83,UNKNOWN,딱 곰파님이랑 모야모야 된 이후부터,
04:55:19,17719.83,04:55:20,17720.47,UNKNOWN,만인의 연인이 되어서,
04:55:20,17720.47,04:55:22,17722.47,UNKNOWN,만인의 연인으로 돌아가네요,
04:55:22,17722.47,04:55:26,17726.47,UNKNOWN,아 나 그거 일부러 안 하고 싶었는데,
04:55:26,17726.47,04:55:27,17727.47,UNKNOWN,나 차,
04:55:27,17727.47,04:55:28,17728.47,UNKNOWN,아우 정말,
04:55:28,17728.47,04:55:32,17732.47,UNKNOWN,에엥 그럼 뭐야 곰파님이 나무가 되고 그런 거야 지금?,
04:55:32,17732.47,04:55:33,17733.47,UNKNOWN,그렇죠,
04:55:33,17733.47,04:55:35,17735.47,UNKNOWN,아 이해도가 빠르시네,
04:55:39,17739.47,04:55:41,17741.47,UNKNOWN,만화 그리는 분이라 그러고 똑똑하셔,
04:55:41,17741.47,04:55:43,17743.47,UNKNOWN,이해도가 왜 빨랐겠어?,
04:55:43,17743.47,04:55:45,17745.47,UNKNOWN,계속 생각을 해왔으니까 그런 거죠,
04:55:45,17745.47,04:55:46,17746.47,UNKNOWN,아 그렇구나 그렇구나,
04:55:46,17746.47,04:55:47,17747.47,UNKNOWN,나도 참 눈치가 없었다,
04:55:47,17747.47,04:55:48,17748.47,UNKNOWN,아차차,
04:55:48,17748.47,04:55:49,17749.47,UNKNOWN,아차차,
04:55:50,17750.47,04:55:52,17752.47,UNKNOWN,차차는 차차차,
04:55:52,17752.47,04:55:54,17754.47,UNKNOWN,그게 무슨 소리야 이렇게 돼야지,
04:55:54,17754.47,04:55:58,17758.47,UNKNOWN,그러네요 맞네 아우 금차차 금차차,
04:55:58,17758.47,04:55:59,17759.47,UNKNOWN,아니 개웃기,
04:56:01,17761.98,04:56:02,17762.98,UNKNOWN,재밌다,
04:56:02,17762.98,04:56:03,17763.98,UNKNOWN,에이스 써야겠다,
04:56:03,17763.98,04:56:13,17773.06,UNKNOWN,아 근데 진짜 구탄총이랑 다른 총이랑 너무,
04:56:13,17773.06,04:56:16,17776.06,UNKNOWN,그 진짜 반동 차이가 너무 심해가지고 진짜,
04:56:16,17776.06,04:56:17,17777.06,UNKNOWN,엄두가 안 나더라 잘,
04:56:17,17777.06,04:56:18,17778.06,UNKNOWN,아 인정 인정,
04:56:19,17779.06,04:56:22,17782.06,UNKNOWN,이게 나도 옛날엔 에이스 잘 썼었는데,
04:56:23,17783.06,04:56:26,17786.06,UNKNOWN,엠바 맞히려고 하니까 도저히 다른 총이 안 쏘지,
04:56:26,17786.06,04:56:30,17790.69,UNKNOWN,어렵긴 해,
04:56:31,17791.69,04:56:33,17793.69,UNKNOWN,엠비파이브가 너무 좋긴 해,
04:56:33,17793.69,04:56:36,17796.69,UNKNOWN,엠바가 너무 인상하기 통해가지고,
04:56:36,17796.69,04:56:38,17798.69,UNKNOWN,오오오 6배율이다,
04:56:38,17798.69,04:56:40,17800.69,UNKNOWN,아니 이상하다,
04:56:40,17800.69,04:56:43,17803.69,UNKNOWN,이분 왜 여기는 안 보고 가시지,
04:56:43,17803.69,04:56:45,17805.69,UNKNOWN,아 드시라고,
04:56:45,17805.69,04:56:48,17808.69,UNKNOWN,아 그렇구나 아 배려 없구나 아 그렇군요,
04:56:48,17808.69,04:56:49,17809.69,UNKNOWN,그렇죠 그렇죠,
04:56:49,17809.69,04:56:51,17811.69,UNKNOWN,아 마음이 따스해지네요,
04:56:51,17811.69,04:56:53,17813.69,UNKNOWN,또 스윗해진 거야,
04:56:53,17813.69,04:56:54,17814.69,UNKNOWN,스윗 빠이,
04:56:54,17814.69,04:56:56,17816.69,UNKNOWN,나를 숲으로 만들려는 생각인가,
04:56:56,17816.69,04:56:57,17817.69,UNKNOWN,하하하하,
04:56:58,17818.69,04:57:08,17828.5,UNKNOWN,아 그미님 요즘 쫀득형 유튜브에서 뭐야 뭐야 많이 나오던데,
04:57:08,17828.5,04:57:10,17830.02,UNKNOWN,아 나 진짜 개같아 죽을뻔 했다,
04:57:10,17830.02,04:57:12,17832.1,UNKNOWN,거울치로 존나 당하네,
04:57:12,17832.1,04:57:14,17834.44,UNKNOWN,소수가 이런 기분이었구나,
04:57:14,17834.44,04:57:18,17838.76,UNKNOWN,헐 너무 싫어하시면 상대가 속상해하지 않을까요?,
04:57:19,17839.32,04:57:20,17840.32,UNKNOWN,그냥 안 속상하네,
04:57:20,17840.32,04:57:22,17842.9,UNKNOWN,쫀득형 쫀득형,
04:57:22,17842.9,04:57:24,17844.82,UNKNOWN,아니요 아니요 전혀 잘되고 있지 않아요,
04:57:24,17844.82,04:57:26,17846.04,UNKNOWN,아니요 아니요 전혀 전혀,
04:57:26,17846.04,04:57:27,17847.64,UNKNOWN,약간 이거 연막이었네,
04:57:27,17847.64,04:57:30,17850.36,UNKNOWN,무슨 연막 그치,
04:57:30,17850.36,04:57:32,17852.36,UNKNOWN,연막이 연막,
04:57:32,17852.36,04:57:34,17854.52,UNKNOWN,아니 내가,
04:57:34,17854.52,04:57:37,17857.4,UNKNOWN,아 진짜 하나도 안 어울리지 않아요?,
04:57:37,17857.72,04:57:38,17858.1,UNKNOWN,그쵸?,
04:57:38,17858.16,04:57:41,17861.14,UNKNOWN,근데 그미님 아까는 누구라도,
04:57:41,17861.14,04:57:42,17862.5,UNKNOWN,엮어달라면서요,
04:57:42,17862.5,04:57:43,17863.12,UNKNOWN,아 걘 싫어요,
04:57:43,17863.12,04:57:45,17865.04,UNKNOWN,흐하하하하,
04:57:45,17865.04,04:57:47,17867.14,UNKNOWN,아무나,
04:57:47,17867.14,04:57:51,17871.48,UNKNOWN,아무나에 속하지 않은가,
04:57:51,17871.48,04:57:53,17873.0,UNKNOWN,아 싫어,
04:57:53,17873.0,04:57:56,17876.37,UNKNOWN,아무나 컷이 좀 높네,
04:57:56,17876.37,04:57:58,17878.23,UNKNOWN,그러게 생각보다,
04:57:58,17878.23,04:58:01,17881.85,UNKNOWN,맞아 원래 아무나라고 말한 사람이,
04:58:01,17881.85,04:58:03,17883.71,UNKNOWN,제일 컷은 높댔어,
04:58:03,17883.71,04:58:05,17885.71,UNKNOWN,아하 어렵네,
04:58:05,17885.71,04:58:07,17887.71,UNKNOWN,욕나가는거는 후추도,
04:58:07,17887.71,04:58:09,17889.71,UNKNOWN,흐하하하하,
04:58:09,17889.71,04:58:11,17891.71,UNKNOWN,그니까 저 요즘 진짜 후추한테 조금조금씩,
04:58:11,17891.71,04:58:13,17893.71,UNKNOWN,죄책감 살짝살짝 느끼고있음,
04:58:13,17893.71,04:58:17,17897.92,UNKNOWN,원래 죄책감 1도 없었거든?,
04:58:17,17897.92,04:58:19,17899.92,UNKNOWN,아유 방송판이 다 그렇지 뭐 좀 참아,
04:58:19,17899.92,04:58:21,17901.92,UNKNOWN,약간 이런 느낌이었는데,
04:58:21,17901.92,04:58:23,17903.92,UNKNOWN,좀 죄책감 느껴져 이런 기분이구나,
04:58:23,17903.92,04:58:25,17905.92,UNKNOWN,육백 필요하신 분?,
04:58:25,17905.92,04:58:27,17907.92,UNKNOWN,나요,
04:58:27,17907.92,04:58:29,17909.92,UNKNOWN,민이요,
04:58:29,17909.92,04:58:31,17911.92,UNKNOWN,어그 필요한데 어그 없나?,
04:58:31,17911.92,04:58:33,17913.92,UNKNOWN,어그 찾으면 말해줄게,
04:58:33,17913.92,04:58:34,17914.92,UNKNOWN,오케이,
04:58:34,17914.92,04:58:35,17915.92,UNKNOWN,어그 아까 깜빡했어,
04:58:35,17915.92,04:58:37,17917.92,UNKNOWN,어그가 좋아?,
04:58:37,17917.92,04:58:39,17919.92,UNKNOWN,나 어그랑 베리랑 왔다갔다 하고있어,
04:58:39,17919.92,04:58:41,17921.92,UNKNOWN,마음이 왔다갔다해,
04:58:41,17921.92,04:58:45,17925.92,UNKNOWN,5탄이면 어그고 7탄이면 베리쓰고?,
04:58:45,17925.92,04:58:47,17927.92,UNKNOWN,아 그때가 컨디션에 따라서,
04:58:47,17927.92,04:58:49,17929.92,UNKNOWN,아 오늘 총이 좀 안맞네?,
04:58:49,17929.92,04:58:51,17931.92,UNKNOWN,이러면은 뭐 베리쓰고,
04:58:51,17931.92,04:58:53,17933.92,UNKNOWN,오늘 좀 총이 좀 잘맞네?,
04:58:53,17933.92,04:58:55,17935.92,UNKNOWN,어그쓰고,
04:58:55,17935.92,04:58:56,17936.92,UNKNOWN,베리는 널렸다,
04:58:56,17936.92,04:58:57,17937.92,UNKNOWN,엠포보다 어그가 좋아?,
04:58:57,17937.92,04:58:59,17939.92,UNKNOWN,엠포보다 어그가 나은거같아,
04:58:59,17939.92,04:59:01,17941.92,UNKNOWN,엠포는 한때 더 맞춰야되거든 이론상,
04:59:01,17941.92,04:59:02,17942.92,UNKNOWN,음,
04:59:02,17942.92,04:59:03,17943.92,UNKNOWN,약간 반동만 잘 잡아줘,
04:59:03,17943.92,04:59:05,17945.92,UNKNOWN,와 그런것도 하나하나 체크를 하는구나,
04:59:05,17945.92,04:59:07,17947.92,UNKNOWN,오오오오,
04:59:07,17947.92,04:59:12,17952.35,UNKNOWN,아니 한때 더 맞춘거 크잖아,
04:59:12,17952.35,04:59:14,17954.35,UNKNOWN,어그 나이스,
04:59:14,17954.35,04:59:16,17956.35,UNKNOWN,그러면 가볼까,
04:59:16,17956.35,04:59:18,17958.35,UNKNOWN,난 대충 된듯,
04:59:18,17958.35,04:59:20,17960.35,UNKNOWN,나도 대충 끝났어,
04:59:20,17960.35,04:59:22,17962.35,UNKNOWN,음,
04:59:22,17962.35,04:59:24,17964.35,UNKNOWN,던질게 너무 없긴하지만,
04:59:24,17964.35,04:59:26,17966.35,UNKNOWN,던질거?,
04:59:26,17966.35,04:59:29,17969.86,UNKNOWN,그러게 던질거 진짜 안나온다,
04:59:29,17969.86,04:59:34,17974.8,UNKNOWN,아미가 좀 있을텐데,
04:59:34,17974.8,04:59:36,17976.8,UNKNOWN,던질거는,
04:59:36,17976.8,04:59:38,17978.8,UNKNOWN,6배랑 어그쪽에 냅둘게 6배랑,
04:59:38,17978.8,04:59:40,17980.8,UNKNOWN,어,
04:59:40,17980.8,04:59:42,17982.8,UNKNOWN,어,
04:59:42,17982.8,04:59:44,17984.8,UNKNOWN,차 어디있지?,
04:59:44,17984.8,04:59:46,17986.8,UNKNOWN,꾸밀수 있는것도 있음,
04:59:46,17986.8,04:59:51,17991.33,UNKNOWN,차 추양가가 가져왔어,
04:59:51,17991.33,04:59:53,17993.33,UNKNOWN,어디보자아,
04:59:53,17993.33,04:59:56,17996.93,UNKNOWN,여기는 템이 안 나오는 곳이구나,
04:59:56,17996.93,04:59:58,17998.93,UNKNOWN,내 차 4번 근처에 있는데,
04:59:58,17998.93,05:00:05,18005.79,UNKNOWN,달려가는 중,
05:00:05,18005.79,05:00:07,18007.79,UNKNOWN,으차,
05:00:07,18007.79,05:00:09,18009.79,UNKNOWN,아 내가 4번이구나,
05:00:09,18009.79,05:00:11,18011.79,UNKNOWN,이번엔 곡괭이가 안나왔네,
05:00:11,18011.79,05:00:13,18013.79,UNKNOWN,나 이거 해결해줘,
05:00:13,18013.79,05:00:15,18015.79,UNKNOWN,필요없어,
05:00:15,18015.79,05:00:17,18017.79,UNKNOWN,안돼에,
05:00:17,18017.79,05:00:19,18019.79,UNKNOWN,곡괭이가 없으면 심심해져버려,
05:00:19,18019.79,05:00:21,18021.79,UNKNOWN,맞아 손이 심심해,
05:00:21,18021.79,05:00:23,18023.79,UNKNOWN,그래,
05:00:23,18023.79,05:00:25,18025.79,UNKNOWN,토크하면 되지,
05:00:25,18025.79,05:00:27,18027.79,UNKNOWN,그러네 앉아서 그러면,
05:00:27,18027.79,05:00:29,18029.79,UNKNOWN,유튜브 각 토크,
05:00:29,18029.79,05:00:31,18031.79,UNKNOWN,만에만에 뽑으면 되네,
05:00:31,18031.79,05:00:33,18033.79,UNKNOWN,그래 사실 1시간 토크할거에요,
05:00:33,18033.79,05:00:35,18035.79,UNKNOWN,다들 그런거에 신경쓰는구나,
05:00:35,18035.79,05:00:37,18037.79,UNKNOWN,이건 원래 토크게임이긴해,
05:00:37,18037.79,05:00:42,18042.9,UNKNOWN,맞아,
05:00:42,18042.9,05:00:47,18047.65,UNKNOWN,여기서 그래볼까요,
05:00:47,18047.65,05:00:51,18051.5,UNKNOWN,이번엔 왼쪽이네,
05:00:51,18051.5,05:00:53,18053.5,UNKNOWN,응,
05:00:53,18053.5,05:00:55,18055.5,UNKNOWN,자기장 얘기하는거지?,
05:00:55,18055.5,05:00:57,18057.5,UNKNOWN,뭐 얘기하는 줄 알았어?,
05:00:57,18057.5,05:00:59,18059.5,UNKNOWN,뭔 얘기하나 싶어서 물어본거야,
05:00:59,18059.5,05:01:01,18061.5,UNKNOWN,왼쪽이네 이렇게 뭐가 왼쪽이란건가,
05:01:01,18061.5,05:01:04,18064.91,UNKNOWN,짚었지,
05:01:04,18064.91,05:01:06,18066.91,UNKNOWN,자기장이 왼쪽이다,
05:01:06,18066.91,05:01:11,18071.15,UNKNOWN,이해했지 이해했지,
05:01:11,18071.15,05:01:13,18073.15,UNKNOWN,내 이름이 블루라서 가끔 오해하는 사람들이 있는데,
05:01:13,18073.15,05:01:15,18075.15,UNKNOWN,가보자,
05:01:15,18075.15,05:01:17,18077.15,UNKNOWN,아 그런 얘기였어,
05:01:17,18077.15,05:01:19,18079.15,UNKNOWN,너 왼쪽이야?,
05:01:19,18079.15,05:01:21,18081.15,UNKNOWN,뭔 얘기인지 모르겠는데,
05:01:27,18087.15,05:01:29,18089.15,UNKNOWN,뭔소리가 있네,
05:01:29,18089.15,05:01:31,18091.15,UNKNOWN,너 생각보다 자각을 많이 하고 있나보구나,
05:01:31,18091.15,05:01:33,18093.15,UNKNOWN,나 그 상상도 못했네,
05:01:33,18093.15,05:01:35,18095.15,UNKNOWN,상상 달리는 댓글이라서 그래,
05:01:35,18095.15,05:01:37,18097.15,UNKNOWN,그런거인 그런거 항상 달리는,
05:01:37,18097.15,05:01:39,18099.15,UNKNOWN,난 가운데야,
05:01:39,18099.15,05:01:41,18101.15,UNKNOWN,나는 나도,
05:01:41,18101.15,05:01:43,18103.15,UNKNOWN,딱 중앙에 있어 그냥,
05:01:45,18105.33,05:01:50,18110.66,UNKNOWN,가보자,
05:01:50,18110.66,05:01:56,18116.05,UNKNOWN,그나마 여기서 한명이 더 맞장구 쳐지면,
05:01:56,18116.05,05:01:58,18118.05,UNKNOWN,계속 이어지,
05:01:58,18118.05,05:02:00,18120.05,UNKNOWN,나랑 같이,
05:02:00,18120.05,05:02:02,18122.05,UNKNOWN,깜짝 놀란 사람이,
05:02:06,18126.05,05:02:08,18128.05,UNKNOWN,그거는 안돼,
05:02:08,18128.05,05:02:10,18130.05,UNKNOWN,금치부인은 안된다,
05:02:10,18130.05,05:02:12,18132.05,UNKNOWN,그새 또 사람 진짜 많이 줄었네,
05:02:13,18133.46,05:02:15,18135.46,UNKNOWN,그새 또 사람 진짜 많이 줄었네,
05:02:15,18135.46,05:02:17,18137.46,UNKNOWN,페이그가 좀 빨리 줄었네,
05:02:17,18137.46,05:02:20,18140.74,UNKNOWN,미라마가 진짜 안둘다,
05:02:20,18140.74,05:02:29,18149.17,UNKNOWN,미라마가 진짜 안둘다,
05:02:29,18149.17,05:02:31,18151.17,UNKNOWN,그리고 완전 후반대면,
05:02:31,18151.17,05:02:33,18153.17,UNKNOWN,사람들 너무 잘하는 사람 많다고,
05:02:33,18153.17,05:02:35,18155.17,UNKNOWN,맞아 그 맵이 엄청 고였어,
05:02:35,18155.17,05:02:37,18157.17,UNKNOWN,지형을 너무 잘 알고있어 사람들이,
05:02:37,18157.17,05:02:40,18160.74,UNKNOWN,지형을 너무 잘 알고있어 사람들이,
05:02:40,18160.74,05:02:53,18173.71,UNKNOWN,이게 쉽지 않다,
05:02:53,18173.71,05:02:57,18177.22,UNKNOWN,옛날부터 그랬어,
05:02:57,18177.22,05:02:59,18179.22,UNKNOWN,오케이,
05:02:59,18179.22,05:03:04,18184.96,UNKNOWN,그러니까,
05:03:04,18184.96,05:03:06,18186.96,UNKNOWN,베그 사동은 고정해야지 이게 무슨,
05:03:06,18186.96,05:03:08,18188.96,UNKNOWN,나 사동은 고정맵으로 냅둬야해,
05:03:08,18188.96,05:03:10,18190.96,UNKNOWN,사동이랑 에란겔 이거,
05:03:10,18190.96,05:03:12,18192.96,UNKNOWN,두개나 고정해야되지 않나,
05:03:12,18192.96,05:03:14,18194.96,UNKNOWN,다들 사동 좋아하나 보다,
05:03:14,18194.96,05:03:16,18196.96,UNKNOWN,그러니까 사동 재밌잖아요,
05:03:16,18196.96,05:03:18,18198.96,UNKNOWN,사동이 타도 안타도 돼,
05:03:18,18198.96,05:03:20,18200.96,UNKNOWN,맞아요,
05:03:20,18200.96,05:03:22,18202.96,UNKNOWN,편해 운전 안해도,
05:03:22,18202.96,05:03:24,18204.96,UNKNOWN,그러니까 형이 좋아하는,
05:03:24,18204.96,05:03:26,18206.96,UNKNOWN,버티어분들 다 사동 좋아해,
05:03:26,18206.96,05:03:28,18208.96,UNKNOWN,나 사동 너무 내 하드카운터 맵이야,
05:03:28,18208.96,05:03:30,18210.96,UNKNOWN,나 사동 너무 내 하드카운터 맵이야,
05:03:30,18210.96,05:03:32,18212.96,UNKNOWN,아 사동이 진짜들의 맵이긴하지,
05:03:32,18212.96,05:03:34,18214.96,UNKNOWN,아 나 초록색약 있거든,
05:03:34,18214.96,05:03:36,18216.96,UNKNOWN,아 아 아,
05:03:36,18216.96,05:03:38,18218.96,UNKNOWN,맵이 다 18에,
05:03:38,18218.96,05:03:40,18220.96,UNKNOWN,맵이 다 18에,
05:03:40,18220.96,05:03:42,18222.96,UNKNOWN,쉽지 않네,
05:03:42,18222.96,05:03:44,18224.96,UNKNOWN,어 이거,
05:03:44,18224.96,05:03:46,18226.96,UNKNOWN,생각이 있었구나,
05:03:46,18226.96,05:03:48,18228.96,UNKNOWN,배경가을로 바꿔달라고,
05:03:48,18228.96,05:03:50,18230.96,UNKNOWN,네가 건의 좀 해줘,
05:03:50,18230.96,05:03:52,18232.96,UNKNOWN,그러면 안되지,
05:03:52,18232.96,05:03:54,18234.96,UNKNOWN,그러면 안되지,
05:03:54,18234.96,05:03:56,18236.96,UNKNOWN,그럼 주황색 생각있지,
05:03:56,18236.96,05:03:58,18238.96,UNKNOWN,그럼 주황색 생각있지,
05:03:58,18238.96,05:04:00,18240.96,UNKNOWN,그건 모르겠고,
05:04:05,18245.9,05:04:07,18247.9,UNKNOWN,아래 마을에 조금 있어야되고,
05:04:07,18247.9,05:04:09,18249.9,UNKNOWN,아래 마을에 조금 있어야되고,
05:04:09,18249.9,05:04:11,18251.9,UNKNOWN,젊은 새끼가,
05:04:11,18251.9,05:04:13,18253.9,UNKNOWN,젊은 새끼가 따라다니는 짓,
05:04:13,18253.9,05:04:15,18255.9,UNKNOWN,나도 일부러 졸돌 돌아다니는 짓,
05:04:15,18255.9,05:04:17,18257.9,UNKNOWN,나도 일부러 졸돌 돌아다니는 짓,
05:04:17,18257.9,05:04:19,18259.9,UNKNOWN,서있으면 총 맞거든,
05:04:19,18259.9,05:04:21,18261.9,UNKNOWN,서있으면 총 맞거든,
05:04:21,18261.9,05:04:23,18263.9,UNKNOWN,내 차는 졸졸졸 쫓아납니다,
05:04:23,18263.9,05:04:25,18265.9,UNKNOWN,내 차는 졸졸졸 쫓아납니다,
05:04:25,18265.9,05:04:27,18267.9,UNKNOWN,곧 기름 없어도 되죠,
05:04:27,18267.9,05:04:29,18269.9,UNKNOWN,어 근데 기름 다 썼어,
05:04:29,18269.9,05:04:31,18271.9,UNKNOWN,어 내꺼 바로 타면 돼,
05:04:31,18271.9,05:04:33,18273.9,UNKNOWN,밑에 가서 기름봉 한푼 잡아,
05:04:33,18273.9,05:04:35,18275.9,UNKNOWN,기름을 하나 챙길꺼야,
05:04:35,18275.9,05:04:37,18277.9,UNKNOWN,난 이번에 보급 먹으러 갈꺼야,
05:04:37,18277.9,05:04:39,18279.9,UNKNOWN,저 노란색 기계가서 물 먹으라고?,
05:04:40,18280.76,05:04:42,18282.76,UNKNOWN,저기 가면은 기름도 있지 않을까?,
05:04:42,18282.76,05:04:43,18283.76,UNKNOWN,"아, 뭔가?",
05:04:46,18286.84,05:04:48,18288.84,UNKNOWN,배그 색연 모드 있다는데요?,
05:04:48,18288.84,05:04:50,18290.84,UNKNOWN,설정 들어가서 색연 모드...,
05:04:50,18290.84,05:04:52,18292.84,UNKNOWN,"아, 있긴 한데 배경까지 바뀌진 않더라구요",
05:04:55,18295.67,05:04:58,18298.67,UNKNOWN,"그러니까, 조준점이나 막 그런 건 바뀌는데",
05:04:58,18298.67,05:05:03,18303.71,UNKNOWN,"응, 보급 온다",
05:05:03,18303.71,05:05:08,18308.49,UNKNOWN,보급 먹을 준비,
05:05:08,18308.49,05:05:10,18310.49,UNKNOWN,"일단, 그건 없네",
05:05:11,18311.49,05:05:13,18313.49,UNKNOWN,"아, 저거 어디야?",
05:05:13,18313.49,05:05:17,18317.67,UNKNOWN,"님들, 올 수 있어요?",
05:05:17,18317.67,05:05:19,18319.67,UNKNOWN,어딜요?,
05:05:19,18319.67,05:05:21,18321.67,UNKNOWN,"한 이쯤쯤 될 거 같은데, 1번 쪽에",
05:05:21,18321.67,05:05:23,18323.67,UNKNOWN,"네, 가볼게요",
05:05:23,18323.67,05:05:27,18327.04,UNKNOWN,그러면 안전하게 지금부터,
05:05:27,18327.04,05:05:29,18329.04,UNKNOWN,금희님 차를 타죠?,
05:05:29,18329.04,05:05:32,18332.48,UNKNOWN,제가 운전하는 거...,
05:05:32,18332.48,05:05:34,18334.48,UNKNOWN,"어, 이 차가 아닌데?",
05:05:34,18334.48,05:05:36,18336.48,UNKNOWN,저 차예요,
05:05:36,18336.48,05:05:38,18338.48,UNKNOWN,"오케이, 전구랑 따로 가",
05:05:38,18338.48,05:05:40,18340.48,UNKNOWN,제가 운전할까요?,
05:05:40,18340.48,05:05:42,18342.48,UNKNOWN,"어, 그 차 기름 없는데 괜찮아요?",
05:05:42,18342.48,05:05:44,18344.48,UNKNOWN,"아, 그러게? 잠깐만",
05:05:44,18344.48,05:05:46,18346.48,UNKNOWN,결국 기름 좀 못 찾았구나,
05:05:46,18346.48,05:05:48,18348.48,UNKNOWN,맞아요,
05:05:48,18348.48,05:05:50,18350.48,UNKNOWN,저까지 한 번은 갈 수 있을걸?,
05:05:50,18350.48,05:05:51,18351.48,UNKNOWN,시프트 안 누르면?,
05:05:51,18351.48,05:05:53,18353.48,UNKNOWN,"일단, 최대한 가볼게",
05:05:54,18354.48,05:05:56,18356.48,UNKNOWN,"연막 깔고 먹자이, 먹을 거면",
05:05:56,18356.48,05:06:01,18361.68,UNKNOWN,30명이라 올지도,
05:06:01,18361.68,05:06:10,18370.02,UNKNOWN,왼쪽에 사람 둘 이상,
05:06:10,18370.02,05:06:13,18373.0,UNKNOWN,나 쏜다,
05:06:13,18373.0,05:06:18,18378.91,UNKNOWN,"오잇, 차 좀 멈춰봐",
05:06:19,18379.91,05:06:20,18380.91,UNKNOWN,바로 앞에,
05:06:20,18380.91,05:06:30,18390.27,UNKNOWN,가야되나?,
05:06:30,18390.27,05:06:31,18391.27,UNKNOWN,저 연막 펴지?,
05:06:31,18391.27,05:06:38,18398.38,UNKNOWN,보급 먹었어?,
05:06:38,18398.38,05:06:39,18399.38,UNKNOWN,앞으로 좀 땡겨봐,
05:06:39,18399.38,05:06:41,18401.38,UNKNOWN,"아니, 나 차 터져가지고",
05:06:41,18401.38,05:06:43,18403.38,UNKNOWN,형 왔어? 나이스,
05:06:43,18403.38,05:06:45,18405.38,UNKNOWN,앞으로 왔구나,
05:06:45,18405.38,05:06:46,18406.38,UNKNOWN,고마워,
05:06:46,18406.38,05:06:47,18407.38,UNKNOWN,차도 바꿨어,
05:06:47,18407.38,05:06:48,18408.38,UNKNOWN,"길 건난다, 길 건난다",
05:06:49,18409.38,05:06:50,18410.38,UNKNOWN,죽이자,
05:06:50,18410.38,05:06:54,18414.59,UNKNOWN,여기 돌? 파란색 팀?,
05:06:54,18414.59,05:06:55,18415.59,UNKNOWN,"나 이 차 주라, 레바 형",
05:06:55,18415.59,05:06:56,18416.59,UNKNOWN,오케이,
05:06:56,18416.59,05:06:57,18417.59,UNKNOWN,빼고 만다 빼고 만다,
05:06:57,18417.59,05:06:58,18418.59,UNKNOWN,"오케이, 있어",
05:06:58,18418.59,05:06:59,18419.59,UNKNOWN,패치우고 와,
05:06:59,18419.59,05:07:01,18421.59,UNKNOWN,"아니, 나 오른쪽 벌릴라",
05:07:01,18421.59,05:07:02,18422.59,UNKNOWN,거기까지,
05:07:02,18422.59,05:07:04,18424.59,UNKNOWN,"어, 얘도 더 벌리는데? 이 자식이?",
05:07:04,18424.59,05:07:05,18425.59,UNKNOWN,아,
05:07:06,18426.59,05:07:08,18428.59,UNKNOWN,장법방 위에 숨새고기 패티,
05:07:08,18428.59,05:07:10,18430.59,UNKNOWN,"아, 저기까지 안 닿았네",
05:07:10,18430.59,05:07:16,18436.81,UNKNOWN,MG3,
05:07:16,18436.81,05:07:18,18438.81,UNKNOWN,근데 뺄 수 있어?,
05:07:18,18438.81,05:07:19,18439.81,UNKNOWN,왜?,
05:07:19,18439.81,05:07:20,18440.81,UNKNOWN,"어, 우린 잘 타던데",
05:07:20,18440.81,05:07:21,18441.81,UNKNOWN,"응, 어쩔 수 없어",
05:07:21,18441.81,05:07:25,18445.25,UNKNOWN,이거 빼자,
05:07:25,18445.25,05:07:27,18447.25,UNKNOWN,어? 내가 운전이야?,
05:07:27,18447.25,05:07:31,18451.39,UNKNOWN,어,
05:07:31,18451.39,05:07:32,18452.39,UNKNOWN,저기로 어딨어?,
05:07:32,18452.39,05:07:37,18457.42,UNKNOWN,이쪽,
05:07:37,18457.42,05:07:38,18458.42,UNKNOWN,뒤에 있었다,
05:07:38,18458.42,05:07:39,18459.42,UNKNOWN,몰릴게,
05:07:39,18459.42,05:07:40,18460.42,UNKNOWN,왔던 곳으로,
05:07:46,18466.91,05:07:47,18467.91,UNKNOWN,뭐야? 내가 운전석이,
05:07:47,18467.91,05:07:49,18469.91,UNKNOWN,내가 운전석인데,
05:07:49,18469.91,05:07:50,18470.91,UNKNOWN,왜 내가,
05:07:50,18470.91,05:07:59,18479.24,UNKNOWN,내가 운전석인데 어째서,
05:07:59,18479.24,05:08:00,18480.24,UNKNOWN,이 집에 다,
05:08:00,18480.24,05:08:02,18482.81,UNKNOWN,"아, 집에",
05:08:02,18482.81,05:08:04,18484.81,UNKNOWN,집에 다 모여있었어,
05:08:04,18484.81,05:08:07,18487.81,UNKNOWN,"아니, 여기가 왔던 데가 아닌데 왜 거기 다 죽었대?",
05:08:07,18487.81,05:08:12,18492.08,UNKNOWN,"큰일 났네, 이거",
05:08:12,18492.08,05:08:13,18493.08,UNKNOWN,어?,
05:08:13,18493.08,05:08:15,18495.08,UNKNOWN,근데 이거 다 죽으면 어떡해?,
05:08:15,18495.08,05:08:20,18500.08,UNKNOWN,"아, 내가 너무 사지로 몰았다, 이거",
05:08:20,18500.08,05:08:21,18501.08,UNKNOWN,"아, 이거",
05:08:21,18501.08,05:08:22,18502.08,UNKNOWN,"집, 집",
05:08:22,18502.08,05:08:24,18504.08,UNKNOWN,복수라도 해볼게,
05:08:24,18504.08,05:08:25,18505.08,UNKNOWN,갈게요,
05:08:25,18505.08,05:08:31,18511.12,UNKNOWN,복수하면 우린 살 수 있네,
05:08:31,18511.12,05:08:32,18512.12,UNKNOWN,복수하고 살려줘,
05:08:32,18512.12,05:08:34,18514.12,UNKNOWN,"잠깐, 관전이 안 눌러져",
05:08:36,18516.12,05:08:37,18517.12,UNKNOWN,뭐지?,
05:08:37,18517.12,05:08:38,18518.12,UNKNOWN,"안 열려, 안 열려",
05:08:38,18518.12,05:08:39,18519.12,UNKNOWN,"오, 깜짝이야",
05:08:39,18519.12,05:08:40,18520.12,UNKNOWN,"오, 깜짝이야",
05:08:40,18520.12,05:08:43,18523.23,UNKNOWN,"오, 깜짝이야",
05:08:43,18523.23,05:08:45,18525.7,UNKNOWN,"오, 깜짝이야",
05:08:45,18525.7,05:08:46,18526.7,UNKNOWN,깜짝이야,
05:08:46,18526.7,05:08:49,18529.08,UNKNOWN,"오, 깜짝이야",
05:08:49,18529.08,05:08:50,18530.08,UNKNOWN,"오, 깜짝이야",
05:08:50,18530.08,05:08:51,18531.08,UNKNOWN,"오, 깜짝이야",
05:08:51,18531.08,05:08:52,18532.08,UNKNOWN,"오, 깜짝이야",
05:08:52,18532.08,05:08:53,18533.08,UNKNOWN,"오, 깜짝이야",
05:08:53,18533.08,05:08:54,18534.08,UNKNOWN,"오, 깜짝이야",
05:08:54,18534.08,05:08:55,18535.08,UNKNOWN,깜짝이야,
05:08:55,18535.08,05:08:56,18536.08,UNKNOWN,깜짝이야,
05:08:56,18536.08,05:08:57,18537.08,UNKNOWN,깜짝이야,
05:08:57,18537.08,05:08:58,18538.08,UNKNOWN,깜짝이야,
05:08:58,18538.08,05:08:59,18539.08,UNKNOWN,깜짝이야,
05:08:59,18539.08,05:09:00,18540.08,UNKNOWN,"우와, 깜짝이야",
05:09:00,18540.08,05:09:01,18541.08,UNKNOWN,"우와, 놀래라",
05:09:01,18541.08,05:09:03,18543.45,UNKNOWN,"뭐야, 깜짝이야",
05:09:03,18543.45,05:09:04,18544.45,UNKNOWN,"아, 나 귀신 본 줄 알았다",
05:09:04,18544.45,05:09:05,18545.45,UNKNOWN,그래도 TOP 10이야,
05:09:05,18545.45,05:09:07,18547.45,UNKNOWN,나이스,
05:09:07,18547.45,05:09:08,18548.45,UNKNOWN,나이스,
05:09:08,18548.45,05:09:09,18549.45,UNKNOWN,응,
05:09:09,18549.45,05:09:10,18550.45,UNKNOWN,"결국, 복은 못 먹...",
05:09:10,18550.45,05:09:11,18551.45,UNKNOWN,결국은 복은 못 먹은 거지,
05:09:11,18551.45,05:09:12,18552.45,UNKNOWN,복은 못 먹었지,
05:09:12,18552.45,05:09:13,18553.45,UNKNOWN,거의가 위치가 다 애매했어,
05:09:13,18553.45,05:09:14,18554.45,UNKNOWN,"와, 래바님 또 딜링 1등",
05:09:15,18555.45,05:09:16,18556.45,UNKNOWN,역시 우리 래바,
05:09:16,18556.45,05:09:17,18557.45,UNKNOWN,래바킹,
05:09:17,18557.45,05:09:18,18558.45,UNKNOWN,나 만나,
05:09:18,18558.45,05:09:19,18559.45,UNKNOWN,만나서 수류탄 좀 몇 개 던졌어,
05:09:19,18559.45,05:09:20,18560.45,UNKNOWN,만나서 수류탄 좀 몇 개 던졌어,
05:09:20,18560.45,05:09:21,18561.45,UNKNOWN,만나서 수류탄 좀 몇 개 던졌어,
05:09:21,18561.45,05:09:22,18562.45,UNKNOWN,역시 역시,
05:09:22,18562.45,05:09:23,18563.45,UNKNOWN,"야, 구..",
05:09:23,18563.45,05:09:25,18565.45,UNKNOWN,잡을 뻔 한거 아니야 이거?,
05:09:25,18565.45,05:09:27,18567.45,UNKNOWN,맞죠 키가 100이니까,
05:09:27,18567.45,05:09:31,18571.66,UNKNOWN,조금만 연습하면은,
05:09:31,18571.66,05:09:33,18573.66,UNKNOWN,휙 휙 올라오겠는데요?,
05:09:33,18573.66,05:09:35,18575.66,UNKNOWN,아 전 그렇게 생각하지 않아요,
05:09:35,18575.66,05:09:37,18577.66,UNKNOWN,라고 생각할 때가 가장,
05:09:37,18577.66,05:09:39,18579.66,UNKNOWN,그 밑으로 떨어지더라구요,
05:09:39,18579.66,05:09:41,18581.66,UNKNOWN,에이 아니야 아니야,
05:09:41,18581.66,05:09:43,18583.66,UNKNOWN,조금만 원래,
05:09:43,18583.66,05:09:45,18585.66,UNKNOWN,배그는 판수 박치기에요,
05:09:45,18585.66,05:09:47,18587.66,UNKNOWN,진짜 진짜 진짜로,
05:09:47,18587.66,05:09:49,18589.66,UNKNOWN,바다구가 잡혀요,
05:09:49,18589.66,05:09:51,18591.66,UNKNOWN,그치 그치,
05:09:51,18591.66,05:09:53,18593.66,UNKNOWN,많은 방송인들이,
05:09:53,18593.66,05:09:55,18595.66,UNKNOWN,다 이거 배그하는 이유가 있다,
05:09:55,18595.66,05:09:57,18597.66,UNKNOWN,그럼 그럼,
05:09:57,18597.66,05:09:59,18599.66,UNKNOWN,다른 총게임은 해보셨어요?,
05:09:59,18599.66,05:10:01,18601.66,UNKNOWN,다른 총게임은 뭐 옛날에 스팀게임으로 막,
05:10:01,18601.66,05:10:03,18603.66,UNKNOWN,콜 오브 디티 그런건 옛날에 했는데,
05:10:03,18603.66,05:10:05,18605.66,UNKNOWN,이런 게임하고는 그,
05:10:05,18605.66,05:10:07,18607.66,UNKNOWN,반동 자체가 다르니까,
05:10:07,18607.66,05:10:09,18609.66,UNKNOWN,있긴해,
05:10:09,18609.66,05:10:11,18611.66,UNKNOWN,서든 이런거 안해봤나?,
05:10:11,18611.66,05:10:13,18613.66,UNKNOWN,나 서든 안해봤어,
05:10:13,18613.66,05:10:15,18615.66,UNKNOWN,나는 월옥 세대야,
05:10:15,18615.66,05:10:17,18617.66,UNKNOWN,아 월옥? 아 나 월옥 좋아하긴했어 월옥 재밌긴해,
05:10:17,18617.66,05:10:19,18619.66,UNKNOWN,서든 재밌는데,
05:10:19,18619.66,05:10:21,18621.66,UNKNOWN,서든 좋아해?,
05:10:21,18621.66,05:10:23,18623.66,UNKNOWN,어?,
05:10:23,18623.66,05:10:27,18627.26,UNKNOWN,그래,
05:10:27,18627.26,05:10:29,18629.26,UNKNOWN,아야님이 서든 그,
05:10:29,18629.26,05:10:31,18631.26,UNKNOWN,쇼츠로 되게,
05:10:31,18631.26,05:10:33,18633.26,UNKNOWN,낭낭하게 뽑고 있어가지고,
05:10:33,18633.26,05:10:35,18635.26,UNKNOWN,서든 하자고 하려고,
05:10:35,18635.26,05:10:37,18637.26,UNKNOWN,서든을 하셔?,
05:10:37,18637.26,05:10:39,18639.26,UNKNOWN,그래서 나온거구나,
05:10:39,18639.26,05:10:41,18641.26,UNKNOWN,옛날에 서든 했던 멤버,
05:10:41,18641.26,05:10:43,18643.26,UNKNOWN,있잖아 서든 일진요,
05:10:43,18643.26,05:10:45,18645.26,UNKNOWN,그거,
05:10:45,18645.26,05:10:47,18647.26,UNKNOWN,얘 차 먹고,
05:10:47,18647.26,05:10:49,18649.26,UNKNOWN,우리가 들어갈게요,
05:10:49,18649.26,05:10:51,18651.26,UNKNOWN,아야는 나 진짜 마음속으로,
05:10:51,18651.26,05:10:53,18653.26,UNKNOWN,정말 진심으로 의심중이야,
05:10:53,18653.26,05:10:55,18655.26,UNKNOWN,하하하하하하하,
05:10:55,18655.26,05:10:57,18657.26,UNKNOWN,아 이 녀석 워딩이,
05:10:57,18657.26,05:10:59,18659.26,UNKNOWN,이게 쉽지 않아,
05:10:59,18659.26,05:11:01,18661.26,UNKNOWN,내가 봐도 이게,
05:11:01,18661.26,05:11:03,18663.26,UNKNOWN,경력직?,
05:11:03,18663.26,05:11:05,18665.26,UNKNOWN,경력직인데 암만 봐도,
05:11:05,18665.26,05:11:07,18667.26,UNKNOWN,경력직이야 뭔가 이 말하는,
05:11:07,18667.26,05:11:09,18669.26,UNKNOWN,이 단어들과,
05:11:09,18669.26,05:11:11,18671.26,UNKNOWN,어투와,
05:11:11,18671.26,05:11:13,18673.26,UNKNOWN,모든 것이 너무나,
05:11:13,18673.26,05:11:15,18675.26,UNKNOWN,하나를 가르치고 있어,
05:11:15,18675.26,05:11:17,18677.26,UNKNOWN,가끔 좀 무서울 때가 있어,
05:11:17,18677.26,05:11:19,18679.26,UNKNOWN,그러니까 나 가끔씩 약간,
05:11:19,18679.26,05:11:21,18681.26,UNKNOWN,그 나 소식동물 피가 한번씩 반응해가지고,
05:11:21,18681.26,05:11:23,18683.26,UNKNOWN,털 끝이 쭈뼛 설 때가 있다니,
05:11:23,18683.26,05:11:25,18685.26,UNKNOWN,하하하하하하,
05:11:25,18685.26,05:11:27,18687.26,UNKNOWN,존재하는구나,
05:11:27,18687.26,05:11:29,18689.26,UNKNOWN,진짜 진짜,
05:11:29,18689.26,05:11:31,18691.26,UNKNOWN,한번씩 그 쭈뼛쭈뼛 쏘사,
05:11:31,18691.26,05:11:33,18693.26,UNKNOWN,차 경쟁있다,
05:11:33,18693.26,05:11:37,18697.6,UNKNOWN,내가 먹을듯,
05:11:37,18697.6,05:11:42,18702.6,UNKNOWN,어 우리가 더 빠르게 도망을 쳐버려,
05:11:42,18702.6,05:11:44,18704.6,UNKNOWN,쭈뼛쭈뼛,
05:11:44,18704.6,05:11:46,18706.6,UNKNOWN,한 명,
05:11:46,18706.6,05:11:48,18708.6,UNKNOWN,죽여버려,
05:11:48,18708.6,05:11:51,18711.95,UNKNOWN,가자 가자 도망쳐 도망쳐,
05:11:51,18711.95,05:11:53,18713.95,UNKNOWN,도망쳐야 돼 쟤 총먹는다,
05:11:53,18713.95,05:12:01,18721.71,UNKNOWN,쟨 뭐야,
05:12:01,18721.71,05:12:15,18735.55,UNKNOWN,누구? 아 좀,
05:12:15,18735.55,05:12:17,18737.55,UNKNOWN,오케이 선전포고했어,
05:12:17,18737.55,05:12:19,18739.55,UNKNOWN,좋았어 좋았어 그거야,
05:12:19,18739.55,05:12:21,18741.55,UNKNOWN,하하하하하하하,
05:12:21,18741.55,05:12:23,18743.55,UNKNOWN,어 잠깐 쫓아오는데,
05:12:23,18743.55,05:12:25,18745.55,UNKNOWN,아 갔다 갔어,
05:12:25,18745.55,05:12:30,18750.52,UNKNOWN,갔어 갔어,
05:12:30,18750.52,05:12:32,18752.52,UNKNOWN,우리가 아마 1등 1등,
05:12:32,18752.52,05:12:37,18757.66,UNKNOWN,뒤에 바짝 쫓아온다,
05:12:37,18757.66,05:12:42,18762.7,UNKNOWN,아 뭐야 아,
05:12:42,18762.7,05:12:47,18767.29,UNKNOWN,너 총 있니?,
05:12:47,18767.29,05:12:49,18769.29,UNKNOWN,두 명 아,
05:12:49,18769.29,05:12:51,18771.29,UNKNOWN,두 명 딸 깔았어,
05:12:51,18771.29,05:12:53,18773.29,UNKNOWN,우리 총먹자,
05:12:53,18773.29,05:12:55,18775.29,UNKNOWN,총이 없어,
05:12:55,18775.29,05:12:57,18777.29,UNKNOWN,에이 에이 에이 에이,
05:12:57,18777.29,05:12:59,18779.29,UNKNOWN,아 쏜다,
05:12:59,18779.29,05:13:01,18781.29,UNKNOWN,얘 총먹었다 한 명 한 명 한 명이야 노란핑해,
05:13:01,18781.29,05:13:03,18783.29,UNKNOWN,잡으면 돼 한 명,
05:13:03,18783.29,05:13:05,18785.29,UNKNOWN,단 한 명,
05:13:05,18785.29,05:13:07,18787.29,UNKNOWN,아 여기 여기구나,
05:13:07,18787.29,05:13:09,18789.29,UNKNOWN,아 컨테이너들,
05:13:09,18789.29,05:13:11,18791.29,UNKNOWN,벽에서 보고있어,
05:13:11,18791.29,05:13:13,18793.29,UNKNOWN,벽에서 보고있어,
05:13:13,18793.29,05:13:15,18795.29,UNKNOWN,그렇지,
05:13:15,18795.29,05:13:17,18797.29,UNKNOWN,지금,
05:13:17,18797.29,05:13:19,18799.29,UNKNOWN,오케이 오케이 오케이,
05:13:19,18799.29,05:13:21,18801.29,UNKNOWN,튼양나부터 튼양나부터,
05:13:21,18801.29,05:13:23,18803.29,UNKNOWN,됐다,
05:13:23,18803.29,05:13:25,18805.29,UNKNOWN,튼양나가 나 살리고,
05:13:25,18805.29,05:13:27,18807.29,UNKNOWN,아 못 잡을 뻔했다,
05:13:27,18807.29,05:13:29,18809.29,UNKNOWN,어우,
05:13:29,18809.29,05:13:31,18811.29,UNKNOWN,괜찮아,
05:13:31,18811.29,05:13:33,18813.29,UNKNOWN,나이스 어그로,
05:13:33,18813.29,05:13:35,18815.29,UNKNOWN,어그로 끌어줘서 이겼다,
05:13:35,18815.29,05:13:37,18817.29,UNKNOWN,나이스 나이스,
05:13:37,18817.29,05:13:39,18819.29,UNKNOWN,레바님 약각 잡았어 훌륭해,
05:13:39,18819.29,05:13:41,18821.29,UNKNOWN,아 레바님이,
05:13:41,18821.29,05:13:43,18823.29,UNKNOWN,양각 잡아줘가지고,
05:13:43,18823.29,05:13:45,18825.29,UNKNOWN,견착으로 쏴버렸어,
05:13:45,18825.29,05:13:47,18827.29,UNKNOWN,근데 사실 저도 견착으로 쏴,
05:13:47,18827.29,05:13:49,18829.29,UNKNOWN,서로 견착,
05:13:49,18829.29,05:13:53,18833.12,UNKNOWN,5대5로 잡았다,
05:13:53,18833.12,05:13:55,18835.12,UNKNOWN,좋았다 좋았다 좋았다,
05:13:55,18835.12,05:13:57,18837.12,UNKNOWN,진짜,
05:13:57,18837.12,05:13:59,18839.12,UNKNOWN,아니 얘네들은,
05:13:59,18839.12,05:14:01,18841.12,UNKNOWN,조금 더 들어가서,
05:14:01,18841.12,05:14:03,18843.12,UNKNOWN,총먹지 바로 옆에 내려서,
05:14:03,18843.12,05:14:05,18845.12,UNKNOWN,자신이 있었나봐요,
05:14:05,18845.12,05:14:07,18847.12,UNKNOWN,그 걔들이,
05:14:07,18847.12,05:14:09,18849.12,UNKNOWN,우리가 죽인 애잖아,
05:14:09,18849.12,05:14:11,18851.12,UNKNOWN,처음 내렸을 때 죽인 애라서,
05:14:11,18851.12,05:14:13,18853.12,UNKNOWN,아아,
05:14:13,18853.12,05:14:15,18855.12,UNKNOWN,분노에 사로잡혀가지고,
05:14:15,18855.12,05:14:17,18857.12,UNKNOWN,아아 그래서 온 거구나,
05:14:17,18857.12,05:14:19,18859.12,UNKNOWN,복수를 주겠다 자기들끼리 그런 얘기하고 있잖아,
05:14:19,18859.12,05:14:21,18861.12,UNKNOWN,아니 그 미친놈이 근데 자기 친구는 안 살리고,
05:14:21,18861.12,05:14:23,18863.12,UNKNOWN,그냥 뛰어온 거야,
05:14:23,18863.12,05:14:25,18865.12,UNKNOWN,우릴 죽이겠다고,
05:14:25,18865.12,05:14:27,18867.12,UNKNOWN,걔 기절해 있는 티만 그저 저기 냅두고 그냥,
05:14:27,18867.12,05:14:29,18869.12,UNKNOWN,죽었다고 가정할,
05:14:29,18869.12,05:14:31,18871.12,UNKNOWN,그러니까,
05:14:31,18871.12,05:14:32,18872.12,UNKNOWN,6배를,
05:14:32,18872.12,05:14:33,18873.12,UNKNOWN,왜 그러는 거야,
05:14:33,18873.12,05:14:35,18875.12,UNKNOWN,미친 놈이다,
05:14:35,18875.12,05:14:36,18876.12,UNKNOWN,응 오케이,
05:14:36,18876.12,05:14:38,18878.12,UNKNOWN,부숴야겠다,
05:14:38,18878.12,05:14:40,18880.12,UNKNOWN,약간 미친 상황이 많으니까 함부로 건드면 안 돼,
05:14:40,18880.12,05:14:44,18884.9,UNKNOWN,누가 미친놈이란 거지,
05:14:44,18884.9,05:14:46,18886.9,UNKNOWN,예를 들면 이제,
05:14:46,18886.9,05:14:48,18888.9,UNKNOWN,죽기니 죽기니 죽기니,
05:14:48,18888.9,05:14:50,18890.9,UNKNOWN,죽기니 죽기니,
05:14:54,18894.9,05:14:56,18896.9,UNKNOWN,뭐지 한명밖에 안 들리는 거 같은데,
05:14:56,18896.9,05:14:58,18898.9,UNKNOWN,6배율 필요하신 분,
05:14:58,18898.9,05:15:00,18900.9,UNKNOWN,저요,
05:15:00,18900.9,05:15:02,18902.9,UNKNOWN,먹어놓을게요,
05:15:02,18902.9,05:15:04,18904.9,UNKNOWN,갑니다,
05:15:04,18904.9,05:15:10,18910.8,UNKNOWN,아 곡괭이,
05:15:10,18910.8,05:15:14,18914.8,UNKNOWN,요즘 비창보다 곡괭이 발견하면 더 기쁜 이유 좀,
05:15:14,18914.8,05:15:18,18918.18,UNKNOWN,여기 어디있어,
05:15:18,18918.18,05:15:19,18919.18,UNKNOWN,어따쓴 곡괭이,
05:15:19,18919.18,05:15:21,18921.18,UNKNOWN,곡괭이 좋아,
05:15:21,18921.18,05:15:24,18924.52,UNKNOWN,여기 한 명 더 있어,
05:15:24,18924.52,05:15:25,18925.52,UNKNOWN,어 뭐야,
05:15:25,18925.52,05:15:26,18926.52,UNKNOWN,뭐야,
05:15:26,18926.52,05:15:27,18927.52,UNKNOWN,어디어디어디어디,
05:15:27,18927.52,05:15:28,18928.52,UNKNOWN,거기에 왜 사람이 왜 있어,
05:15:28,18928.52,05:15:29,18929.52,UNKNOWN,그니까,
05:15:29,18929.52,05:15:30,18930.52,UNKNOWN,가자,
05:15:30,18930.52,05:15:31,18931.52,UNKNOWN,몇 명이었어,
05:15:31,18931.52,05:15:32,18932.52,UNKNOWN,일단 한 명,
05:15:32,18932.52,05:15:37,18937.06,UNKNOWN,초록핑이 왼쪽 위에 뛰어든 거,
05:15:37,18937.06,05:15:39,18939.06,UNKNOWN,한 팀 둘 일단 내 위치에 둘,
05:15:39,18939.06,05:15:40,18940.06,UNKNOWN,둘?,
05:15:40,18940.06,05:15:42,18942.06,UNKNOWN,두 명 이상 두 명,
05:15:42,18942.06,05:15:44,18944.06,UNKNOWN,두 명 이상이 거기 위에 있어,
05:15:44,18944.06,05:15:46,18946.47,UNKNOWN,하나 기절,
05:15:46,18946.47,05:15:47,18947.47,UNKNOWN,나이스,
05:15:47,18947.47,05:15:48,18948.47,UNKNOWN,나이스,
05:15:50,18950.47,05:15:52,18952.47,UNKNOWN,아예 한 팀이 여기로 안 돼,
05:15:53,18953.47,05:15:54,18954.47,UNKNOWN,안 돼,
05:15:54,18954.47,05:15:55,18955.47,UNKNOWN,세 명이야 세 명,
05:16:00,18960.73,05:16:01,18961.73,UNKNOWN,어디지,
05:16:02,18962.73,05:16:03,18963.73,UNKNOWN,지금 여기,
05:16:03,18963.73,05:16:12,18972.64,UNKNOWN,발소리,
05:16:12,18972.64,05:16:15,18975.64,UNKNOWN,앞에 외곽에서 지금 돌고 있는 거 같은데,
05:16:15,18975.64,05:16:23,18983.85,UNKNOWN,어 들어갔다 컨테이너 때문에,
05:16:23,18983.85,05:16:28,18988.98,UNKNOWN,앞에 발소리,
05:16:28,18988.98,05:16:30,18990.98,UNKNOWN,아 양쪽으로 쫓겼네,
05:16:30,18990.98,05:16:31,18991.98,UNKNOWN,얘네 어디서 뛰어온 거야,
05:16:31,18991.98,05:16:32,18992.98,UNKNOWN,그니까,
05:16:32,18992.98,05:16:34,18994.98,UNKNOWN,진짜 뛰어왔네,
05:16:34,18994.98,05:16:35,18995.98,UNKNOWN,안 돼,
05:16:35,18995.98,05:16:36,18996.98,UNKNOWN,진짜 뛰어왔네,
05:16:36,18996.98,05:16:37,18997.98,UNKNOWN,안 돼,
05:16:37,18997.98,05:16:38,18998.98,UNKNOWN,아니 뭐야 차소리도 없이,
05:16:38,18998.98,05:16:39,18999.98,UNKNOWN,그니까,
05:16:39,18999.98,05:16:40,19000.98,UNKNOWN,아니 차소리도 없이,
05:16:40,19000.98,05:16:41,19001.98,UNKNOWN,이거 무슨 일이야,
05:16:41,19001.98,05:16:42,19002.98,UNKNOWN,어디서 온 거야 이 친구들,
05:16:42,19002.98,05:16:43,19003.98,UNKNOWN,어디서 온 거야 이 친구들,
05:16:43,19003.98,05:16:44,19004.98,UNKNOWN,어디서 온 거야 이 친구들,
05:16:44,19004.98,05:16:45,19005.98,UNKNOWN,어디서 온 거야 이 친구들,
05:16:45,19005.98,05:16:49,19009.12,UNKNOWN,어디서 온 거야 이 친구들,
05:16:49,19009.12,05:16:50,19010.12,UNKNOWN,두 명 딱 가는데 아쉽다,
05:16:50,19010.12,05:16:51,19011.12,UNKNOWN,저격 아니야,
05:16:51,19011.12,05:16:52,19012.12,UNKNOWN,뭔 저격이야,
05:16:52,19012.12,05:16:53,19013.12,UNKNOWN,우리 그 정도 아니야,
05:16:53,19013.12,05:16:54,19014.12,UNKNOWN,그러기래,
05:16:54,19014.12,05:16:55,19015.12,UNKNOWN,에랑길 두 판,
05:16:55,19015.12,05:16:56,19016.12,UNKNOWN,딜량 0,
05:16:56,19016.12,05:16:57,19017.12,UNKNOWN,아,
05:16:57,19017.12,05:16:58,19018.12,UNKNOWN,아,
05:16:58,19018.12,05:16:59,19019.12,UNKNOWN,아,
05:16:59,19019.12,05:17:00,19020.12,UNKNOWN,아,
05:17:00,19020.12,05:17:01,19021.12,UNKNOWN,아,
05:17:01,19021.12,05:17:02,19022.12,UNKNOWN,아,
05:17:02,19022.12,05:17:03,19023.12,UNKNOWN,아,
05:17:03,19023.12,05:17:04,19024.12,UNKNOWN,아,
05:17:04,19024.12,05:17:05,19025.12,UNKNOWN,아,
05:17:05,19025.12,05:17:06,19026.12,UNKNOWN,어떻게 된 거야,
05:17:06,19026.12,05:17:13,19033.4,UNKNOWN,사람 만날 일이 거의 없었어,
05:17:13,19033.4,05:17:14,19034.4,UNKNOWN,음,
05:17:14,19034.4,05:17:15,19035.4,UNKNOWN,아,
05:17:15,19035.4,05:17:16,19036.4,UNKNOWN,에랑길에 아예 고정으로 돌리고 있었구나,
05:17:16,19036.4,05:17:17,19037.4,UNKNOWN,예,
05:17:17,19037.4,05:17:18,19038.4,UNKNOWN,나도요,
05:17:18,19038.4,05:17:19,19039.4,UNKNOWN,나도요,
05:17:19,19039.4,05:17:20,19040.4,UNKNOWN,나는 하고 싶어요,
05:17:20,19040.4,05:17:21,19041.4,UNKNOWN,아니야,
05:17:21,19041.4,05:17:22,19042.4,UNKNOWN,상관없는데,
05:17:22,19042.4,05:17:23,19043.4,UNKNOWN,음,
05:17:23,19043.4,05:17:26,19046.4,UNKNOWN,하긴 에랑길이 다들 그래도 숙련도가 나름 있으니까,
05:17:26,19046.4,05:17:29,19049.84,UNKNOWN,이상하다 난 00형만 하고 있는데,
05:17:29,19049.84,05:17:30,19050.84,UNKNOWN,내,
05:17:30,19050.84,05:17:31,19051.84,UNKNOWN,내,
05:17:31,19051.84,05:17:32,19052.84,UNKNOWN,내,
05:17:32,19052.84,05:17:33,19053.84,UNKNOWN,내 숙련도 돌려서,
05:17:33,19053.84,05:17:34,19054.84,UNKNOWN,상하다,
05:17:34,19054.84,05:17:36,19056.84,UNKNOWN,아 원래 약간 타이밍 안 맞으면 그렇게 돼요,
05:17:36,19056.84,05:17:37,19057.84,UNKNOWN,저,
05:17:37,19057.84,05:17:43,19063.7,UNKNOWN,아까 저번에 한 여섯판인가 계속 0 0 0 0,
05:17:43,19063.7,05:17:50,19070.34,UNKNOWN,아 아니네 저번에 킬내기 할 때 진짜 거의 한 여덟판 아홉판 계속 0 0 0 이었어가지고,
05:17:50,19070.34,05:17:52,19072.52,UNKNOWN,아 킬내기도 해요?,
05:17:52,19072.52,05:17:55,19075.88,UNKNOWN,아 킬내기가 아니라 킬미션?,
05:17:55,19075.88,05:18:04,19084.12,UNKNOWN,아 킬미션,
05:18:04,19084.12,05:18:05,19085.16,UNKNOWN,아이 참,
05:18:05,19085.16,05:18:12,19092.43,UNKNOWN,디버프 받아갔어,
05:18:12,19092.43,05:18:14,19094.03,UNKNOWN,어 오토바이 누가 버렸다,
05:18:14,19094.03,05:18:15,19095.99,UNKNOWN,오몽님도 배그 하긴 한다던데,
05:18:15,19095.99,05:18:16,19096.49,UNKNOWN,어 하셔,
05:18:16,19096.49,05:18:19,19099.53,UNKNOWN,오몽님도 다음에 해보는 거 어때,
05:18:19,19099.53,05:18:21,19101.37,UNKNOWN,그래?,
05:18:21,19101.37,05:18:23,19103.41,UNKNOWN,형이 직접 말 걸었어,
05:18:23,19103.41,05:18:25,19105.41,UNKNOWN,어 난 연락할 수 있어,
05:18:25,19105.41,05:18:26,19106.37,UNKNOWN,진짜?,
05:18:26,19106.37,05:18:26,19106.95,UNKNOWN,응,
05:18:26,19106.95,05:18:27,19107.75,UNKNOWN,좋은데?,
05:18:27,19107.75,05:18:31,19111.07,UNKNOWN,오몽님도 놀자면 바로 오케이 할 스타일이라,
05:18:31,19111.07,05:18:34,19114.11,UNKNOWN,그렇긴 해 사실 내가 이미 섭외했어,
05:18:34,19114.11,05:18:36,19116.91,UNKNOWN,아 진짜? 이미 하고 말한 거야?,
05:18:36,19116.91,05:18:38,19118.19,UNKNOWN,한번 할 듯,
05:18:38,19118.19,05:18:40,19120.57,UNKNOWN,할 뜻은 뭐야,
05:18:40,19120.57,05:18:43,19123.41,UNKNOWN,그분이 거절 안 하면 하겠지,
05:18:43,19123.41,05:18:44,19124.45,UNKNOWN,음 할 거 같은데,
05:18:44,19124.45,05:18:46,19126.49,UNKNOWN,내 주변에 오몽님 팬인 사람 진짜 많아,
05:18:46,19126.49,05:18:47,19127.49,UNKNOWN,어,
05:18:47,19127.49,05:18:48,19128.41,UNKNOWN,진짜?,
05:18:48,19128.41,05:18:49,19129.65,UNKNOWN,응,
05:18:49,19129.65,05:18:50,19130.65,UNKNOWN,그 국악 하시나?,
05:18:50,19130.65,05:18:51,19131.29,UNKNOWN,어 그치,
05:18:51,19131.29,05:18:52,19132.53,UNKNOWN,노래 엄청 잘 하셔,
05:18:52,19132.53,05:18:52,19132.99,UNKNOWN,진짜?,
05:18:52,19132.99,05:18:56,19136.15,UNKNOWN,내 오몽님한테 진짜 할 거냐고 물어봐야겠어,
05:18:56,19136.15,05:18:56,19136.87,UNKNOWN,진짜 하겠지,
05:18:56,19136.87,05:18:57,19137.37,UNKNOWN,진짜?,
05:18:57,19137.37,05:18:59,19139.15,UNKNOWN,가짜로 하겠다고,
05:18:59,19139.15,05:19:01,19141.69,UNKNOWN,사실 말로만 그랬다고?,
05:19:01,19141.69,05:19:03,19143.83,UNKNOWN,우리한테 가지 마요라고 해야겠다,
05:19:03,19143.83,05:19:07,19147.86,UNKNOWN,왜 안 와 재밌잖아,
05:19:07,19147.86,05:19:09,19149.4,UNKNOWN,이번엔 어디?,
05:19:09,19149.4,05:19:10,19150.14,UNKNOWN,어디 가지?,
05:19:10,19150.14,05:19:14,19154.66,UNKNOWN,우리가 전투력이 0 쉣이라가지고 갈 데가 없네,
05:19:14,19154.66,05:19:16,19156.14,UNKNOWN,난 짤 파밍도 좋아해,
05:19:16,19156.14,05:19:17,19157.44,UNKNOWN,응,
05:19:17,19157.44,05:19:19,19159.68,UNKNOWN,우리 되게 멀리멀리 잘 가고 있어 이미,
05:19:19,19159.68,05:19:21,19161.14,UNKNOWN,응,
05:19:21,19161.14,05:19:22,19162.24,UNKNOWN,써버니?,
05:19:22,19162.24,05:19:24,19164.82,UNKNOWN,써버니?,
05:19:24,19164.82,05:19:27,19167.1,UNKNOWN,여기 뒤지게 싸우는 건 아니야?,
05:19:27,19167.1,05:19:31,19171.98,UNKNOWN,그래도 조금 머니까 괜찮은데,
05:19:31,19171.98,05:19:35,19175.9,UNKNOWN,어어 아니 따라가기기는 너무 편하다,
05:19:35,19175.9,05:19:38,19178.82,UNKNOWN,그쵸 저도 왜 따라가기밖에 안 해요,
05:19:38,19178.82,05:19:40,19180.32,UNKNOWN,이거 자랑 아니다,
05:19:40,19180.32,05:19:41,19181.56,UNKNOWN,대회에서 좋죠,
05:19:41,19181.56,05:19:42,19182.44,UNKNOWN,자랑 아니라고,
05:19:42,19182.44,05:19:44,19184.44,UNKNOWN,근데 이거 별로 있어서 편한 거지,
05:19:44,19184.44,05:19:46,19186.44,UNKNOWN,비슷한 사람들끼리 하면 눈치 싸우기,
05:19:46,19186.44,05:19:47,19187.94,UNKNOWN,서로 따라가기 몰라서?,
05:19:47,19187.94,05:19:48,19188.94,UNKNOWN,맞아 맞아,
05:19:48,19188.94,05:19:51,19191.94,UNKNOWN,게임 시작할 때마다 눌러줘,
05:19:51,19191.94,05:19:53,19193.94,UNKNOWN,컴퓨터 빠른 사람 얘기해,
05:19:53,19193.94,05:19:57,19197.92,UNKNOWN,ㅋㅋㅋㅋㅋㅋㅋㅋㅋㅋㅋㅋ,
05:19:57,19197.92,05:19:59,19199.92,UNKNOWN,어 일단 우리 마을에 없네,
05:19:59,19199.92,05:20:01,19201.92,UNKNOWN,맨쪽 마을엔 있네,
05:20:01,19201.92,05:20:03,19203.92,UNKNOWN,나이스,
05:20:03,19203.92,05:20:05,19205.92,UNKNOWN,아 배가 저기다,
05:20:05,19205.92,05:20:07,19207.92,UNKNOWN,아 배가 저기다,
05:20:07,19207.92,05:20:09,19209.92,UNKNOWN,아 배가 저기다,
05:20:09,19209.92,05:20:10,19210.42,UNKNOWN,오케이,
05:20:10,19210.42,05:20:15,19215.04,UNKNOWN,벗고 우리 쪽 싸우러 올지도 조심해야 돼,
05:20:15,19215.04,05:20:17,19217.04,UNKNOWN,한 팀은 어디 내렸는데?,
05:20:17,19217.04,05:20:19,19219.04,UNKNOWN,한 팀은 저기 노란핑의 사격장 쪽에,
05:20:19,19219.04,05:20:20,19220.04,UNKNOWN,아 사격장에 오케이,
05:20:20,19220.04,05:20:20,19220.14,UNKNOWN,아 사격장에 오케이,
05:20:20,19220.14,05:20:21,19221.04,UNKNOWN,아 사격장에 오케이,
05:20:21,19221.04,05:20:21,19221.44,UNKNOWN,오케이,
05:20:21,19221.44,05:20:21,19221.98,UNKNOWN,오케이,
05:20:21,19221.98,05:20:22,19222.64,UNKNOWN,오케이,
05:20:22,19222.64,05:20:22,19222.66,UNKNOWN,오케이 오케이,
05:20:22,19222.66,05:20:22,19222.94,UNKNOWN,어,
05:20:22,19222.94,05:20:23,19223.54,UNKNOWN,오케이 오케이,
05:20:23,19223.54,05:20:24,19224.62,UNKNOWN,오케이 오케이,
05:20:24,19224.62,05:20:24,19224.72,UNKNOWN,체크하는 모습 좋은데?,
05:20:24,19224.72,05:20:25,19225.62,UNKNOWN,체크하는 모습 좋은데? 그럼 갑해 주세요,
05:20:25,19225.62,05:20:27,19227.14,UNKNOWN,체크하는 모습 좋은데? 그럼 갑해 주세요,
05:20:27,19227.14,05:20:29,19229.04,UNKNOWN,제가 옆으로 빠지고 있었는데,
05:20:29,19229.04,05:20:38,19238.26,UNKNOWN,experienced,
05:20:38,19238.26,05:20:40,19240.76,UNKNOWN,저 이상한 사람 같잖아요,
05:20:40,19240.76,05:20:42,19242.98,UNKNOWN,제가 안 뺏었어요,
05:20:42,19242.98,05:20:43,19243.92,UNKNOWN,누나 항상 뺏잖아,
05:20:43,19243.92,05:20:44,19244.84,UNKNOWN,아니 받아줘 받아줘,
05:20:44,19244.84,05:20:49,19249.82,UNKNOWN,나 이거 어제� disgju PDF,
05:20:49,19249.82,05:20:50,19250.54,UNKNOWN,걸그룹,
05:20:51,19251.04,05:20:53,19253.34,UNKNOWN,그랬으면 사람이 저렇게 벌벌 떨어,
05:20:53,19253.34,05:20:55,19255.28,UNKNOWN,아니야,
05:20:55,19255.28,05:20:57,19257.66,UNKNOWN,훈훈한 상황인 거 아니었어?,
05:20:57,19257.66,05:20:59,19259.46,UNKNOWN,훈훈한 상황인 거죠,
05:20:59,19259.46,05:21:02,19262.58,UNKNOWN,약간 그 아 내가 계산할게 이런 느낌 아니었어,
05:21:02,19262.58,05:21:04,19264.0,UNKNOWN,어허,
05:21:04,19264.0,05:21:05,19265.54,UNKNOWN,뭔 말 할,
05:21:05,19265.54,05:21:08,19268.24,UNKNOWN,오케이,
05:21:08,19268.24,05:21:10,19270.8,UNKNOWN,인기가 확실하다,
05:21:10,19270.8,05:21:13,19273.38,UNKNOWN,훈훈한 상황이었어,
05:21:13,19273.38,05:21:14,19274.4,UNKNOWN,그럼 그럼,
05:21:14,19274.4,05:21:15,19275.58,UNKNOWN,맞지 맞지,
05:21:15,19275.58,05:21:17,19277.86,UNKNOWN,그럼 그럼,
05:21:17,19277.86,05:21:22,19282.88,UNKNOWN,연료통 들고,
05:21:22,19282.88,05:21:24,19284.68,UNKNOWN,왜 이렇게 생기는 거야?,
05:21:24,19284.68,05:21:26,19286.7,UNKNOWN,음,
05:21:26,19286.7,05:21:40,19300.88,UNKNOWN,혹시 모르게,
05:21:40,19300.88,05:21:44,19304.82,UNKNOWN,아니 행수님이 나한테 저번에 대회하다가,
05:21:44,19304.82,05:21:46,19306.44,UNKNOWN,열 받아가지고 뭐라 한 적이 있는데,
05:21:46,19306.44,05:21:47,19307.52,UNKNOWN,그게 진짜 뭐라 한 건 아니고,
05:21:47,19307.52,05:21:49,19309.98,UNKNOWN,이제 섭섭이로 뭐라 한 적이 있는데,
05:21:49,19309.98,05:21:52,19312.6,UNKNOWN,행수님이 아니 금이야 너는,
05:21:52,19312.6,05:21:55,19315.44,UNKNOWN,여기서부터 파밍했는데 왜 여기 와 있는 거야,
05:21:55,19315.44,05:21:57,19317.2,UNKNOWN,화를 건너대,
05:21:57,19317.2,05:22:01,19321.44,UNKNOWN,나는 진짜 맨날 그냥 보이는 집으로 털거든,
05:22:01,19321.44,05:22:03,19323.58,UNKNOWN,약간 파밍을 어떻게 체계적으로 안 해,
05:22:03,19323.58,05:22:04,19324.7,UNKNOWN,그냥 보이면 들어가,
05:22:04,19324.7,05:22:06,19326.52,UNKNOWN,그래가지고,
05:22:06,19326.52,05:22:07,19327.2,UNKNOWN,행수님,
05:22:07,19327.2,05:22:09,19329.44,UNKNOWN,지역 다침범 오고 다녀서,
05:22:09,19329.44,05:22:10,19330.44,UNKNOWN,어 여기 뷔호 있다,
05:22:10,19330.44,05:22:11,19331.82,UNKNOWN,떱떱이 왔어,
05:22:11,19331.82,05:22:13,19333.68,UNKNOWN,아하하하하하하하하,
05:22:13,19333.68,05:22:14,19334.96,UNKNOWN,진심이었던 것?,
05:22:14,19334.96,05:22:16,19336.58,UNKNOWN,아 진심이었나?,
05:22:16,19336.58,05:22:17,19337.62,UNKNOWN,나 떱떱이라 생각하고,
05:22:17,19337.62,05:22:19,19339.32,UNKNOWN,6배율 필요하니?,
05:22:19,19339.32,05:22:20,19340.58,UNKNOWN,존나 뻔뻔하게 나가네,
05:22:20,19340.58,05:22:24,19344.83,UNKNOWN,오케이,
05:22:24,19344.83,05:22:25,19345.85,UNKNOWN,뷔호,
05:22:25,19345.85,05:22:26,19346.97,UNKNOWN,알 건도 아니네,
05:22:26,19346.97,05:22:27,19347.67,UNKNOWN,1층에 버려둘게,
05:22:27,19347.67,05:22:28,19348.45,UNKNOWN,레바형이네,
05:22:28,19348.45,05:22:30,19350.41,UNKNOWN,어 1층에 떨가줘 나 갈게,
05:22:30,19350.41,05:22:31,19351.19,UNKNOWN,고마워요,
05:22:31,19351.19,05:22:32,19352.63,UNKNOWN,음,
05:22:32,19352.63,05:22:33,19353.73,UNKNOWN,뷔형 착해,
05:22:33,19353.73,05:22:34,19354.55,UNKNOWN,오케이,
05:22:34,19354.55,05:22:35,19355.61,UNKNOWN,여기,
05:22:35,19355.61,05:22:36,19356.23,UNKNOWN,나이스 나이스,
05:22:36,19356.23,05:22:37,19357.31,UNKNOWN,와 핀까지 찍어줘?,
05:22:37,19357.31,05:22:38,19358.03,UNKNOWN,스위트해?,
05:22:38,19358.03,05:22:39,19359.29,UNKNOWN,와,
05:22:39,19359.29,05:22:41,19361.29,UNKNOWN,뭐야 깜짝이야,
05:22:41,19361.29,05:22:43,19363.85,UNKNOWN,이렇게 스윗한 사람인데 왜,
05:22:43,19363.85,05:22:44,19364.91,UNKNOWN,왜가 무슨 말이야?,
05:22:44,19364.91,05:22:46,19366.59,UNKNOWN,맞아 갑자기 왜라니?,
05:22:46,19366.59,05:22:47,19367.25,UNKNOWN,왜는 어디서,
05:22:47,19367.25,05:22:48,19368.13,UNKNOWN,왜 아직,
05:22:48,19368.13,05:22:50,19370.71,UNKNOWN,왜 아직 결혼 안 하냐 뭐 그런 소리야?,
05:22:50,19370.71,05:22:52,19372.59,UNKNOWN,아니 왜,
05:22:52,19372.59,05:22:54,19374.25,UNKNOWN,왜 뭐가 있을까 그 좋은 단어가?,
05:22:54,19374.25,05:22:55,19375.45,UNKNOWN,안 떠오르네,
05:22:55,19375.45,05:22:57,19377.95,UNKNOWN,근데 거기에 글 캐서 여기,
05:22:57,19377.95,05:22:59,19379.63,UNKNOWN,하하하하하하,
05:22:59,19379.63,05:23:00,19380.79,UNKNOWN,당신도,
05:23:00,19380.79,05:23:01,19381.79,UNKNOWN,하하하하하,
05:23:01,19381.79,05:23:02,19382.45,UNKNOWN,왜 난,
05:23:02,19382.45,05:23:03,19383.91,UNKNOWN,난 괜찮은데?,
05:23:03,19383.91,05:23:05,19385.45,UNKNOWN,아 있어도 괜찮다는 거야 혹시?,
05:23:05,19385.45,05:23:06,19386.17,UNKNOWN,뭔 소리야,
05:23:06,19386.17,05:23:08,19388.17,UNKNOWN,그러네 맞네,
05:23:08,19388.17,05:23:09,19389.29,UNKNOWN,믿는 구석 있었던 게야,
05:23:09,19389.29,05:23:10,19390.93,UNKNOWN,하하하하,
05:23:10,19390.93,05:23:11,19391.29,UNKNOWN,믿는,
05:23:11,19391.29,05:23:13,19393.05,UNKNOWN,하하하하하,
05:23:13,19393.05,05:23:14,19394.19,UNKNOWN,믿는 거 있었던 게야,
05:23:14,19394.19,05:23:14,19394.81,UNKNOWN,오,
05:23:14,19394.81,05:23:16,19396.15,UNKNOWN,하하하하하,
05:23:16,19396.15,05:23:16,19396.53,UNKNOWN,너라면,
05:23:16,19396.53,05:23:17,19397.81,UNKNOWN,파밍 다 됐어요,
05:23:17,19397.81,05:23:20,19400.53,UNKNOWN,넌 플랜 A도 있고 플랜 B도 있을 거야,
05:23:20,19400.53,05:23:21,19401.07,UNKNOWN,그렇지?,
05:23:21,19401.07,05:23:22,19402.37,UNKNOWN,달달달달달달,
05:23:22,19402.37,05:23:23,19403.27,UNKNOWN,난 아무렇지 않,
05:23:23,19403.27,05:23:24,19404.35,UNKNOWN,아무렇지도 않아요,
05:23:24,19404.35,05:23:27,19407.26,UNKNOWN,뭔 소리 하는 거야,
05:23:27,19407.26,05:23:31,19411.08,UNKNOWN,던질 거 빼고 파밍은 다 끝났다,
05:23:31,19411.08,05:23:34,19414.8,UNKNOWN,나 대탄과 레단만 있으면 좀 좋겠네,
05:23:34,19414.8,05:23:36,19416.66,UNKNOWN,나 아직 그게 없어,
05:23:36,19416.66,05:23:38,19418.76,UNKNOWN,지혜만이 없어,
05:23:38,19418.76,05:23:40,19420.5,UNKNOWN,나 보정기가 있으면 좋겠다,
05:23:40,19420.5,05:23:43,19423.26,UNKNOWN,아 디엠아이 디엠아이 디엠아이,
05:23:43,19423.26,05:23:44,19424.68,UNKNOWN,형 나 보정기 있어 줄게,
05:23:44,19424.68,05:23:47,19427.9,UNKNOWN,오케이,
05:23:47,19427.9,05:23:49,19429.46,UNKNOWN,이 형 어딨지?,
05:23:49,19429.46,05:23:50,19430.92,UNKNOWN,아 이딴 데 차에 넣어둘게,
05:23:50,19430.92,05:23:53,19433.1,UNKNOWN,으흠,
05:23:53,19433.1,05:23:54,19434.96,UNKNOWN,성당 먹었나요?,
05:23:54,19434.96,05:23:56,19436.1,UNKNOWN,지금 먹고 있는 중,
05:23:56,19436.1,05:23:56,19436.6,UNKNOWN,어허,
05:23:56,19436.6,05:24:02,19442.03,UNKNOWN,근데 디엠아이는 없었어,
05:24:02,19442.03,05:24:03,19443.31,UNKNOWN,두 번째 총 뭐 뭐예요?,
05:24:03,19443.31,05:24:05,19445.75,UNKNOWN,대 퀵이 필요한 거야 대탄이 필요한 거야?,
05:24:05,19445.75,05:24:06,19446.73,UNKNOWN,나 대 퀵,
05:24:06,19446.73,05:24:07,19447.93,UNKNOWN,아 그래?,
05:24:07,19447.93,05:24:09,19449.67,UNKNOWN,대탄은 좋아,
05:24:09,19449.67,05:24:11,19451.67,UNKNOWN,대탄 일단 들고 있을게,
05:24:11,19451.67,05:24:14,19454.47,UNKNOWN,어 찾았다 스쿠스 찾았어,
05:24:14,19454.47,05:24:15,19455.55,UNKNOWN,스쿠스?,
05:24:15,19455.91,05:24:17,19457.25,UNKNOWN,둘이긴 한데 오케이,
05:24:17,19457.25,05:24:18,19458.57,UNKNOWN,어쩔 수 없어,
05:24:18,19458.57,05:24:19,19459.41,UNKNOWN,어쩔 수 없긴 해,
05:24:19,19459.41,05:24:21,19461.41,UNKNOWN,나 지금 거의 따질 데가 아니긴 해,
05:24:21,19461.41,05:24:22,19462.41,UNKNOWN,여기,
05:24:22,19462.41,05:24:28,19468.09,UNKNOWN,뭐라도 들긴 하긴 해야지,
05:24:28,19468.09,05:24:31,19471.09,UNKNOWN,드디어 총 발견했는데 떨어졌다,
05:24:31,19471.09,05:24:33,19473.09,UNKNOWN,뭔 총?,
05:24:33,19473.09,05:24:35,19475.09,UNKNOWN,MP파이고,
05:24:35,19475.09,05:24:36,19476.09,UNKNOWN,M파 좋지,
05:24:36,19476.09,05:24:37,19477.59,UNKNOWN,M파 좋지,
05:24:37,19477.59,05:24:39,19479.59,UNKNOWN,레벨 한 삭 태우고,
05:24:39,19479.59,05:24:41,19481.59,UNKNOWN,또 싸우러 가야지,
05:24:41,19481.59,05:24:43,19483.59,UNKNOWN,이제 우리가 전투력이 떨어지니까,
05:24:43,19483.59,05:24:45,19485.59,UNKNOWN,겁나 싸울게요,
05:24:45,19485.59,05:24:47,19487.59,UNKNOWN,뭐야 겁나 싸운다고?,
05:24:47,19487.59,05:24:49,19489.59,UNKNOWN,전투력이 떨어질 때 싸워요?,
05:24:49,19489.59,05:24:52,19492.59,UNKNOWN,그치 약할 때 싸워야 이게,
05:24:52,19492.59,05:24:54,19494.59,UNKNOWN,힘이 맞아,
05:24:54,19494.59,05:25:03,19503.23,UNKNOWN,전투력이 약하니까 위협이 되는 걸 먼저 죽인다,
05:25:03,19503.23,05:25:05,19505.23,UNKNOWN,그치 그치,
05:25:05,19505.23,05:25:09,19509.51,UNKNOWN,적 보이면은 빼지 않는다,
05:25:09,19509.51,05:25:13,19513.05,UNKNOWN,약간 그거네 나용킴,
05:25:13,19513.05,05:25:15,19515.05,UNKNOWN,아 그래?,
05:25:15,19515.05,05:25:18,19518.05,UNKNOWN,발갈이 진짜,
05:25:18,19518.05,05:25:20,19520.05,UNKNOWN,진짜,
05:25:20,19520.05,05:25:22,19522.05,UNKNOWN,진짜 여캠 안 같네,
05:25:26,19526.05,05:25:26,19526.55,UNKNOWN,뭐?,
05:25:26,19526.55,05:25:28,19528.55,UNKNOWN,여캠에 조건이 있어?,
05:25:28,19528.55,05:25:31,19531.55,UNKNOWN,아니 칭찬이야,
05:25:31,19531.55,05:25:35,19535.12,UNKNOWN,구미님만의 매력인 거지,
05:25:35,19535.12,05:25:37,19537.12,UNKNOWN,구미님 매력있어,
05:25:37,19537.12,05:25:38,19538.12,UNKNOWN,그럼,
05:25:38,19538.12,05:25:39,19539.12,UNKNOWN,매력있어,
05:25:39,19539.12,05:25:40,19540.12,UNKNOWN,매력,
05:25:40,19540.12,05:25:41,19541.12,UNKNOWN,매력,
05:25:41,19541.12,05:25:43,19543.12,UNKNOWN,매력으로는 연애 못해,
05:25:44,19544.12,05:25:46,19546.12,UNKNOWN,매력으로 연애하죠,
05:25:46,19546.12,05:25:48,19548.12,UNKNOWN,그쵸 매력으로 연애를 하는 거죠,
05:25:48,19548.12,05:25:50,19550.12,UNKNOWN,아 분뇌가 있어야 되는데,
05:25:50,19550.12,05:25:53,19553.12,UNKNOWN,사람들이 나한테서 분뇌가 아니라,
05:25:53,19553.12,05:25:55,19555.12,UNKNOWN,자꾸 분뇨네밖에 안 써,
05:25:58,19558.12,05:26:00,19560.12,UNKNOWN,일부러 한 대가 안다는 것이야,
05:26:00,19560.12,05:26:03,19563.12,UNKNOWN,일부러 자꾸 뱃살 좀 부르나,
05:26:05,19565.12,05:26:06,19566.12,UNKNOWN,오,
05:26:06,19566.12,05:26:10,19570.32,UNKNOWN,괜찮아,
05:26:11,19571.32,05:26:13,19573.32,UNKNOWN,저거 보니까 그 전투력이 보니까 그,
05:26:13,19573.32,05:26:15,19575.32,UNKNOWN,소개시켜달라는 사람도 있거든,
05:26:15,19575.32,05:26:18,19578.32,UNKNOWN,나 거기서 제정신인 사람 아닌 것 같아,
05:26:18,19578.32,05:26:19,19579.32,UNKNOWN,미쳤어,
05:26:19,19579.32,05:26:20,19580.32,UNKNOWN,미쳤다,
05:26:23,19583.32,05:26:25,19585.32,UNKNOWN,단 한 명 내렸다,
05:26:25,19585.32,05:26:26,19586.32,UNKNOWN,본인을,
05:26:27,19587.32,05:26:29,19589.32,UNKNOWN,본인이 그렇게 생각하는 거 아닌가,
05:26:29,19589.32,05:26:30,19590.32,UNKNOWN,어 아니 내 생방송은,
05:26:30,19590.32,05:26:32,19592.32,UNKNOWN,보는데 나를 소개시켜달라는,
05:26:32,19592.32,05:26:33,19593.32,UNKNOWN,부러웠어,
05:26:33,19593.32,05:26:34,19594.32,UNKNOWN,부러웠어,
05:26:34,19594.32,05:26:36,19596.32,UNKNOWN,제정신 아닌 것 같은데 어디서,
05:26:38,19598.32,05:26:39,19599.32,UNKNOWN,너무 매력적이라,
05:26:39,19599.32,05:26:41,19601.32,UNKNOWN,소개해달라고 그러실 수 있지,
05:26:41,19601.32,05:26:43,19603.32,UNKNOWN,차가 이 부근에 되게 많네,
05:26:43,19603.32,05:26:44,19604.32,UNKNOWN,같이,
05:26:44,19604.32,05:26:45,19605.32,UNKNOWN,여기 많이 왔네,
05:26:45,19605.32,05:26:47,19607.32,UNKNOWN,근데 누가 소개해달라고 했는데,
05:26:47,19607.32,05:26:48,19608.32,UNKNOWN,성적이,
05:26:48,19608.32,05:26:50,19610.32,UNKNOWN,학교 선배님,
05:26:50,19610.32,05:26:51,19611.32,UNKNOWN,아,
05:26:52,19612.32,05:26:53,19613.32,UNKNOWN,약간 이상하잖아요,
05:26:53,19613.32,05:26:54,19614.32,UNKNOWN,일반 분이구나,
05:26:54,19614.32,05:26:55,19615.32,UNKNOWN,응,
05:26:55,19615.32,05:26:57,19617.32,UNKNOWN,아니 저기서 활동하신,
05:26:57,19617.32,05:26:58,19618.32,UNKNOWN,네,
05:26:58,19618.32,05:26:59,19619.32,UNKNOWN,오오오,
05:26:59,19619.32,05:27:00,19620.32,UNKNOWN,오오오,
05:27:01,19621.32,05:27:02,19622.32,UNKNOWN,"남우, 남남",
05:27:02,19622.32,05:27:22,19642.98,UNKNOWN,뭔 소리야,
05:27:22,19642.98,05:27:23,19643.98,UNKNOWN,여기 차 새 거,
05:27:23,19643.98,05:27:24,19644.98,UNKNOWN,그래서 어디가,
05:27:24,19644.98,05:27:25,19645.98,UNKNOWN,방 global은 아니하고,
05:27:25,19645.98,05:27:26,19646.98,UNKNOWN,뭐,
05:27:26,19646.98,05:27:27,19647.98,UNKNOWN,"방송인들 방송인들은 많이 만나고 ""'은간인'도 많이 만나고",
05:27:27,19647.98,05:27:28,19648.98,UNKNOWN,만난 사람들은 계속 만나는데,
05:27:28,19648.98,05:27:31,19651.98,UNKNOWN,아 맞긴 해,
05:27:31,19651.98,05:27:34,19654.98,UNKNOWN,"방송인, 방송인 끼리 만나고",
05:27:34,19654.98,05:27:36,19656.98,UNKNOWN,점점 꾸리다는 평범 book,
05:27:36,19656.98,05:27:37,19657.98,UNKNOWN,까먹은,
05:27:37,19657.98,05:27:38,19658.98,UNKNOWN,이정도면 있어,
05:27:38,19658.98,05:27:40,19660.48,UNKNOWN,이제 은근히 있어,
05:27:40,19660.48,05:27:43,19663.48,UNKNOWN,은근히 있는데 이게 사실 정말 숨어 있는 커플이,
05:27:43,19663.48,05:27:45,19665.48,UNKNOWN,만났다 깨졌다 하면서,
05:27:45,19665.48,05:27:48,19668.48,UNKNOWN,약간 분보적으로 많이 없어보이는 거 아니야?,
05:27:48,19668.48,05:27:48,19668.98,UNKNOWN,맞지 맞지,
05:27:48,19668.98,05:27:51,19671.48,UNKNOWN,만났다 깨졌다 만났다 깨졌다 이러고,
05:27:51,19671.98,05:27:53,19673.48,UNKNOWN,약간 대학교 CC 마냥?,
05:27:55,19675.48,05:27:57,19677.48,UNKNOWN,아 CC가 아니고 사내연애랑 바꿨나봐,
05:27:57,19677.48,05:27:58,19678.48,UNKNOWN,맞지 맞지,
05:27:58,19678.48,05:27:59,19679.48,UNKNOWN,사내연애,
05:28:01,19681.48,05:28:03,19683.48,UNKNOWN,근데 그렇게 사내연애 하고 나서,
05:28:04,19684.48,05:28:05,19685.48,UNKNOWN,참 이 개 같은 게,
05:28:05,19685.48,05:28:06,19686.98,UNKNOWN,나중에 합방 부를 때,
05:28:06,19686.98,05:28:07,19687.98,UNKNOWN,누구 있냐고 물어봐,
05:28:07,19687.98,05:28:08,19688.48,UNKNOWN,아,
05:28:08,19688.48,05:28:09,19689.48,UNKNOWN,그게 너무 힘들어,
05:28:10,19690.98,05:28:12,19692.98,UNKNOWN,어 이거 되게 경험담인가요?,
05:28:13,19693.98,05:28:14,19694.98,UNKNOWN,아니 진짜 많아,
05:28:14,19694.98,05:28:15,19695.98,UNKNOWN,누구 있냐고 물어보면,
05:28:17,19697.98,05:28:19,19699.48,UNKNOWN,안 될 거 같애 이러면,
05:28:21,19701.48,05:28:22,19702.48,UNKNOWN,어떻게 이런,
05:28:22,19702.48,05:28:23,19703.98,UNKNOWN,되게 재밌는 얘긴데,
05:28:25,19705.98,05:28:26,19706.98,UNKNOWN,나는 합방 갈 때,
05:28:26,19706.98,05:28:28,19708.98,UNKNOWN,웬만해서 그냥 오케이 하고,
05:28:28,19708.98,05:28:29,19709.98,UNKNOWN,누구인데요 하는,
05:28:29,19709.98,05:28:30,19710.98,UNKNOWN,나도 오케이,
05:28:30,19710.98,05:28:31,19711.98,UNKNOWN,다 하고 나서 약간,
05:28:31,19711.98,05:28:32,19712.98,UNKNOWN,봉지 다 때려놓고,
05:28:32,19712.98,05:28:33,19713.98,UNKNOWN,어 잠깐만,
05:28:33,19713.98,05:28:35,19715.48,UNKNOWN,봉지 때릴 때 항상 고민한다,
05:28:35,19715.48,05:28:36,19716.48,UNKNOWN,어 아까도,
05:28:36,19716.48,05:28:37,19717.48,UNKNOWN,또 그 뭐지,
05:28:37,19717.48,05:28:37,19717.98,UNKNOWN,처음에,
05:28:37,19717.98,05:28:40,19720.98,UNKNOWN,블루님이랑 레바님이랑 있는 줄 알았을 때,
05:28:41,19721.48,05:28:42,19722.48,UNKNOWN,봉지는 올려야 되는데,
05:28:42,19722.48,05:28:43,19723.98,UNKNOWN,한 명이 봉지를 못 보게 되죠,
05:28:43,19723.98,05:28:44,19724.98,UNKNOWN,그래가지고,
05:28:44,19724.98,05:28:47,19727.48,UNKNOWN,"W, 블루, 레바, 물음표",
05:28:47,19727.48,05:28:48,19728.48,UNKNOWN,이렇게 적어놨어요,
05:28:48,19728.98,05:28:49,19729.98,UNKNOWN,아 물음표,
05:28:49,19729.98,05:28:50,19730.98,UNKNOWN,오케이,
05:28:50,19730.98,05:28:54,19734.48,UNKNOWN,나는 아예 방송에서 알 때도 있어요,
05:28:54,19734.48,05:28:55,19735.98,UNKNOWN,아 저도요 저도요,
05:28:55,19735.98,05:28:56,19736.98,UNKNOWN,저도 그래요,
05:28:57,19737.98,05:28:58,19738.98,UNKNOWN,막상 오니까,
05:28:58,19738.98,05:28:59,19739.98,UNKNOWN,나를 부른 사람마다,
05:28:59,19739.98,05:29:02,19742.48,UNKNOWN,아 이 사람이 불렀는데 누구 있는지 모르겠어요,
05:29:02,19742.48,05:29:03,19743.48,UNKNOWN,그래가지고,
05:29:04,19744.98,05:29:06,19746.98,UNKNOWN,그래 뭐 딱히 불편함은 없어,
05:29:06,19746.98,05:29:08,19748.98,UNKNOWN,할 수 있는 거지,
05:29:08,19748.98,05:29:09,19749.98,UNKNOWN,아무래도,
05:29:09,19749.98,05:29:10,19750.98,UNKNOWN,그치,
05:29:10,19750.98,05:29:11,19751.98,UNKNOWN,누가 와도 상관없어,
05:29:11,19751.98,05:29:12,19752.98,UNKNOWN,그래서,
05:29:12,19752.98,05:29:16,19756.06,UNKNOWN,살렸다,
05:29:16,19756.06,05:29:17,19757.06,UNKNOWN,적 어딨지,
05:29:19,19759.95,05:29:22,19762.95,UNKNOWN,이번엔 오히려 너무 안 보여서 걱정이 되네,
05:29:22,19762.95,05:29:23,19763.95,UNKNOWN,애들이,
05:29:23,19763.95,05:29:24,19764.95,UNKNOWN,그러니까,
05:29:24,19764.95,05:29:25,19765.95,UNKNOWN,얘도 어딨냐,
05:29:25,19765.95,05:29:26,19766.95,UNKNOWN,어디 숨어있냐,
05:29:26,19766.95,05:29:31,19771.21,UNKNOWN,혹시 문장인데,
05:29:31,19771.21,05:29:32,19772.21,UNKNOWN,어?,
05:29:32,19772.21,05:29:35,19775.36,UNKNOWN,오른쪽 청소리,
05:29:35,19775.36,05:29:36,19776.36,UNKNOWN,청소리야,
05:29:36,19776.36,05:29:38,19778.36,UNKNOWN,집에 박혀있는 애들은 잡기 좀 어렵고,
05:29:43,19783.26,05:29:44,19784.26,UNKNOWN,뒤에 박혀있는 애들,
05:29:44,19784.26,05:29:54,19794.7,UNKNOWN,오케이,
05:29:54,19794.7,05:30:01,19801.56,UNKNOWN,가까운데,
05:30:01,19801.56,05:30:02,19802.56,UNKNOWN,진짜 우리 팀이 올라오면,
05:30:02,19802.56,05:30:03,19803.56,UNKNOWN,진짜 든든한 애들 같아,
05:30:03,19803.56,05:30:06,19806.16,UNKNOWN,근데 너무 배고파요,
05:30:06,19806.16,05:30:07,19807.16,UNKNOWN,배고파요,
05:30:08,19808.16,05:30:09,19809.16,UNKNOWN,오케이,
05:30:09,19809.16,05:30:10,19810.16,UNKNOWN,정말 든든한 애들 같아,
05:30:10,19810.16,05:30:12,19812.16,UNKNOWN,개집에서 쏜다,
05:30:12,19812.16,05:30:14,19814.16,UNKNOWN,1번 쪽에 쏘고,
05:30:14,19814.16,05:30:19,19819.39,UNKNOWN,합을,
05:30:19,19819.39,05:30:20,19820.39,UNKNOWN,먹어야 되지 않을까,
05:30:20,19820.39,05:30:21,19821.39,UNKNOWN,시키요 시키시오,
05:30:21,19821.39,05:30:22,19822.39,UNKNOWN,그래요,
05:30:23,19823.39,05:30:24,19824.39,UNKNOWN,여기 우리가 잘 지키죠,
05:30:24,19824.39,05:30:25,19825.39,UNKNOWN,먹다 남은 거 먹으면 되지,
05:30:25,19825.39,05:30:30,19830.8,UNKNOWN,이번에는,
05:30:30,19830.8,05:30:31,19831.8,UNKNOWN,복킹이가,
05:30:31,19831.8,05:30:32,19832.8,UNKNOWN,아 프라이팬인데,
05:30:32,19832.8,05:30:33,19833.8,UNKNOWN,오케이,
05:30:33,19833.8,05:30:34,19834.8,UNKNOWN,아 전판이었나 보다,
05:30:34,19834.8,05:30:35,19835.8,UNKNOWN,복킹이 주스,
05:30:35,19835.8,05:30:40,19840.45,UNKNOWN,아 헷갈려,
05:30:40,19840.45,05:30:41,19841.45,UNKNOWN,요즘,
05:30:41,19841.45,05:30:42,19842.45,UNKNOWN,헷갈라 케어,
05:30:43,19843.45,05:30:45,19845.45,UNKNOWN,날씨가 더워서 그런 거겠지?,
05:30:45,19845.45,05:30:46,19846.45,UNKNOWN,어 저기,
05:30:46,19846.45,05:30:47,19847.45,UNKNOWN,사라지고 있어,
05:30:47,19847.45,05:30:48,19848.45,UNKNOWN,복킹에서 계속 움직이고 있긴 한다,
05:30:48,19848.45,05:30:49,19849.45,UNKNOWN,이 차는 안 바뀌어?,
05:30:49,19849.45,05:30:50,19850.45,UNKNOWN,왜 내 차는 안 바꿔줘?,
05:30:50,19850.45,05:30:51,19851.45,UNKNOWN,걔는,
05:30:51,19851.45,05:30:52,19852.45,UNKNOWN,진짜,
05:30:52,19852.45,05:30:53,19853.45,UNKNOWN,내 누나를 차별하는 게 아니고,
05:30:55,19855.45,05:30:56,19856.45,UNKNOWN,왜 얘는 안 바꿨어,
05:30:56,19856.45,05:30:59,19859.45,UNKNOWN,내가 본캐가 아니라서 이게 없어요,
05:30:59,19859.45,05:31:01,19861.45,UNKNOWN,아 왜 안 뽑았어,
05:31:01,19861.45,05:31:02,19862.45,UNKNOWN,내가 부캐만,
05:31:02,19862.45,05:31:03,19863.45,UNKNOWN,부캐 이거,
05:31:03,19863.45,05:31:05,19865.45,UNKNOWN,이거 산 것도 대단한 거야 지금,
05:31:06,19866.45,05:31:08,19868.45,UNKNOWN,부캐 이거 산다고 70 썼어,
05:31:09,19869.45,05:31:10,19870.45,UNKNOWN,쏜다,
05:31:10,19870.45,05:31:11,19871.45,UNKNOWN,쏜 거 다,
05:31:11,19871.45,05:31:12,19872.45,UNKNOWN,아 이거 밖에 깨지면 안 돼요,
05:31:13,19873.45,05:31:15,19875.45,UNKNOWN,내가 돈이 왜 많아,
05:31:15,19875.45,05:31:16,19876.45,UNKNOWN,레버형이나 많지,
05:31:16,19876.45,05:31:17,19877.45,UNKNOWN,어?,
05:31:17,19877.45,05:31:18,19878.45,UNKNOWN,나도 없어,
05:31:18,19878.45,05:31:19,19879.45,UNKNOWN,레버형 어디다 썼어,
05:31:19,19879.45,05:31:20,19880.45,UNKNOWN,막 방송 가서 후원했지,
05:31:20,19880.45,05:31:21,19881.45,UNKNOWN,어떻게 알았어,
05:31:21,19881.45,05:31:22,19882.45,UNKNOWN,나 형 방송 자주 봐 재밌더라,
05:31:22,19882.45,05:31:23,19883.45,UNKNOWN,이 녀석들 좀 친해,
05:31:23,19883.45,05:31:24,19884.45,UNKNOWN,걔들 쏘는 거 다 쏘면 돼,
05:31:24,19884.45,05:31:25,19885.45,UNKNOWN,어?,
05:31:25,19885.45,05:31:26,19886.45,UNKNOWN,어딘지 모르겠어,
05:31:26,19886.45,05:31:27,19887.45,UNKNOWN,내가 아까 찍어줬는데,
05:31:27,19887.45,05:31:37,19897.64,UNKNOWN,계집 쪽에 있었다,
05:31:37,19897.64,05:31:38,19898.64,UNKNOWN,응,
05:31:38,19898.64,05:31:39,19899.64,UNKNOWN,근데 거기 있다가 위로 올라갔어,
05:31:39,19899.64,05:31:40,19900.64,UNKNOWN,맞아,
05:31:40,19900.64,05:31:41,19901.64,UNKNOWN,거기 근데 한 두 명이 더 있더라고,
05:31:41,19901.64,05:31:42,19902.64,UNKNOWN,뛰어다닌다,
05:31:42,19902.64,05:31:43,19903.64,UNKNOWN,한 명 더,
05:31:43,19903.64,05:31:44,19904.64,UNKNOWN,한 명 더,
05:31:44,19904.64,05:31:45,19905.64,UNKNOWN,한 명 더,
05:31:45,19905.64,05:31:46,19906.64,UNKNOWN,한 명 더,
05:31:46,19906.64,05:31:47,19907.64,UNKNOWN,한 명 더,
05:31:47,19907.64,05:31:48,19908.64,UNKNOWN,한 명 더,
05:31:48,19908.64,05:31:49,19909.64,UNKNOWN,한 명 더,
05:31:49,19909.64,05:31:50,19910.64,UNKNOWN,한 명 더,
05:31:50,19910.64,05:31:51,19911.64,UNKNOWN,한 명 더,
05:31:51,19911.64,05:31:52,19912.64,UNKNOWN,한 명 더,
05:31:52,19912.64,05:31:53,19913.64,UNKNOWN,한 명 더,
05:31:53,19913.64,05:31:54,19914.64,UNKNOWN,한 명 더,
05:31:54,19914.64,05:31:55,19915.64,UNKNOWN,한 명..,
05:31:55,19915.64,05:31:59,19919.13,UNKNOWN,아잇,
05:31:59,19919.13,05:32:17,19937.54,UNKNOWN,아이chan,
05:32:17,19937.54,05:32:18,19938.54,UNKNOWN,두 평 이게,
05:32:18,19938.54,05:32:19,19939.14,UNKNOWN,집,
05:32:19,19939.14,05:32:22,19942.77,UNKNOWN,집 쪽에서도 우리 각이 보이는 거 같은데,
05:32:23,19943.77,05:32:25,19945.73,UNKNOWN,여기 더 높은 곳이니까,
05:32:25,19945.73,05:32:27,19947.73,UNKNOWN,바퀴 깨진 거 말고는 괜찮거든,
05:32:27,19947.73,05:32:28,19948.73,UNKNOWN,저기도 누구랑 싸운 거 같은데,
05:32:28,19948.73,05:32:29,19949.73,UNKNOWN,우리 쏘는 건 아니지,
05:32:29,19949.73,05:32:35,19955.48,UNKNOWN,나 소속되고 싶어,
05:32:35,19955.48,05:32:38,19958.76,UNKNOWN,아니 저 씨 두더지 미치겠네,
05:32:38,19958.76,05:32:40,19960.16,UNKNOWN,저 씨 개야골라,
05:32:40,19960.16,05:32:41,19961.08,UNKNOWN,야,
05:32:41,19961.08,05:32:55,19975.8,UNKNOWN,어디로 맞을 수 있는 각이긴 해 지금,
05:32:55,19975.8,05:32:56,19976.96,UNKNOWN,괜찮은데?,
05:32:57,19977.04,05:32:57,19977.82,UNKNOWN,맞긴 해,
05:32:57,19977.82,05:33:18,19998.65,UNKNOWN,원위조 원위 갈 데가 없다,
05:33:18,19998.65,05:33:26,20006.38,UNKNOWN,근데 보이는 집엔 다 있어 지금,
05:33:26,20006.38,05:33:28,20008.4,UNKNOWN,셀카 찍었나요?,
05:33:28,20008.4,05:33:31,20011.12,UNKNOWN,어 아니요 저기 저격청 하고 있길래,
05:33:31,20011.12,05:33:32,20012.92,UNKNOWN,여기에다가 얼굴 들이밀었어요,
05:33:32,20012.92,05:33:33,20013.62,UNKNOWN,보였어요,
05:33:33,20013.62,05:33:35,20015.74,UNKNOWN,쏠 뻔,
05:33:35,20015.74,05:33:38,20018.78,UNKNOWN,가만히 서 있길래,
05:33:38,20018.78,05:33:53,20033.98,UNKNOWN,저기 다리 쪽에서 싸우는 것 같은데,
05:33:53,20033.98,05:33:55,20035.0,UNKNOWN,어?,
05:33:56,20036.22,05:33:58,20038.22,UNKNOWN,쟤는 너거랑 싸운다,
05:33:58,20038.22,05:33:59,20039.86,UNKNOWN,아닌가? 우리 쏜 건가?,
05:34:00,20040.42,05:34:00,20040.96,UNKNOWN,우리 쏜 거,
05:34:00,20040.96,05:34:03,20043.44,UNKNOWN,왜 못 봤냐고,
05:34:03,20043.44,05:34:06,20046.4,UNKNOWN,못 봤는데 등 뒤에서 맞아가지고,
05:34:06,20046.4,05:34:10,20050.5,UNKNOWN,이건 사실 블루가 주먹으로 때렸어,
05:34:10,20050.5,05:34:11,20051.1,UNKNOWN,아니,
05:34:11,20051.1,05:34:11,20051.12,UNKNOWN,아니,
05:34:11,20051.12,05:34:13,20053.04,UNKNOWN,무슨 소리야,
05:34:13,20053.04,05:34:14,20054.68,UNKNOWN,너 미션이지,
05:34:14,20054.68,05:34:17,20057.8,UNKNOWN,나 때린 적이 없는데 어떻게 미션이야,
05:34:17,20057.8,05:34:21,20061.44,UNKNOWN,아빠 이제 사람 안 때리기로 약속했잖아요 저랑,
05:34:21,20061.44,05:34:23,20063.88,UNKNOWN,너 맞을래?,
05:34:23,20063.88,05:34:25,20065.68,UNKNOWN,집중에서도,
05:34:25,20065.68,05:34:26,20066.96,UNKNOWN,집중에서도 우리 쏜다,
05:34:26,20066.96,05:34:29,20069.68,UNKNOWN,차소리 차소리 올리운 거 잡아야 된대,
05:34:29,20069.68,05:34:30,20070.8,UNKNOWN,밑에 올라온다,
05:34:40,20080.98,05:34:42,20082.58,UNKNOWN,잠깐만 아 마우스,
05:34:47,20087.66,05:34:49,20089.62,UNKNOWN,마우스 뺐다 도시락에다,
05:34:49,20089.62,05:34:51,20091.22,UNKNOWN,지금 그거 먹을 때야 압수,
05:34:51,20091.22,05:34:52,20092.22,UNKNOWN,아 칭찬이 없어,
05:34:52,20092.22,05:34:54,20094.14,UNKNOWN,아 칭찬이 없어,
05:34:54,20094.14,05:34:59,20099.28,UNKNOWN,먹어,
05:34:59,20099.28,05:35:04,20104.18,UNKNOWN,2집 1층 2층,
05:35:04,20104.22,05:35:05,20105.78,UNKNOWN,다 있었다,
05:35:05,20105.78,05:35:09,20109.66,UNKNOWN,여기 지붕에 길리 하나,
05:35:09,20109.66,05:35:13,20113.12,UNKNOWN,얘네들 누구랑 싸운다,
05:35:13,20113.12,05:35:14,20114.4,UNKNOWN,빨간 지붕,
05:35:14,20114.4,05:35:18,20118.66,UNKNOWN,차소리,
05:35:18,20118.66,05:35:22,20122.78,UNKNOWN,이제 슬슬 달려오는구만 애들이,
05:35:22,20122.78,05:35:23,20123.66,UNKNOWN,여기 밑에 붙어 쳐서라,
05:35:23,20123.66,05:35:25,20125.38,UNKNOWN,내 밑에,
05:35:25,20125.38,05:35:27,20127.7,UNKNOWN,하나 기절,
05:35:27,20127.7,05:35:35,20135.67,UNKNOWN,둘 기절,
05:35:35,20135.67,05:35:36,20136.51,UNKNOWN,나무,
05:35:36,20136.51,05:35:42,20142.14,UNKNOWN,오 됐어,
05:35:42,20142.14,05:35:43,20143.1,UNKNOWN,죽었어? 끝났어?,
05:35:43,20143.1,05:35:45,20145.02,UNKNOWN,응 죽었어,
05:35:45,20145.02,05:35:47,20147.02,UNKNOWN,끝났어,
05:35:47,20147.02,05:35:48,20148.5,UNKNOWN,오케이 오케이 오케이,
05:35:48,20148.5,05:35:53,20153.36,UNKNOWN,사람들이 정말 잘 쏘네,
05:35:53,20153.36,05:35:55,20155.76,UNKNOWN,우리 이춘양 씨가 누웠어요,
05:35:55,20155.76,05:35:58,20158.64,UNKNOWN,연막 하나만 깔아주시겠어요?,
05:35:58,20158.64,05:36:00,20160.24,UNKNOWN,감사합니다,
05:36:00,20160.24,05:36:01,20161.44,UNKNOWN,감사합니다,
05:36:01,20161.44,05:36:03,20163.48,UNKNOWN,우리 이춘양 씨 일어나세요,
05:36:03,20163.48,05:36:04,20164.68,UNKNOWN,감사합니다,
05:36:04,20164.68,05:36:06,20166.4,UNKNOWN,여기서 아직 누울 영웅 아니십니다,
05:36:06,20166.4,05:36:09,20169.08,UNKNOWN,오케이 오케이 오케이,
05:36:09,20169.08,05:36:11,20171.6,UNKNOWN,연막 치고 저거 시체 먹어도 되나?,
05:36:11,20171.6,05:36:12,20172.44,UNKNOWN,그런 거,
05:36:12,20172.44,05:36:23,20183.87,UNKNOWN,들고 와 H 눌러가지고,
05:36:23,20183.87,05:36:24,20184.95,UNKNOWN,시체 어딨고 있지?,
05:36:24,20184.95,05:36:27,20187.23,UNKNOWN,아 여기 였네,
05:36:27,20187.23,05:36:28,20188.07,UNKNOWN,어?,
05:36:28,20188.07,05:36:29,20189.15,UNKNOWN,어?,
05:36:29,20189.15,05:36:30,20190.55,UNKNOWN,도시락!,
05:36:31,20191.87,05:36:33,20193.87,UNKNOWN,이거 중독이야,
05:36:33,20193.87,05:36:36,20196.85,UNKNOWN,에이치,
05:36:36,20196.85,05:36:38,20198.29,UNKNOWN,잠시만 나도 못 참소,
05:36:38,20198.29,05:36:42,20202.03,UNKNOWN,어 가져왔어,
05:36:42,20202.03,05:36:43,20203.11,UNKNOWN,도시락!,
05:36:43,20203.11,05:36:44,20204.67,UNKNOWN,도시락 먹자,
05:36:44,20204.67,05:36:47,20207.69,UNKNOWN,도시락 먹자,
05:36:47,20207.69,05:36:49,20209.97,UNKNOWN,차소리,
05:36:49,20209.97,05:36:51,20211.41,UNKNOWN,밑에인가?,
05:36:51,20211.41,05:36:53,20213.85,UNKNOWN,여기 좋아하시는 고깽이인데,
05:36:53,20213.85,05:36:54,20214.69,UNKNOWN,오 고깽이,
05:36:54,20214.69,05:36:55,20215.89,UNKNOWN,오,
05:37:00,20220.19,05:37:00,20220.99,UNKNOWN,일단 원이 좋거든요,
05:37:00,20220.99,05:37:02,20222.79,UNKNOWN,우리 원이 너무 중앙이여가지고,
05:37:02,20222.79,05:37:04,20224.31,UNKNOWN,얘들이 우리 쪽에 붙을라 할 거란 말이야,
05:37:04,20224.31,05:37:06,20226.75,UNKNOWN,8배도 있다 8배,
05:37:06,20226.75,05:37:09,20229.23,UNKNOWN,밑에서 올라오는 거 잘 봐야 된다 우리,
05:37:09,20229.23,05:37:12,20232.18,UNKNOWN,저기요!,
05:37:12,20232.34,05:37:16,20236.27,UNKNOWN,밀밭 창고 쪽에서,
05:37:16,20236.27,05:37:18,20238.63,UNKNOWN,나 진짜 DM을 못 쓴다 적어야겠다,
05:37:18,20238.63,05:37:21,20241.22,UNKNOWN,저 SR 쏘면 되죠,
05:37:21,20241.22,05:37:25,20245.08,UNKNOWN,아주 사방에서 난리구만,
05:37:25,20245.08,05:37:29,20249.76,UNKNOWN,레바양의 인기는 어디까지인가,
05:37:29,20249.76,05:37:32,20252.0,UNKNOWN,저 장기장 밖에서 들리는 건가?,
05:37:32,20252.0,05:37:36,20256.98,UNKNOWN,나 금방 들리는 것 같아,
05:37:36,20256.98,05:37:38,20258.22,UNKNOWN,어디야?,
05:37:38,20258.22,05:37:40,20260.26,UNKNOWN,저 창고 쪽인 거 같은데,
05:37:40,20260.26,05:37:41,20261.82,UNKNOWN,그니까 창고 쪽인데,
05:37:41,20261.82,05:37:42,20262.5,UNKNOWN,나 왜 안 보여?,
05:37:42,20262.5,05:37:44,20264.46,UNKNOWN,집에! 집에! 집에!,
05:37:44,20264.46,05:37:45,20265.58,UNKNOWN,으악!,
05:37:45,20265.58,05:37:46,20266.7,UNKNOWN,1초,
05:37:46,20266.7,05:37:53,20273.84,UNKNOWN,아!,
05:37:53,20273.84,05:37:57,20277.32,UNKNOWN,순간 아우 씨,
05:37:57,20277.32,05:37:58,20278.32,UNKNOWN,멈춰버렸네?,
05:37:58,20278.32,05:38:09,20289.19,UNKNOWN,우리 밑에서 올라오는 거 봐야 돼요,
05:38:09,20289.19,05:38:14,20294.69,UNKNOWN,차 좀 쓸게,
05:38:14,20294.69,05:38:19,20299.78,UNKNOWN,아우 아프다,
05:38:19,20299.78,05:38:21,20301.14,UNKNOWN,원은 들었습니다요,
05:38:21,20301.14,05:38:23,20303.1,UNKNOWN,원 다 티어,
05:38:23,20303.1,05:38:28,20308.06,UNKNOWN,원 줄면 우리 이따가 여기 앞에 2번 언덕 쓰면 돼,
05:38:28,20308.06,05:38:29,20309.5,UNKNOWN,차 끌고,
05:38:29,20309.5,05:38:32,20312.06,UNKNOWN,와 뚝배기 남은 거 없나?,
05:38:32,20312.06,05:38:33,20313.34,UNKNOWN,시체에 좀 있을 텐데?,
05:38:33,20313.34,05:38:35,20315.5,UNKNOWN,시체를 보면 알지,
05:38:35,20315.5,05:38:36,20316.14,UNKNOWN,쟤 뭐였어?,
05:38:36,20316.14,05:38:36,20316.66,UNKNOWN,연막 치고 온 거 봤는데,
05:38:36,20316.66,05:38:37,20317.78,UNKNOWN,차 소리?,
05:38:37,20317.78,05:38:44,20324.66,UNKNOWN,어디?,
05:38:44,20324.66,05:38:51,20331.42,UNKNOWN,오다 많아?,
05:38:51,20331.42,05:38:53,20333.9,UNKNOWN,차 아니지?,
05:38:53,20333.9,05:38:55,20335.1,UNKNOWN,여기 차가 하나 있는데?,
05:38:55,20335.26,05:39:00,20340.95,UNKNOWN,누가 아까 우리가 죽인 애들인가?,
05:39:00,20340.95,05:39:01,20341.99,UNKNOWN,수영 누나,
05:39:01,20341.99,05:39:03,20343.03,UNKNOWN,응?,
05:39:03,20343.03,05:39:08,20348.91,UNKNOWN,이따가 1번 가서 차 끌고 자리 보거나,
05:39:11,20351.73,05:39:13,20353.37,UNKNOWN,초록핑?,
05:39:13,20353.37,05:39:14,20354.93,UNKNOWN,아! 오른쪽에,
05:39:14,20354.93,05:39:20,20360.42,UNKNOWN,두 개 더 있다,
05:39:20,20360.42,05:39:21,20361.5,UNKNOWN,여기 여기 초록핑,
05:39:21,20361.5,05:39:29,20369.78,UNKNOWN,언덕 아래,
05:39:29,20369.78,05:39:36,20376.55,UNKNOWN,헐,
05:39:36,20376.55,05:39:40,20380.15,UNKNOWN,내가 죽은 돌에 있다 내가 죽은 돌에,
05:39:40,20380.15,05:39:43,20383.11,UNKNOWN,우리 완전 3닥이야,
05:39:44,20384.27,05:39:45,20385.39,UNKNOWN,언제 봤대?,
05:39:45,20385.39,05:39:52,20392.62,UNKNOWN,저거 왜 이렇게 잘 보여?,
05:39:53,20393.62,05:39:55,20395.14,UNKNOWN,내 시체 위에 있다?,
05:39:55,20395.14,05:39:56,20396.06,UNKNOWN,나 죽인다,
05:39:56,20396.06,05:39:57,20397.98,UNKNOWN,아 쉽지 않은데?,
05:39:57,20397.98,05:40:03,20403.16,UNKNOWN,대진,
05:40:03,20403.16,05:40:04,20404.12,UNKNOWN,와,
05:40:04,20404.12,05:40:22,20422.72,UNKNOWN,미친 애들 뒤에 누워 있었어,
05:40:22,20422.72,05:40:23,20423.6,UNKNOWN,아니 아니 아니,
05:40:23,20423.6,05:40:27,20427.12,UNKNOWN,우리 완전 세 방향에서 다 덮쳤어,
05:40:27,20427.12,05:40:29,20429.64,UNKNOWN,아니 가설이 개 잘 그렸네,
05:40:29,20429.64,05:40:32,20432.64,UNKNOWN,우리 자리가 너무 좋아가지고,
05:40:32,20432.64,05:40:33,20433.64,UNKNOWN,아니 근데,
05:40:33,20433.64,05:40:35,20435.76,UNKNOWN,에에 에랑겔이 어렵네,
05:40:35,20435.76,05:40:37,20437.64,UNKNOWN,에에 에랑겔이 좀 어렵네,
05:40:37,20437.64,05:40:40,20440.72,UNKNOWN,에에 에랑겔이 좀 빡세긴 해,
05:40:40,20440.72,05:40:43,20443.04,UNKNOWN,아싸 0에서 벗어났다 23,
05:40:43,20443.68,05:40:47,20447.68,UNKNOWN,어? 이번에 내가 0 드릴 거 같은데,
05:40:47,20447.68,05:40:48,20448.68,UNKNOWN,잠깐만,
05:40:48,20448.68,05:40:49,20449.68,UNKNOWN,맞네,
05:40:49,20449.68,05:40:50,20450.68,UNKNOWN,형 0 0 1이야,
05:40:50,20450.68,05:40:51,20451.68,UNKNOWN,안돼,
05:40:51,20451.68,05:40:54,20454.68,UNKNOWN,와 600 드리나 했어?,
05:40:54,20454.68,05:40:56,20456.68,UNKNOWN,좀 많이 했어,
05:40:56,20456.68,05:40:59,20459.68,UNKNOWN,우리 작은 맵 할까? 카라퀸도 재밌잖아,
05:40:59,20459.68,05:41:00,20460.68,UNKNOWN,카라퀸 재밌지,
05:41:00,20460.68,05:41:02,20462.68,UNKNOWN,오 카라퀸 좋아해 나도,
05:41:02,20462.68,05:41:03,20463.68,UNKNOWN,아 그래?,
05:41:03,20463.68,05:41:04,20464.68,UNKNOWN,어,
05:41:04,20464.68,05:41:05,20465.68,UNKNOWN,카라퀸 좋아해?,
05:41:05,20465.68,05:41:10,20470.68,UNKNOWN,왜? 카라퀸 재밌는데 나 미라모? 미라마? 그거만 아니면 돼,
05:41:10,20470.68,05:41:11,20471.68,UNKNOWN,미라마 진짜 별로긴 해,
05:41:11,20471.68,05:41:12,20472.68,UNKNOWN,미라마 좋아하는데?,
05:41:12,20472.68,05:41:13,20473.68,UNKNOWN,진짜!,
05:41:13,20473.68,05:41:17,20477.68,UNKNOWN,그 차 끌고 다니는 맵이 은근히 별로야,
05:41:17,20477.68,05:41:21,20481.68,UNKNOWN,아 맵이 너무 커서 차 끌고 다니는 거까진 괜찮은데,
05:41:21,20481.68,05:41:24,20484.68,UNKNOWN,미라마 너무 모래폭풍이 너무 싫음,
05:41:24,20484.68,05:41:27,20487.68,UNKNOWN,너무 싫어 너무 싫어,
05:41:27,20487.68,05:41:32,20492.68,UNKNOWN,미라마를 다들 싫어하니까 미라마에서 1등 하기가 조금 쉬워,
05:41:32,20492.68,05:41:34,20494.68,UNKNOWN,아 그런가?,
05:41:34,20494.68,05:41:35,20495.68,UNKNOWN,일리가 있는데?,
05:41:35,20495.68,05:41:42,20502.66,UNKNOWN,그래서 최근에 최근 1등을 미라마에서 했어,
05:41:42,20502.66,05:41:44,20504.66,UNKNOWN,그런 거 하나 외우는 거야?,
05:41:44,20504.66,05:41:47,20507.66,UNKNOWN,최근에 1등을 어디서 했는지까지 외우고 있는 거 아니야?,
05:41:47,20507.66,05:41:48,20508.66,UNKNOWN,난 안 외워,
05:41:48,20508.66,05:41:50,20510.66,UNKNOWN,소중한 1치킨?,
05:41:50,20510.66,05:41:55,20515.66,UNKNOWN,지금 00000 023 0인데 그런 거 봐도 외워야지,
05:41:55,20515.66,05:41:58,20518.66,UNKNOWN,와 스쿼드로 200하면 진짜 난리 나겠다,
05:41:58,20518.66,05:42:00,20520.66,UNKNOWN,이거 정신 없겠는데?,
05:42:00,20520.66,05:42:03,20523.66,UNKNOWN,이거 솔로로 해도 진짜 정신 하나도 없는데,
05:42:03,20523.66,05:42:05,20525.66,UNKNOWN,해보지 뭐 할 수 있어,
05:42:05,20525.66,05:42:08,20528.66,UNKNOWN,알 하빨 가자 알 하빨,
05:42:08,20528.66,05:42:09,20529.66,UNKNOWN,오케이,
05:42:09,20529.66,05:42:13,20533.66,UNKNOWN,이거 갈까? 저희도 너무 먼가? 안 가봐서 저기까지 날아갈 수 있나?,
05:42:13,20533.66,05:42:15,20535.66,UNKNOWN,할 수 있을 걸?,
05:42:15,20535.66,05:42:16,20536.66,UNKNOWN,오케이,
05:42:16,20536.66,05:42:21,20541.66,UNKNOWN,어 근데 좀 일찍 펴야지 갈 수 있을 듯? 모르겠다 나도,
05:42:21,20541.66,05:42:28,20548.7,UNKNOWN,저렇게 난 200하면 그냥 수직 낙하 해버려가지고,
05:42:28,20548.7,05:42:31,20551.7,UNKNOWN,형 믿어 형 전문 맵이라고 했으니까,
05:42:31,20551.7,05:42:33,20553.7,UNKNOWN,여기서 많이 죽어봤어,
05:42:33,20553.7,05:42:34,20554.7,UNKNOWN,그 전문이요?,
05:42:34,20554.7,05:42:36,20556.7,UNKNOWN,어 곳곳에서 죽어봤어,
05:42:36,20556.7,05:42:37,20557.7,UNKNOWN,오케이,
05:42:37,20557.7,05:42:45,20565.26,UNKNOWN,배에서도 죽어봤고 도시에서도 죽어봤고 지하에서도 죽어봤고,
05:42:45,20565.26,05:42:46,20566.26,UNKNOWN,좋은데?,
05:42:46,20566.26,05:42:47,20567.26,UNKNOWN,어,
05:42:49,20569.77,05:42:54,20574.77,UNKNOWN,스쿼드 멤버함 짜봐 형이 하고 싶은 사람 딱 얘기해 데려올게,
05:42:55,20575.77,05:42:58,20578.77,UNKNOWN,내가 픽하는 거야? 그건 졸라 부담스러운데?,
05:42:58,20578.77,05:42:59,20579.77,UNKNOWN,그치,
05:42:59,20579.77,05:43:01,20581.77,UNKNOWN,그냥 니가 골라줘,
05:43:02,20582.77,05:43:03,20583.77,UNKNOWN,맨날 해줘만 하지 말고,
05:43:03,20583.77,05:43:04,20584.77,UNKNOWN,해줘,
05:43:06,20586.77,05:43:07,20587.77,UNKNOWN,해줘,
05:43:07,20587.77,05:43:09,20589.77,UNKNOWN,형이 원하는 거 얘기하면 나도 없을 거 같긴 해,
05:43:09,20589.77,05:43:12,20592.77,UNKNOWN,아 난 니가 원하는 게 다 좋아 나도,
05:43:12,20592.77,05:43:14,20594.77,UNKNOWN,그럼 둘이서 듀오 계속하고,
05:43:14,20594.77,05:43:16,20596.77,UNKNOWN,그래 우리 둘이 계속하자,
05:43:16,20596.77,05:43:19,20599.77,UNKNOWN,나를 일제히 코치 좀 해줘라 나를 원해?,
05:43:19,20599.77,05:43:21,20601.77,UNKNOWN,나를 원해,
05:43:22,20602.77,05:43:24,20604.77,UNKNOWN,블루씨 알패스 당한다,
05:43:24,20604.77,05:43:26,20606.77,UNKNOWN,그래 우린 블루가 있어야지,
05:43:27,20607.77,05:43:28,20608.77,UNKNOWN,왜 나를 원해?,
05:43:28,20608.77,05:43:31,20611.59,UNKNOWN,어 좀 멀긴 하네?,
05:43:31,20611.59,05:43:33,20613.59,UNKNOWN,여기 먹어야겠다,
05:43:33,20613.59,05:43:35,20615.59,UNKNOWN,여기도 근데 다 날아가시잖아,
05:43:35,20615.59,05:43:37,20617.59,UNKNOWN,근데 이거 F 누르고 날아가면 할 것 같은데?,
05:43:37,20617.59,05:43:38,20618.59,UNKNOWN,어 날아갈 수 있어,
05:43:42,20622.29,05:43:44,20624.29,UNKNOWN,우리 파밍 많이 필요해?,
05:43:44,20624.29,05:43:46,20626.29,UNKNOWN,많이 필요 없잖아 파밍,
05:43:46,20626.29,05:43:48,20628.29,UNKNOWN,어 많이는 필요 없긴 한데,
05:43:48,20628.29,05:43:49,20629.29,UNKNOWN,요렇게 먹자 이렇게,
05:43:49,20629.29,05:43:50,20630.29,UNKNOWN,여기?,
05:43:50,20630.29,05:43:51,20631.29,UNKNOWN,그래,
05:43:51,20631.29,05:43:54,20634.3,UNKNOWN,내가 여기 먹어,
05:43:54,20634.3,05:43:56,20636.3,UNKNOWN,쓱쓱 먹으면 되지 뭐,
05:43:58,20638.3,05:44:01,20641.3,UNKNOWN,어차피 이 맵은 그렇게 많이 그거 없을 거 같은데,
05:44:01,20641.3,05:44:08,20648.89,UNKNOWN,맞아 여기 배율도 4배율부터는 보급이고,
05:44:08,20648.89,05:44:09,20649.89,UNKNOWN,사실상 총이 좀,
05:44:09,20649.89,05:44:13,20653.97,UNKNOWN,이 맵 좋다더니 많이 했나 보네,
05:44:13,20653.97,05:44:14,20654.97,UNKNOWN,맵을 확실히 잘 알고 있네,
05:44:14,20654.97,05:44:15,20655.97,UNKNOWN,그니까,
05:44:18,20658.44,05:44:20,20660.44,UNKNOWN,이 맵에 수류탄 없다는 건 알고 있는데,
05:44:20,20660.44,05:44:21,20661.44,UNKNOWN,맞아,
05:44:21,20661.44,05:44:22,20662.44,UNKNOWN,수류탄이 없던데,
05:44:22,20662.44,05:44:23,20663.44,UNKNOWN,다 점차폭탄이,
05:44:23,20663.44,05:44:24,20664.44,UNKNOWN,어? 수류탄이 없어요?,
05:44:24,20664.44,05:44:26,20666.44,UNKNOWN,아 점차폭탄 밖에 없구나 아 그러네,
05:44:26,20666.44,05:44:28,20668.44,UNKNOWN,그래서 좀 구려,
05:44:28,20668.44,05:44:29,20669.44,UNKNOWN,아,
05:44:29,20669.44,05:44:30,20670.44,UNKNOWN,수류탄이 없어,
05:44:30,20670.44,05:44:31,20671.44,UNKNOWN,수류탄은 C,
05:44:31,20671.44,05:44:33,20673.44,UNKNOWN,어차피 난 잘 못 던져놨네,
05:44:33,20673.44,05:44:34,20674.44,UNKNOWN,저쪽도 못 던져놨네,
05:44:34,20674.44,05:44:37,20677.44,UNKNOWN,수류탄도 없는 맵이 어딨어,
05:44:37,20677.44,05:44:38,20678.44,UNKNOWN,이럴 겠다,
05:44:38,20678.44,05:44:41,20681.44,UNKNOWN,하염병이 그러면 주원하면 보통 하염병,
05:44:41,20681.44,05:44:45,20685.71,UNKNOWN,점차폭탄 하나 없나?,
05:44:46,20686.71,05:44:47,20687.71,UNKNOWN,점차폭탄,
05:44:47,20687.71,05:44:49,20689.71,UNKNOWN,점차폭탄 2개,
05:44:49,20689.71,05:44:50,20690.71,UNKNOWN,음 거기,
05:44:50,20690.71,05:44:51,20691.71,UNKNOWN,점차폭탄 아이템 먹는 형 아니야?,
05:44:51,20691.71,05:44:52,20692.71,UNKNOWN,깨서 들어가면 돼,
05:44:52,20692.71,05:44:58,20698.68,UNKNOWN,나 GMR이 없는데,
05:44:58,20698.68,05:45:00,20700.68,UNKNOWN,오다다다,
05:45:00,20700.68,05:45:01,20701.68,UNKNOWN,오다다다,
05:45:01,20701.68,05:45:02,20702.68,UNKNOWN,와 레바 이런 것도 알고 있어?,
05:45:02,20702.68,05:45:03,20703.68,UNKNOWN,알지,
05:45:03,20703.68,05:45:05,20705.68,UNKNOWN,이야,
05:45:06,20706.68,05:45:08,20708.68,UNKNOWN,이 맵에서 얼마나 많이 죽어봤는데,
05:45:08,20708.68,05:45:15,20715.22,UNKNOWN,그래 엄청나,
05:45:19,20719.9,05:45:23,20723.15,UNKNOWN,난 우리 팀을 위해서,
05:45:23,20723.15,05:45:25,20725.15,UNKNOWN,응 처장 들기,
05:45:25,20725.15,05:45:26,20726.15,UNKNOWN,엥?,
05:45:26,20726.15,05:45:27,20727.15,UNKNOWN,좋은데?,
05:45:27,20727.15,05:45:29,20729.15,UNKNOWN,응 우리 팀 안 죽으면 되니까,
05:45:29,20729.15,05:45:34,20734.42,UNKNOWN,근데 우리 팀을 위해서 들거면 너가 총을 들어야,
05:45:34,20734.42,05:45:37,20737.42,UNKNOWN,나 그거 하려다가 말한 건데,
05:45:37,20737.42,05:45:39,20739.42,UNKNOWN,총 1번을 총 들었어,
05:45:39,20739.42,05:45:46,20746.38,UNKNOWN,여기 어그 있다,
05:45:46,20746.38,05:45:50,20750.39,UNKNOWN,어그?,
05:45:50,20750.39,05:45:51,20751.39,UNKNOWN,어 피해네,
05:45:51,20751.39,05:45:52,20752.39,UNKNOWN,어그,
05:45:52,20752.39,05:45:53,20753.39,UNKNOWN,나는 왜 이렇게 느려,
05:45:53,20753.39,05:45:55,20755.39,UNKNOWN,딴 생각하고 있었어,
05:45:56,20756.39,05:45:59,20759.39,UNKNOWN,레바님이랑 누구 이어줄지?,
05:45:59,20759.39,05:46:00,20760.39,UNKNOWN,어 그러니까,
05:46:00,20760.39,05:46:01,20761.39,UNKNOWN,어 뭐야,
05:46:01,20761.39,05:46:02,20762.39,UNKNOWN,고민하고 있었는데,
05:46:02,20762.39,05:46:04,20764.39,UNKNOWN,뭐야 아직 안 끝났어?,
05:46:04,20764.39,05:46:06,20766.39,UNKNOWN,나도 준비하고 있을게,
05:46:06,20766.39,05:46:07,20767.39,UNKNOWN,형 안 끝나,
05:46:08,20768.39,05:46:09,20769.39,UNKNOWN,어그 어딨어,
05:46:09,20769.39,05:46:11,20771.39,UNKNOWN,영영 끝나지 않지 그래서,
05:46:11,20771.39,05:46:13,20773.39,UNKNOWN,나는 5탄 찍어놨는데 어그는 나 아니야,
05:46:13,20773.39,05:46:15,20775.39,UNKNOWN,내가 찍었어 4번,
05:46:15,20775.39,05:46:17,20777.39,UNKNOWN,4번 어그 먹고,
05:46:17,20777.39,05:46:19,20779.39,UNKNOWN,대탄 필요한 사람?,
05:46:19,20779.39,05:46:20,20780.39,UNKNOWN,음,
05:46:20,20780.39,05:46:21,20781.39,UNKNOWN,괜찮,
05:46:21,20781.39,05:46:22,20782.39,UNKNOWN,괜찮,
05:46:22,20782.39,05:46:24,20784.39,UNKNOWN,나 SMG 대탄 필요해,
05:46:24,20784.39,05:46:25,20785.39,UNKNOWN,어 여기 있다,
05:46:25,20785.39,05:46:26,20786.39,UNKNOWN,여기 있다,
05:46:26,20786.39,05:46:27,20787.39,UNKNOWN,어 처럭 피,
05:46:27,20787.39,05:46:28,20788.39,UNKNOWN,자자자자 초록 피?,
05:46:28,20788.39,05:46:29,20789.39,UNKNOWN,어,
05:46:29,20789.39,05:46:30,20790.39,UNKNOWN,초록 피 가까운데,
05:46:30,20790.39,05:46:31,20791.39,UNKNOWN,올라가고 있었어 초록 피,
05:46:31,20791.39,05:46:32,20792.39,UNKNOWN,님들 앞임 님들 앞임,
05:46:32,20792.39,05:46:33,20793.39,UNKNOWN,어디지?,
05:46:33,20793.39,05:46:34,20794.39,UNKNOWN,가면 길 찾는 중,
05:46:34,20794.39,05:46:37,20797.98,UNKNOWN,예예,
05:46:37,20797.98,05:46:48,20808.84,UNKNOWN,여기 바로 앞에,
05:46:48,20808.84,05:46:49,20809.84,UNKNOWN,하나 기절,
05:46:49,20809.84,05:46:50,20810.84,UNKNOWN,하고 있다,
05:46:50,20810.84,05:46:51,20811.84,UNKNOWN,친구 어디있어,
05:46:51,20811.84,05:46:52,20812.84,UNKNOWN,그 밑에,
05:46:52,20812.84,05:46:53,20813.84,UNKNOWN,여기 여기 여기,
05:46:53,20813.84,05:46:54,20814.84,UNKNOWN,여기 쪽에,
05:46:54,20814.84,05:46:55,20815.84,UNKNOWN,여기 쪽에 있었어,
05:46:55,20815.84,05:46:56,20816.84,UNKNOWN,올라갔어,
05:46:56,20816.84,05:46:57,20817.84,UNKNOWN,아 위에,
05:46:57,20817.84,05:46:58,20818.84,UNKNOWN,어 어,
05:46:58,20818.84,05:46:59,20819.84,UNKNOWN,아 여기구나,
05:46:59,20819.84,05:47:00,20820.84,UNKNOWN,담벼락 뒤에 있는 줄 알았는데,
05:47:00,20820.84,05:47:01,20821.84,UNKNOWN,어 저기,
05:47:01,20821.84,05:47:02,20822.84,UNKNOWN,아니 그게,
05:47:02,20822.84,05:47:03,20823.84,UNKNOWN,위 위에,
05:47:03,20823.84,05:47:04,20824.84,UNKNOWN,막 이렇게,
05:47:04,20824.84,05:47:05,20825.84,UNKNOWN,대단해,
05:47:05,20825.84,05:47:08,20828.98,UNKNOWN,오,
05:47:08,20828.98,05:47:09,20829.98,UNKNOWN,percent,
05:47:10,20830.98,05:47:12,20832.98,UNKNOWN,어디야?,
05:47:12,20832.98,05:47:14,20834.98,UNKNOWN,어디야? 아 여기있다,
05:47:14,20834.98,05:47:18,20838.87,UNKNOWN,건물 안에 있어?,
05:47:18,20838.87,05:47:20,20840.87,UNKNOWN,나 죽을...,
05:47:20,20840.87,05:47:30,20850.55,UNKNOWN,한 대 맞춰왔어,
05:47:30,20850.55,05:47:39,20859.43,UNKNOWN,담벼락! 아 담벼락 돌아왔다,
05:47:39,20859.43,05:47:49,20869.3,UNKNOWN,내가 치료해줄게,
05:47:49,20869.3,05:47:51,20871.3,UNKNOWN,잠깐 잠깐 우리 자기장,
05:47:51,20871.3,05:48:00,20880.76,UNKNOWN,네요,
05:48:00,20880.76,05:48:02,20882.76,UNKNOWN,몇명 나갔어? 다 죽었나?,
05:48:02,20882.76,05:48:04,20884.76,UNKNOWN,아니 기절이야,
05:48:04,20884.76,05:48:06,20886.76,UNKNOWN,일단 기절이었어요,
05:48:06,20886.76,05:48:10,20890.2,UNKNOWN,우리팀 살려야되겠는데,
05:48:10,20890.2,05:48:12,20892.2,UNKNOWN,우리팀 집 갈까?,
05:48:12,20892.2,05:48:17,20897.27,UNKNOWN,집 챙기자,
05:48:17,20897.27,05:48:19,20899.27,UNKNOWN,챙겼고 주민님 어디야?,
05:48:19,20899.27,05:48:21,20901.27,UNKNOWN,주민님 집 어디야?,
05:48:21,20901.27,05:48:23,20903.27,UNKNOWN,집 아닌가? 아 저있구나,
05:48:23,20903.27,05:48:25,20905.27,UNKNOWN,나 저 칩하고,
05:48:25,20905.27,05:48:27,20907.27,UNKNOWN,그,
05:48:27,20907.27,05:48:29,20909.27,UNKNOWN,살려서 늦게 들어갈테니까 형,
05:48:29,20909.27,05:48:31,20911.27,UNKNOWN,들어가있어? 아니야 함께하자,
05:48:31,20911.27,05:48:33,20913.27,UNKNOWN,운명을,
05:48:35,20915.27,05:48:37,20917.27,UNKNOWN,죽어도 같이 죽는거야,
05:48:37,20917.27,05:48:39,20919.27,UNKNOWN,되게 애니메이션 대사같았어,
05:48:39,20919.27,05:48:41,20921.27,UNKNOWN,약간 두 청춘,
05:48:43,20923.27,05:48:45,20925.27,UNKNOWN,전문이죠,
05:48:45,20925.27,05:48:47,20927.27,UNKNOWN,미친 겁나 많아,
05:48:47,20927.27,05:48:58,20938.39,UNKNOWN,들어가자 형,
05:48:58,20938.39,05:49:00,20940.39,UNKNOWN,이거 1번 들어가,
05:49:00,20940.39,05:49:05,20945.82,UNKNOWN,아 들어왔다 사람,
05:49:05,20945.82,05:49:11,20951.82,UNKNOWN,한 명,
05:49:11,20951.82,05:49:13,20953.82,UNKNOWN,나이스,
05:49:13,20953.82,05:49:15,20955.82,UNKNOWN,아니 에임 잘 잡는데?,
05:49:15,20955.82,05:49:17,20957.82,UNKNOWN,좋은데? 깜짝 놀랐네,
05:49:17,20957.82,05:49:19,20959.82,UNKNOWN,형 잘하네,
05:49:19,20959.82,05:49:21,20961.82,UNKNOWN,뭐야,
05:49:21,20961.82,05:49:23,20963.82,UNKNOWN,얘 어그 들고있어,
05:49:23,20963.82,05:49:25,20965.82,UNKNOWN,오케이,
05:49:25,20965.82,05:49:27,20967.82,UNKNOWN,일단 들어와,
05:49:27,20967.82,05:49:29,20969.82,UNKNOWN,형 멋있다,
05:49:29,20969.82,05:49:31,20971.82,UNKNOWN,그래도 살아남아서 다행이야,
05:49:31,20971.82,05:49:33,20973.82,UNKNOWN,아니 왜 자꾸 모든 대사가 애니메이션,
05:49:33,20973.82,05:49:35,20975.82,UNKNOWN,아니 왜 자꾸 모든 대사가 애니메이션,
05:49:35,20975.82,05:49:37,20977.82,UNKNOWN,아니 왜 자꾸 모든 대사가 애니메이션,
05:49:37,20977.82,05:49:39,20979.82,UNKNOWN,아니 만화가라서 어쩔 수 없어요,
05:49:39,20979.82,05:49:45,20985.98,UNKNOWN,아니 만화가라서 어쩔 수 없어요,
05:49:45,20985.98,05:49:47,20987.98,UNKNOWN,거기에 나오는 대사가 다 나오네,
05:49:47,20987.98,05:49:49,20989.98,UNKNOWN,거기에 나오는 대사가 다 나오네,
05:49:49,20989.98,05:49:56,20996.87,UNKNOWN,1번에 사람?,
05:49:56,20996.87,05:49:58,20998.87,UNKNOWN,링스가 있어?,
05:49:58,20998.87,05:50:00,21000.87,UNKNOWN,응 소리가 들리는데 고급에서 뽑았나봐,
05:50:00,21000.87,05:50:02,21002.87,UNKNOWN,살리는거 어딨지?,
05:50:02,21002.87,05:50:04,21004.87,UNKNOWN,송신기,
05:50:04,21004.87,05:50:06,21006.87,UNKNOWN,내가 살려볼게,
05:50:06,21006.87,05:50:08,21008.87,UNKNOWN,어머 해줘,
05:50:08,21008.87,05:50:16,21016.47,UNKNOWN,응?,
05:50:16,21016.47,05:50:18,21018.47,UNKNOWN,1번 올라가야 돼,
05:50:18,21018.47,05:50:23,21023.38,UNKNOWN,1번 올라가야 돼,
05:50:23,21023.38,05:50:25,21025.38,UNKNOWN,1번 올라가야 돼,
05:50:25,21025.38,05:50:27,21027.38,UNKNOWN,오케이,
05:50:27,21027.38,05:50:29,21029.38,UNKNOWN,나이스,
05:50:29,21029.38,05:50:37,21037.14,UNKNOWN,나이스,
05:50:37,21037.14,05:50:39,21039.14,UNKNOWN,올라가서,
05:50:39,21039.14,05:50:41,21041.14,UNKNOWN,싸워서,
05:50:41,21041.14,05:50:43,21043.14,UNKNOWN,먹어줘야되나,
05:50:43,21043.14,05:50:48,21048.63,UNKNOWN,템을,
05:50:48,21048.63,05:50:50,21050.63,UNKNOWN,너무 뭐가 없긴 하다,
05:50:50,21050.63,05:50:52,21052.63,UNKNOWN,너무 뭐가 없긴 하다,
05:50:52,21052.63,05:50:54,21054.63,UNKNOWN,템을 주기엔,
05:50:54,21054.63,05:50:58,21058.39,UNKNOWN,뭐야 이거 소리,
05:50:58,21058.39,05:51:00,21060.39,UNKNOWN,어 돌쪽인거 같아,
05:51:00,21060.39,05:51:04,21064.66,UNKNOWN,어 돌쪽인거 같아,
05:51:04,21064.66,05:51:08,21068.3,UNKNOWN,브리핑 좋다,
05:51:08,21068.3,05:51:10,21070.3,UNKNOWN,이거 뭐 시체 뭐야,
05:51:10,21070.3,05:51:12,21072.3,UNKNOWN,아무것도 없어,
05:51:12,21072.3,05:51:14,21074.3,UNKNOWN,아무것도 없어,
05:51:14,21074.3,05:51:16,21076.3,UNKNOWN,올라가자 이렇게 된거야,
05:51:16,21076.3,05:51:18,21078.3,UNKNOWN,일단 저기다가,
05:51:18,21078.3,05:51:20,21080.3,UNKNOWN,싸울 때 올라가자,
05:51:20,21080.3,05:51:22,21082.3,UNKNOWN,고지에서,
05:51:22,21082.3,05:51:24,21084.3,UNKNOWN,대사님 공감형 대답을 잘해주시네,
05:51:24,21084.3,05:51:26,21086.3,UNKNOWN,대사님 공감형 대답을 잘해주시네,
05:51:26,21086.3,05:51:28,21088.3,UNKNOWN,F수세요?,
05:51:28,21088.3,05:51:31,21091.99,UNKNOWN,T에요 여기 돌 뒤에,
05:51:31,21091.99,05:51:33,21093.99,UNKNOWN,아우 들켰다,
05:51:33,21093.99,05:51:35,21095.99,UNKNOWN,이제 내려야돼요,
05:51:35,21095.99,05:51:37,21097.99,UNKNOWN,내려서 살려줘야지,
05:51:37,21097.99,05:51:42,21102.2,UNKNOWN,여기라도 내려야되나?,
05:51:42,21102.2,05:51:44,21104.2,UNKNOWN,여기라도 내려야되나?,
05:51:44,21104.2,05:51:53,21113.59,UNKNOWN,여기라도 내려야되나?,
05:51:53,21113.59,05:51:55,21115.59,UNKNOWN,여기라도 내려야되나?,
05:51:55,21115.59,05:51:57,21117.59,UNKNOWN,안내려봐요,
05:51:57,21117.59,05:52:03,21123.4,UNKNOWN,안돼,
05:52:03,21123.4,05:52:08,21128.31,UNKNOWN,이 녀석들,
05:52:08,21128.31,05:52:15,21135.72,UNKNOWN,이 녀석들,
05:52:15,21135.72,05:52:22,21142.55,UNKNOWN,뭐지?,
05:52:22,21142.55,05:52:26,21146.86,UNKNOWN,잡아 잡아,
05:52:26,21146.86,05:52:28,21148.86,UNKNOWN,아깝다,
05:52:28,21148.86,05:52:30,21150.86,UNKNOWN,아쉽다 애들이 너무 자리가 좋았어,
05:52:30,21150.86,05:52:32,21152.86,UNKNOWN,아쉽다 애들이 너무 자리가 좋았어,
05:52:32,21152.86,05:52:34,21154.86,UNKNOWN,근데 이렇게 차 안타고 하는,
05:52:34,21154.86,05:52:36,21156.86,UNKNOWN,교전들 되게 재밌는거 같아,
05:52:36,21156.86,05:52:38,21158.86,UNKNOWN,극혜네요,
05:52:38,21158.86,05:52:40,21160.86,UNKNOWN,극혜네요,
05:52:40,21160.86,05:52:42,21162.86,UNKNOWN,교전이 있었나?,
05:52:42,21162.86,05:52:44,21164.86,UNKNOWN,교전이 있었나?,
05:52:44,21164.86,05:52:46,21166.86,UNKNOWN,난 00형인데 이상하다,
05:52:46,21166.86,05:52:50,21170.74,UNKNOWN,난 00형인데 이상하다,
05:52:50,21170.74,05:52:52,21172.74,UNKNOWN,나는 존재만으로도 도움이 돼,
05:52:52,21172.74,05:52:54,21174.74,UNKNOWN,나는 존재만으로도 도움이 돼,
05:52:54,21174.74,05:52:56,21176.74,UNKNOWN,그럼 신의 가오가 함께하고 있다고?,
05:52:56,21176.74,05:52:58,21178.74,UNKNOWN,그럼 누나가 있음으로써,
05:52:58,21178.74,05:53:00,21180.74,UNKNOWN,내가 썸네일에 한 컷도 쓸 수 있고 얼마나 좋아,
05:53:00,21180.74,05:53:02,21182.74,UNKNOWN,장난하나,
05:53:02,21182.74,05:53:04,21184.74,UNKNOWN,장난하나,
05:53:04,21184.74,05:53:06,21186.74,UNKNOWN,그런 용도야?,
05:53:06,21186.74,05:53:08,21188.74,UNKNOWN,용도라니 사람한테,
05:53:08,21188.74,05:53:10,21190.74,UNKNOWN,용도라니 사람한테,
05:53:10,21190.74,05:53:12,21192.74,UNKNOWN,불룩님이 먼저 그랬잖아,
05:53:12,21192.74,05:53:14,21194.74,UNKNOWN,불룩님이 먼저 그랬잖아,
05:53:14,21194.74,05:53:16,21196.74,UNKNOWN,방금 말하면 도구잖아 도구 그냥,
05:53:16,21196.74,05:53:18,21198.74,UNKNOWN,방금 말하면 도구잖아 도구 그냥,
05:53:18,21198.74,05:53:22,21202.22,UNKNOWN,도구라니,
05:53:22,21202.22,05:53:24,21204.22,UNKNOWN,쫀독이형이 금인 좋아하는 이유가 있어,
05:53:24,21204.22,05:53:27,21207.85,UNKNOWN,조회수 잘 나온다,
05:53:27,21207.85,05:53:29,21209.85,UNKNOWN,확실히 똑똑해,
05:53:29,21209.85,05:53:31,21211.85,UNKNOWN,그렇게 안 친해,
05:53:31,21211.85,05:53:33,21213.85,UNKNOWN,그렇게 안 친해,
05:53:33,21213.85,05:53:35,21215.85,UNKNOWN,채무자일 뿐이야,
05:53:35,21215.85,05:53:37,21217.85,UNKNOWN,채무자일 뿐이야,
05:53:37,21217.85,05:53:39,21219.85,UNKNOWN,조회수가 잘 나와?,
05:53:39,21219.85,05:53:41,21221.85,UNKNOWN,아니 안 나와요,
05:53:41,21221.85,05:53:43,21223.85,UNKNOWN,그냥 걔 그냥 저,
05:53:43,21223.85,05:53:45,21225.85,UNKNOWN,제 인생 망치고 싶어서,
05:53:45,21225.85,05:53:47,21227.85,UNKNOWN,그냥 순수톱,
05:53:47,21227.85,05:53:52,21232.92,UNKNOWN,검색해봐야지,
05:53:52,21232.92,05:53:54,21234.92,UNKNOWN,조회수 안 나와요,
05:53:54,21234.92,05:53:56,21236.92,UNKNOWN,그럼 조회수도 안 나오는데,
05:53:56,21236.92,05:53:58,21238.92,UNKNOWN,그렇게 말하는 거면,
05:53:58,21238.92,05:54:00,21240.92,UNKNOWN,이번에야말로 저 위에 갈 수 있겠는데,
05:54:00,21240.92,05:54:02,21242.92,UNKNOWN,어디 위에,
05:54:02,21242.92,05:54:04,21244.92,UNKNOWN,저기 개빡일텐데 괜찮을까?,
05:54:04,21244.92,05:54:06,21246.92,UNKNOWN,아 그런가? 그럼 딴 데 가도 돼,
05:54:06,21246.92,05:54:08,21248.92,UNKNOWN,우리,
05:54:08,21248.92,05:54:10,21250.92,UNKNOWN,뛰어가자,
05:54:10,21250.92,05:54:12,21252.92,UNKNOWN,거기 점착 있어야지 터지는 곳이 맞을 텐데,
05:54:12,21252.92,05:54:14,21254.92,UNKNOWN,거기 점착 있어야지 터지는 곳이 맞을 텐데,
05:54:14,21254.92,05:54:16,21256.92,UNKNOWN,일단 가보자,
05:54:16,21256.92,05:54:18,21258.92,UNKNOWN,그래,
05:54:18,21258.92,05:54:20,21260.92,UNKNOWN,아니 잘한다 가라키,
05:54:20,21260.92,05:54:22,21262.92,UNKNOWN,그러니까 진짜 많이 해봤다,
05:54:22,21262.92,05:54:24,21264.92,UNKNOWN,어 당해봤어,
05:54:24,21264.92,05:54:26,21266.92,UNKNOWN,진짜 다 당해봐서 아는 데이터야,
05:54:26,21266.92,05:54:37,21277.91,UNKNOWN,진짜 다 당해봐서 아는 데이터야,
05:54:37,21277.91,05:54:39,21279.91,UNKNOWN,도구 금이래 채팅창에,
05:54:39,21279.91,05:54:41,21281.91,UNKNOWN,도구 금이래,
05:54:41,21281.91,05:54:43,21283.91,UNKNOWN,아 진짜,
05:54:43,21283.91,05:54:45,21285.91,UNKNOWN,나 요즘 거울 치러 톡톡이 보는 중,
05:54:45,21285.91,05:54:47,21287.91,UNKNOWN,나 요즘 거울 치러 톡톡이 보는 중,
05:54:47,21287.91,05:54:49,21289.91,UNKNOWN,아 미칠 거 같아,
05:54:49,21289.91,05:54:51,21291.91,UNKNOWN,잘 되잖아 대신,
05:54:51,21291.91,05:54:53,21293.91,UNKNOWN,유튜브 잘되고 있잖아,
05:54:53,21293.91,05:54:55,21295.91,UNKNOWN,나한테 피해 보상 돈 줘야 돼,
05:54:55,21295.91,05:54:57,21297.91,UNKNOWN,정신적 피해 보상,
05:54:57,21297.91,05:54:59,21299.91,UNKNOWN,호츠도 똑같이 말하지 않았어,
05:54:59,21299.91,05:55:01,21301.91,UNKNOWN,호츠도 똑같이 말하지 않았어,
05:55:01,21301.91,05:55:03,21303.91,UNKNOWN,아 호츠,
05:55:03,21303.91,05:55:05,21305.91,UNKNOWN,구미님한테 말하지 않았어요?,
05:55:05,21305.91,05:55:07,21307.91,UNKNOWN,그래서 제가 거울 치료라고 했잖아,
05:55:07,21307.91,05:55:09,21309.91,UNKNOWN,그래서 제가 거울 치료라고 했잖아,
05:55:09,21309.91,05:55:17,21317.48,UNKNOWN,점착버튼 찾았다,
05:55:17,21317.48,05:55:19,21319.48,UNKNOWN,윙구사는 무슨 소용,
05:55:19,21319.48,05:55:21,21321.48,UNKNOWN,이제 동안 장난을 했으니까,
05:55:21,21321.48,05:55:23,21323.48,UNKNOWN,이거 제대로 할게요,
05:55:23,21323.48,05:55:25,21325.48,UNKNOWN,장난으로 했었다고?,
05:55:25,21325.48,05:55:27,21327.48,UNKNOWN,장난으로 했었다고?,
05:55:27,21327.48,05:55:29,21329.48,UNKNOWN,그럼요 이제 실력 보여줍니다,
05:55:29,21329.48,05:55:31,21331.48,UNKNOWN,왠지 사람이 아니더라고,
05:55:31,21331.48,05:55:33,21333.48,UNKNOWN,믿고 있었다고 젠장,
05:55:33,21333.48,05:55:35,21335.48,UNKNOWN,그게 무슨 소리지?,
05:55:35,21335.48,05:55:37,21337.48,UNKNOWN,얼마나 잘하려고,
05:55:37,21337.48,05:55:39,21339.48,UNKNOWN,역시 누나야,
05:55:39,21339.48,05:55:41,21341.48,UNKNOWN,여태까지 그냥,
05:55:41,21341.48,05:55:43,21343.48,UNKNOWN,발로 했구나,
05:55:43,21343.48,05:55:45,21345.48,UNKNOWN,알고 있었지,
05:55:45,21345.48,05:55:47,21347.48,UNKNOWN,알고 있었지,
05:55:51,21351.48,05:55:53,21353.48,UNKNOWN,역시 역시,
05:55:53,21353.48,05:55:55,21355.48,UNKNOWN,다 보여줄 시간,
05:55:55,21355.48,05:55:57,21357.48,UNKNOWN,다 보여줄 시간,
05:55:57,21357.48,05:55:59,21359.48,UNKNOWN,윙구사는 천재다,
05:55:59,21359.48,05:56:01,21361.48,UNKNOWN,쓰레기 쓰레기,
05:56:01,21361.48,05:56:05,21365.37,UNKNOWN,이거 쓰레기야?,
05:56:05,21365.37,05:56:10,21370.98,UNKNOWN,여기는 2번 총을 뭐 들어야 되지?,
05:56:10,21370.98,05:56:12,21372.98,UNKNOWN,여기는 2번 총을 뭐 들어야 되지?,
05:56:12,21372.98,05:56:14,21374.98,UNKNOWN,반처,
05:56:14,21374.98,05:56:16,21376.98,UNKNOWN,디엠알,
05:56:16,21376.98,05:56:18,21378.98,UNKNOWN,블스스 좋을 듯,
05:56:18,21378.98,05:56:20,21380.98,UNKNOWN,블스스 귀해 근데 여기서,
05:56:20,21380.98,05:56:24,21384.49,UNKNOWN,엄청 귀해요,
05:56:24,21384.49,05:56:26,21386.49,UNKNOWN,블스스에 또 기본으로 4배율 달려있다 보니까,
05:56:26,21386.49,05:56:28,21388.49,UNKNOWN,블스스에 또 기본으로 4배율 달려있다 보니까,
05:56:28,21388.49,05:56:30,21390.49,UNKNOWN,박사퀸 박사잖아,
05:56:30,21390.49,05:56:32,21392.49,UNKNOWN,이 좁은 배 위주만 하다 보니까,
05:56:32,21392.49,05:56:36,21396.95,UNKNOWN,이 좁은 배 위주만 하다 보니까,
05:56:36,21396.95,05:56:38,21398.95,UNKNOWN,사동 못하는 건 좀 충격이긴 하네,
05:56:38,21398.95,05:56:40,21400.95,UNKNOWN,사동 못하는 건 좀 충격이긴 하네,
05:56:40,21400.95,05:56:42,21402.95,UNKNOWN,여기 어그 있어,
05:56:42,21402.95,05:56:46,21406.26,UNKNOWN,여기 좁은 배이니까 난 베릴 써야겠다,
05:56:46,21406.26,05:56:48,21408.26,UNKNOWN,여기 좁은 배이니까 난 베릴 써야겠다,
05:56:48,21408.26,05:56:50,21410.26,UNKNOWN,점자폭탄이다,
05:56:50,21410.26,05:56:55,21415.75,UNKNOWN,왜 이렇게 홀로그램이 안 나오냐,
05:56:55,21415.75,05:57:12,21432.57,UNKNOWN,왜 이렇게 홀로그램이 안 나오냐,
05:57:21,21441.77,05:57:27,21447.35,UNKNOWN,거기는 이제 파밍할 만한 큰,
05:57:27,21447.35,05:57:29,21449.35,UNKNOWN,거긴 한 거 같은데,
05:57:29,21449.35,05:57:32,21452.86,UNKNOWN,맞아 없어,
05:57:32,21452.86,05:57:34,21454.86,UNKNOWN,내 뒤에 뭔가 따라오고 있어,
05:57:34,21454.86,05:57:36,21456.86,UNKNOWN,내 뒤에 뭔가 따라오고 있어,
05:57:36,21456.86,05:57:40,21460.23,UNKNOWN,여기 파밍하자,
05:57:40,21460.23,05:57:50,21470.78,UNKNOWN,내 주변에 뭔가 맴돌고 있어,
05:57:50,21470.78,05:57:52,21472.78,UNKNOWN,내 주변에 뭔가 맴돌고 있어,
05:57:52,21472.78,05:57:54,21474.78,UNKNOWN,어,
05:57:54,21474.78,05:57:56,21476.78,UNKNOWN,무서운 사람 쫓아와,
05:57:56,21476.78,05:57:58,21478.78,UNKNOWN,무서운 사람 쫓아와,
05:57:58,21478.78,05:58:00,21480.78,UNKNOWN,자석팬이다 자석팬,
05:58:00,21480.78,05:58:02,21482.78,UNKNOWN,자석팬 쫓아와요,
05:58:02,21482.78,05:58:04,21484.78,UNKNOWN,자석팬이다,
05:58:04,21484.78,05:58:06,21486.78,UNKNOWN,얘 뭐 던지는 건데,
05:58:06,21486.78,05:58:08,21488.78,UNKNOWN,피하기?,
05:58:08,21488.78,05:58:10,21490.78,UNKNOWN,피하기?,
05:58:10,21490.78,05:58:12,21492.78,UNKNOWN,나 누나 따라서 발로 한트 했던 사람이야,
05:58:12,21492.78,05:58:14,21494.78,UNKNOWN,나 누나 따라서 발로 한트 했던 사람이야 안티 플래시야,
05:58:14,21494.78,05:58:16,21496.78,UNKNOWN,성과 던질 거면 놔주지 근데,
05:58:16,21496.78,05:58:18,21498.78,UNKNOWN,나 성과 없는데,
05:58:18,21498.78,05:58:20,21500.78,UNKNOWN,하나 남았을까?,
05:58:20,21500.78,05:58:22,21502.78,UNKNOWN,하나 남았으면 누나가 써야지,
05:58:22,21502.78,05:58:24,21504.78,UNKNOWN,그럼 지금 쓸게?,
05:58:24,21504.78,05:58:28,21508.7,UNKNOWN,아니,
05:58:28,21508.7,05:58:30,21510.7,UNKNOWN,인서클 할게요,
05:58:30,21510.7,05:58:32,21512.7,UNKNOWN,파밍할 거 아직 많이 남았으면 여기로 와,
05:58:32,21512.7,05:58:34,21514.7,UNKNOWN,파밍할 거 아직 많이 남았으면 여기로 와,
05:58:34,21514.7,05:58:36,21516.7,UNKNOWN,어 뭐가 좀 있나보네,
05:58:36,21516.7,05:58:38,21518.7,UNKNOWN,지하 팔았어,
05:58:38,21518.7,05:58:40,21520.7,UNKNOWN,지하 팔았어,
05:58:40,21520.7,05:58:42,21522.7,UNKNOWN,모르는 게 뭐야,
05:58:42,21522.7,05:58:47,21527.42,UNKNOWN,지하에 한 마리 있어요?,
05:58:47,21527.42,05:58:49,21529.42,UNKNOWN,네 많아요,
05:58:49,21529.42,05:58:51,21531.42,UNKNOWN,어 왔어,
05:58:51,21531.42,05:58:53,21533.42,UNKNOWN,고민 해결,
05:58:53,21533.42,05:58:55,21535.42,UNKNOWN,어 뭐야 이거,
05:58:57,21537.42,05:59:01,21541.18,UNKNOWN,아니야 밖이야,
05:59:01,21541.18,05:59:03,21543.18,UNKNOWN,밖이야,
05:59:03,21543.18,05:59:05,21545.18,UNKNOWN,내 지하 기준에선 밖,
05:59:05,21545.18,05:59:07,21547.18,UNKNOWN,내 지하 기준에선 밖,
05:59:07,21547.18,05:59:12,21552.02,UNKNOWN,아 개 깜짝 놀랐네,
05:59:14,21554.02,05:59:20,21560.7,UNKNOWN,아 여기에 왜 사람이 있냐,
05:59:20,21560.7,05:59:28,21568.39,UNKNOWN,파랑 쇼핑이 있었어?,
05:59:28,21568.39,05:59:39,21579.03,UNKNOWN,어? 닿은 거 같은데? 아닌가?,
05:59:39,21579.03,05:59:41,21581.03,UNKNOWN,안 닿네,
05:59:41,21581.03,05:59:43,21583.03,UNKNOWN,앞에 나왔다,
05:59:43,21583.03,05:59:45,21585.03,UNKNOWN,나왔다고?,
05:59:45,21585.03,05:59:47,21587.03,UNKNOWN,아 앞에 불 불 불,
05:59:47,21587.03,05:59:49,21589.03,UNKNOWN,아 장식이,
05:59:49,21589.03,05:59:52,21592.54,UNKNOWN,너희들 안 나와?,
05:59:52,21592.54,05:59:56,21596.36,UNKNOWN,앞일 텐데,
05:59:56,21596.36,05:59:58,21598.36,UNKNOWN,이페라 딱히 앞진 않긴 한데,
05:59:58,21598.36,06:00:00,21600.36,UNKNOWN,나와야 될 텐데,
06:00:00,21600.36,06:00:02,21602.36,UNKNOWN,아래로 어디 가는 게 있나?,
06:00:02,21602.36,06:00:04,21604.36,UNKNOWN,아래로 갔나?,
06:00:04,21604.36,06:00:06,21606.36,UNKNOWN,지하 타고 내가 처음 들어간 입구로 갔을 수도 있는데,
06:00:06,21606.36,06:00:08,21608.36,UNKNOWN,지하 타고 내가 처음 들어간 입구로 갔을 수도 있는데,
06:00:08,21608.36,06:00:10,21610.36,UNKNOWN,쟤네들도 나올 그게 없긴 하다,
06:00:10,21610.36,06:00:13,21613.64,UNKNOWN,들어가면서 하자고,
06:00:13,21613.64,06:00:15,21615.64,UNKNOWN,아 맞다 우리팀 살려야 되지?,
06:00:15,21615.64,06:00:17,21617.64,UNKNOWN,아 맞다 우리팀 살려야 되지?,
06:00:17,21617.64,06:00:19,21619.64,UNKNOWN,아 참 거 참 이상한 데서 죽어갔네 이거,
06:00:19,21619.64,06:00:25,21625.96,UNKNOWN,아 참 거 참 이상한 데서 죽어갔네 이거,
06:00:25,21625.96,06:00:27,21627.96,UNKNOWN,오오오오오,
06:00:27,21627.96,06:00:29,21629.96,UNKNOWN,안돼 취향누나의 희생,
06:00:29,21629.96,06:00:33,21633.69,UNKNOWN,그래도 다행이다,
06:00:35,21635.69,06:00:37,21637.69,UNKNOWN,내가 잘 살려볼게,
06:00:37,21637.69,06:00:39,21639.69,UNKNOWN,언제까지 왔대 쟤들은,
06:00:39,21639.69,06:00:43,21643.38,UNKNOWN,그니까,
06:00:43,21643.38,06:00:45,21645.38,UNKNOWN,어딨어 레바야,
06:00:45,21645.38,06:00:47,21647.38,UNKNOWN,나 저기 구덩이 구덩이,
06:00:47,21647.38,06:00:49,21649.38,UNKNOWN,여기?,
06:00:49,21649.38,06:00:51,21651.38,UNKNOWN,나오자마자 금살당했어,
06:00:51,21651.38,06:00:53,21653.38,UNKNOWN,나오자마자 금살당했어,
06:00:53,21653.38,06:00:55,21655.38,UNKNOWN,이거 못 먹잖아 템 좀 먹을게,
06:00:55,21655.38,06:00:57,21657.38,UNKNOWN,이거 못 먹잖아 템 좀 먹을게,
06:00:57,21657.38,06:00:59,21659.38,UNKNOWN,M24랑 3대1 있어,
06:00:59,21659.38,06:01:05,21665.1,UNKNOWN,M24랑 3대1 있어,
06:01:05,21665.1,06:01:08,21668.54,UNKNOWN,7분 36초,
06:01:08,21668.54,06:01:10,21670.54,UNKNOWN,3명 살렸는데 20초 걸리나?,
06:01:10,21670.54,06:01:12,21672.54,UNKNOWN,3명 살렸는데 20초 걸리나?,
06:01:12,21672.54,06:01:14,21674.54,UNKNOWN,살리는 사람 숫자에 따라서 달라?,
06:01:14,21674.54,06:01:16,21676.54,UNKNOWN,살리는 사람 숫자에 따라서 달라?,
06:01:16,21676.54,06:01:18,21678.54,UNKNOWN,어 한 명당 5초씩 늘어,
06:01:18,21678.54,06:01:20,21680.54,UNKNOWN,어 한 명당 5초씩 늘어,
06:01:20,21680.54,06:01:22,21682.54,UNKNOWN,어 한 명당 5초씩 늘어,
06:01:22,21682.54,06:01:30,21690.94,UNKNOWN,지식이 늘었다,
06:01:30,21690.94,06:01:36,21696.94,UNKNOWN,아니야 아니야 살아있어,
06:01:36,21696.94,06:01:38,21698.94,UNKNOWN,조금 멀 뿐이야,
06:01:38,21698.94,06:01:40,21700.94,UNKNOWN,아니 난 진짜,
06:01:40,21700.94,06:01:42,21702.94,UNKNOWN,ESC 늘었는데,
06:01:42,21702.94,06:01:46,21706.73,UNKNOWN,매치나가기 힘들어서,
06:01:46,21706.73,06:01:48,21708.73,UNKNOWN,근데 웅터크래가,
06:01:48,21708.73,06:01:50,21710.73,UNKNOWN,그냥 저기,
06:01:50,21710.73,06:01:52,21712.73,UNKNOWN,합이 많이 할 수 있을 것 같고,
06:01:52,21712.73,06:02:00,21720.65,UNKNOWN,편히 하겠지,
06:02:04,21724.65,06:02:06,21726.65,UNKNOWN,여기 먹어야 되나 여기,
06:02:06,21726.65,06:02:08,21728.65,UNKNOWN,어 그러게,
06:02:08,21728.65,06:02:10,21730.65,UNKNOWN,여긴 내가 볼 땐,
06:02:10,21730.65,06:02:12,21732.65,UNKNOWN,점착폭탄으로 먹어야 될 것 같지,
06:02:12,21732.65,06:02:18,21738.17,UNKNOWN,23초,
06:02:18,21738.17,06:02:23,21743.14,UNKNOWN,23초,
06:02:23,21743.14,06:02:25,21745.14,UNKNOWN,난 어떻게 들어가지?,
06:02:25,21745.14,06:02:27,21747.14,UNKNOWN,잘,
06:02:27,21747.14,06:02:29,21749.14,UNKNOWN,어 정말,
06:02:29,21749.14,06:02:31,21751.14,UNKNOWN,도움이 된다,
06:02:31,21751.14,06:02:33,21753.14,UNKNOWN,그치,
06:02:33,21753.14,06:02:35,21755.14,UNKNOWN,딸밖에 없지,
06:02:35,21755.14,06:02:37,21757.14,UNKNOWN,넌 딸 아니야,
06:02:37,21757.14,06:02:39,21759.14,UNKNOWN,그럼 나머지 10명은 딸이라는 듯?,
06:02:39,21759.14,06:02:41,21761.14,UNKNOWN,우린 친구,
06:02:41,21761.14,06:02:43,21763.14,UNKNOWN,그럼 나머지 10명은 딸이라는 듯?,
06:02:43,21763.14,06:02:45,21765.14,UNKNOWN,아니 왜 그렇게 되는데 왜 그렇게 되나,
06:02:45,21765.14,06:02:47,21767.14,UNKNOWN,넌 딸 아니야라며,
06:02:47,21767.14,06:02:49,21769.14,UNKNOWN,아뇨 그건 다른 사람들이,
06:02:49,21769.14,06:02:51,21771.14,UNKNOWN,딸이라는 거지,
06:02:51,21771.14,06:02:53,21773.14,UNKNOWN,오 이런식으로 살아나는구나,
06:02:53,21773.14,06:02:57,21777.64,UNKNOWN,어 처음 살아나봐요?,
06:02:57,21777.64,06:02:59,21779.64,UNKNOWN,이 맵에서는 적어도,
06:02:59,21779.64,06:03:03,21783.11,UNKNOWN,처음 살아나봐요,
06:03:03,21783.11,06:03:05,21785.11,UNKNOWN,어디내려야 될지 몰라서 나 혼자 여기 내려오는데,
06:03:05,21785.11,06:03:07,21787.11,UNKNOWN,죽겠지?,
06:03:07,21787.11,06:03:09,21789.11,UNKNOWN,일단 난 블루랑,
06:03:09,21789.11,06:03:11,21791.11,UNKNOWN,사람이야? 사람이다 으아아아아,
06:03:11,21791.11,06:03:13,21793.11,UNKNOWN,여기 사람있어,
06:03:13,21793.11,06:03:23,21803.82,UNKNOWN,저기에 있었다,
06:03:23,21803.82,06:03:31,21811.29,UNKNOWN,와 진짜 뭔가 개맹같은거,
06:03:31,21811.29,06:03:33,21813.29,UNKNOWN,움직이길래 설마 사람인거 아닌데,
06:03:33,21813.29,06:03:35,21815.29,UNKNOWN,어? 어? 어? 뭐라고?,
06:03:35,21815.29,06:03:37,21817.29,UNKNOWN,쟤네 왜 죽은거야,
06:03:37,21817.29,06:03:41,21821.14,UNKNOWN,진아 누나가 누웠어,
06:03:41,21821.14,06:03:43,21823.14,UNKNOWN,파랑카핑을 조심해 저기 계속 있어,
06:03:43,21823.14,06:03:45,21825.14,UNKNOWN,한명이에요?,
06:03:45,21825.14,06:03:47,21827.14,UNKNOWN,일단 한명만 뛰어다니는 중,
06:03:47,21827.14,06:03:49,21829.14,UNKNOWN,이거 어떻게 살렸는데 또 죽은거야,
06:03:49,21829.14,06:03:51,21831.14,UNKNOWN,하하하하하,
06:03:51,21831.14,06:03:53,21833.14,UNKNOWN,미치겠네,
06:03:53,21833.14,06:03:56,21836.46,UNKNOWN,글쩍,
06:03:56,21836.46,06:04:07,21847.96,UNKNOWN,집에는 없었어,
06:04:07,21847.96,06:04:09,21849.96,UNKNOWN,홀로그램 홀로그램 홀로그램,
06:04:09,21849.96,06:04:11,21851.96,UNKNOWN,근데 저 파랑카핑에서 내려갔어요 조심,
06:04:11,21851.96,06:04:13,21853.96,UNKNOWN,어 연막탄 소리,
06:04:13,21853.96,06:04:15,21855.96,UNKNOWN,어느쪽으로 내려갔어요?,
06:04:15,21855.96,06:04:17,21857.96,UNKNOWN,아 저기,
06:04:17,21857.96,06:04:19,21859.96,UNKNOWN,춘향님 있는덴 없는거죠?,
06:04:19,21859.96,06:04:21,21861.96,UNKNOWN,일단 저 있는덴 없어요,
06:04:21,21861.96,06:04:23,21863.96,UNKNOWN,형 가자,
06:04:23,21863.96,06:04:25,21865.96,UNKNOWN,아마도,
06:04:25,21865.96,06:04:27,21867.96,UNKNOWN,아마도,
06:04:27,21867.96,06:04:29,21869.96,UNKNOWN,살리러가자고,
06:04:29,21869.96,06:04:31,21871.96,UNKNOWN,큰일난게 저는 옥상인데 내려갈수가 없어,
06:04:31,21871.96,06:04:35,21875.27,UNKNOWN,어? 어떻게 살리지?,
06:04:35,21875.27,06:04:38,21878.84,UNKNOWN,이 연막 뭐야 일부에도 있어,
06:04:38,21878.84,06:04:43,21883.43,UNKNOWN,저거 올라갈수가 없는데,
06:04:43,21883.43,06:04:45,21885.43,UNKNOWN,아니야 저기 저 파랑색핑,
06:04:45,21885.43,06:04:47,21887.43,UNKNOWN,요 위에도 있어,
06:04:47,21887.43,06:04:49,21889.43,UNKNOWN,저 파랑색핑을 이용해서,
06:04:49,21889.43,06:04:51,21891.43,UNKNOWN,아 저기로 옥상옥상옥상,
06:04:51,21891.43,06:04:55,21895.8,UNKNOWN,오른쪽 노란핑에서 지금,
06:04:55,21895.8,06:04:57,21897.8,UNKNOWN,아 잠깐만,
06:04:57,21897.8,06:05:20,21920.73,UNKNOWN,우리 우덜권 올라가야돼,
06:05:20,21920.73,06:05:22,21922.73,UNKNOWN,오케이 오케이,
06:05:22,21922.73,06:05:27,21927.03,UNKNOWN,어 근데 이 마을 살릴수 있는 마을인데,
06:05:27,21927.03,06:05:29,21929.03,UNKNOWN,오 나이스,
06:05:29,21929.03,06:05:31,21931.03,UNKNOWN,오케이 오케이 살았어 살았어,
06:05:31,21931.03,06:05:33,21933.03,UNKNOWN,나이스,
06:05:33,21933.03,06:05:35,21935.03,UNKNOWN,뒤에서 계속 쏜다,
06:05:35,21935.03,06:05:37,21937.03,UNKNOWN,위로 올라가 보자,
06:05:37,21937.03,06:05:41,21941.37,UNKNOWN,오 에이스 견제,
06:05:41,21941.37,06:05:56,21956.39,UNKNOWN,어차피 내가 살아도 난 맨손이야,
06:05:56,21956.39,06:05:58,21958.39,UNKNOWN,빨리 우리 팀한테 붙자,
06:05:58,21958.39,06:06:00,21960.39,UNKNOWN,빨리 우리 팀한테 붙자,
06:06:00,21960.39,06:06:02,21962.39,UNKNOWN,빨리!,
06:06:02,21962.39,06:06:07,21967.82,UNKNOWN,우리 팀한테 붙자,
06:06:07,21967.82,06:06:09,21969.82,UNKNOWN,아우 우리 양각이야,
06:06:09,21969.82,06:06:11,21971.82,UNKNOWN,내가 조금만,
06:06:11,21971.82,06:06:15,21975.1,UNKNOWN,걷 속 들어가 있어,
06:06:15,21975.1,06:06:18,21978.41,UNKNOWN,아우 아파 아우,
06:06:18,21978.41,06:06:20,21980.41,UNKNOWN,툭패기도 없다,
06:06:20,21980.41,06:06:22,21982.41,UNKNOWN,아 나 천형님 쪽에 사람 있는줄 알고 총우느라,
06:06:22,21982.41,06:06:24,21984.41,UNKNOWN,AI 보정기 필요하니?,
06:06:24,21984.41,06:06:26,21986.41,UNKNOWN,괜찮은지 지금,
06:06:26,21986.41,06:06:32,21992.63,UNKNOWN,맞는거야?,
06:06:32,21992.63,06:06:37,21997.42,UNKNOWN,와 살아 돌아오셨어,
06:06:37,21997.42,06:06:39,21999.42,UNKNOWN,천형님은 뒤로 가셨지만,
06:06:39,21999.42,06:06:56,22016.07,UNKNOWN,제가 유브라블 손을 쥐고 왔으니,
06:06:56,22016.07,06:06:58,22018.07,UNKNOWN,아 눈이 없어,
06:06:58,22018.07,06:07:02,22022.76,UNKNOWN,맞았어,
06:07:02,22022.76,06:07:04,22024.76,UNKNOWN,이쪽 산에 올라올까봐,
06:07:04,22024.76,06:07:08,22028.71,UNKNOWN,1번 산에 올라올까봐,
06:07:08,22028.71,06:07:12,22032.18,UNKNOWN,기절 살려봐,
06:07:12,22032.18,06:07:19,22039.75,UNKNOWN,오케이,
06:07:19,22039.75,06:07:21,22041.75,UNKNOWN,연막을 하나 깔아줄게,
06:07:21,22041.75,06:07:25,22045.26,UNKNOWN,잠깐 정면에 정면에 온다,
06:07:25,22045.26,06:07:28,22048.76,UNKNOWN,여기 여기,
06:07:28,22048.76,06:07:30,22050.76,UNKNOWN,아 위치 개많아,
06:07:34,22054.04,06:07:36,22056.04,UNKNOWN,여기 여기 여기,
06:07:36,22056.04,06:07:42,22062.97,UNKNOWN,돌 위에 사람,
06:07:42,22062.97,06:07:44,22064.97,UNKNOWN,나이스,
06:07:44,22064.97,06:07:46,22066.97,UNKNOWN,근데 잘한다,
06:07:46,22066.97,06:07:48,22068.97,UNKNOWN,손님을 살리는 판단,
06:07:48,22068.97,06:07:50,22070.97,UNKNOWN,굉장히,
06:07:50,22070.97,06:07:55,22075.46,UNKNOWN,그분님 바닥에 내려다,
06:07:55,22075.46,06:07:57,22077.46,UNKNOWN,내가 바닥에 내려다 놓고,
06:07:57,22077.46,06:08:00,22080.81,UNKNOWN,용서해 주십시오,
06:08:00,22080.81,06:08:02,22082.81,UNKNOWN,확실히 티다,
06:08:02,22082.81,06:08:04,22084.81,UNKNOWN,감정이 휩쓸리지 않아,
06:08:04,22084.81,06:08:26,22106.04,UNKNOWN,내 엄마,
06:08:26,22106.04,06:08:34,22114.18,UNKNOWN,여기 있다 1번에,
06:08:34,22114.18,06:08:36,22116.18,UNKNOWN,1번,
06:08:36,22116.18,06:08:38,22118.18,UNKNOWN,지금 4방이래,
06:08:38,22118.18,06:08:41,22121.94,UNKNOWN,4방 8방에 다 있어,
06:08:41,22121.94,06:08:46,22126.6,UNKNOWN,4방 걸면 다 있어,
06:08:46,22126.6,06:09:00,22140.6,UNKNOWN,숨어있어야 해,
06:09:00,22140.6,06:09:05,22145.96,UNKNOWN,어 저 꼭대기,
06:09:05,22145.96,06:09:10,22150.46,UNKNOWN,고개 내민다,
06:09:10,22150.46,06:09:21,22161.61,UNKNOWN,내가 미끼가 될게,
06:09:21,22161.61,06:09:23,22163.61,UNKNOWN,아니야 그러지마,
06:09:23,22163.61,06:09:28,22168.78,UNKNOWN,어,
06:09:28,22168.78,06:09:30,22170.78,UNKNOWN,아악,
06:09:30,22170.78,06:09:32,22172.78,UNKNOWN,잠깐 윈체스터야,
06:09:32,22172.78,06:09:37,22177.4,UNKNOWN,어 뭐야,
06:09:37,22177.4,06:09:39,22179.4,UNKNOWN,개 고수인데,
06:09:39,22179.4,06:09:41,22181.4,UNKNOWN,11명 우리 빼고 9명,
06:09:41,22181.4,06:09:43,22183.4,UNKNOWN,원티였다,
06:09:43,22183.4,06:09:47,22187.83,UNKNOWN,아니야 쟤들이,
06:09:47,22187.83,06:09:49,22189.83,UNKNOWN,고개를 내밀 수 있게,
06:09:49,22189.83,06:09:56,22196.41,UNKNOWN,이렇게 움직여준거지,
06:09:56,22196.41,06:10:26,22226.31,UNKNOWN,뚝배기가 하나도 없네,
06:10:26,22226.31,06:10:28,22228.31,UNKNOWN,움직일게 없냐,
06:10:28,22228.31,06:10:37,22237.45,UNKNOWN,뒤에 다 죽었어?,
06:10:37,22237.45,06:10:39,22239.45,UNKNOWN,아 연막때매,
06:10:39,22239.45,06:10:41,22241.45,UNKNOWN,위에 둘,
06:10:41,22241.45,06:10:43,22243.45,UNKNOWN,위에 모른다,
06:10:43,22243.45,06:10:45,22245.45,UNKNOWN,아,
06:10:45,22245.45,06:10:47,22247.45,UNKNOWN,아까비,
06:10:47,22247.45,06:10:49,22249.45,UNKNOWN,쟤도 들어가기 힘들걸,
06:10:49,22249.45,06:10:53,22253.02,UNKNOWN,와 근데 여기,
06:10:53,22253.02,06:10:55,22255.02,UNKNOWN,스쿼드 진짜 빡세다 맵,
06:10:55,22255.02,06:10:59,22259.96,UNKNOWN,아이고,
06:10:59,22259.96,06:11:01,22261.96,UNKNOWN,3등이라니,
06:11:01,22261.96,06:11:03,22263.96,UNKNOWN,다들 무빙이 초보가 아니네,
06:11:03,22263.96,06:11:07,22267.59,UNKNOWN,그렇지,
06:11:07,22267.59,06:11:09,22269.59,UNKNOWN,아싸,
06:11:09,22269.59,06:11:11,22271.59,UNKNOWN,나만 0 0 0 아니다,
06:11:11,22271.59,06:11:13,22273.59,UNKNOWN,아 나 1000딜다 왔는데,
06:11:13,22273.59,06:11:14,22274.93,UNKNOWN,이걸 못 이겼어,
06:11:14,22274.93,06:11:15,22275.59,UNKNOWN,와,
06:11:15,22275.59,06:11:16,22276.63,UNKNOWN,나도 이게 뭐야,
06:11:16,22276.63,06:11:48,22308.62,UNKNOWN,까 ю,
06:11:48,22308.62,06:11:49,22309.18,UNKNOWN,근데,
06:11:49,22309.18,06:11:52,22312.18,UNKNOWN,이렇게 생각할게,
06:11:52,22312.18,06:11:57,22317.47,UNKNOWN,우리 나쁘지 않아,
06:11:57,22317.47,06:12:01,22321.47,UNKNOWN,맞아 블루가 1500딜만 하면 이길 수 있어요,
06:12:01,22321.47,06:12:06,22326.47,UNKNOWN,비록 지금 거의 1000딜로 못했을 뿐,
06:12:06,22326.47,06:12:07,22327.47,UNKNOWN,500딜만 더 하자,
06:12:07,22327.47,06:12:10,22330.47,UNKNOWN,내가 이만큼 했는데 미치니까,
06:12:10,22330.47,06:12:12,22332.47,UNKNOWN,500딜만 더 하자,
06:12:12,22332.47,06:12:15,22335.47,UNKNOWN,이누아는 십 몇 년 동안 만나도 서드 할 때부터 이러더니,
06:12:15,22335.47,06:12:17,22337.47,UNKNOWN,지금까지도 이러고 있네,
06:12:17,22337.47,06:12:20,22340.47,UNKNOWN,서드는 서드는 업어줬었어,
06:12:20,22340.47,06:12:22,22342.47,UNKNOWN,내가 다 캐리했어 누나,
06:12:22,22342.47,06:12:25,22345.47,UNKNOWN,졌었어 랭킹에서,
06:12:25,22345.47,06:12:27,22347.47,UNKNOWN,내가 다 했지,
06:12:27,22347.47,06:12:28,22348.47,UNKNOWN,어이없어,
06:12:28,22348.47,06:12:30,22350.47,UNKNOWN,인연이 깊구나,
06:12:30,22350.47,06:12:31,22351.47,UNKNOWN,그럼,
06:12:31,22351.47,06:12:32,22352.47,UNKNOWN,오래되긴 했죠,
06:12:32,22352.47,06:12:36,22356.94,UNKNOWN,10년 넘었을 텐데,
06:12:36,22356.94,06:12:39,22359.94,UNKNOWN,10년 넘긴 했을 듯,
06:12:41,22361.94,06:12:42,22362.94,UNKNOWN,완전,
06:12:42,22362.94,06:12:44,22364.94,UNKNOWN,쌤 하기 10년 되지 않니,
06:12:44,22364.94,06:12:47,22367.94,UNKNOWN,호쿠 친구잖아,
06:12:47,22367.94,06:12:51,22371.77,UNKNOWN,맞긴 해,
06:12:51,22371.77,06:12:53,22373.77,UNKNOWN,나 호쿠친구 웹툰 진짜 알아,
06:12:53,22373.77,06:12:54,22374.77,UNKNOWN,그런 거 좋아하는데,
06:12:54,22374.77,06:12:58,22378.77,UNKNOWN,호쿠친구에서 마음이 딱 트는,
06:12:58,22378.77,06:12:59,22379.77,UNKNOWN,내릴게,
06:12:59,22379.77,06:13:00,22380.77,UNKNOWN,마음이 딱 트는,
06:13:00,22380.77,06:13:01,22381.77,UNKNOWN,이런 거 없다?,
06:13:01,22381.77,06:13:02,22382.77,UNKNOWN,응,
06:13:02,22382.77,06:13:04,22384.77,UNKNOWN,수뇌물 이런 거 좋아하는구나,
06:13:04,22384.77,06:13:07,22387.77,UNKNOWN,응 수뇌를 싫어하는 사람은 없지,
06:13:07,22387.77,06:13:10,22390.77,UNKNOWN,수뇌는 최고야 한 팀 있다,
06:13:10,22390.77,06:13:15,22395.77,UNKNOWN,그런 물에는 항상 경험치 역할을 하는 히로인들이 몇 명 있는데,
06:13:15,22395.77,06:13:17,22397.77,UNKNOWN,맞아 견제용,
06:13:17,22397.77,06:13:20,22400.77,UNKNOWN,나 호쿠친구 그런 거 좋아하는데 호쿠친구 항상 써보더라,
06:13:20,22400.77,06:13:22,22402.77,UNKNOWN,호쿠친구가 그 딱 경험치 역할이야 보통,
06:13:22,22402.77,06:13:23,22403.77,UNKNOWN,맞아,
06:13:23,22403.77,06:13:24,22404.77,UNKNOWN,맞아,
06:13:24,22404.77,06:13:25,22405.77,UNKNOWN,보통,
06:13:25,22405.77,06:13:26,22406.77,UNKNOWN,보통,
06:13:26,22406.77,06:13:27,22407.77,UNKNOWN,보통,
06:13:27,22407.77,06:13:28,22408.77,UNKNOWN,보통 소꿉친구 나오면,
06:13:28,22408.77,06:13:31,22411.77,UNKNOWN,왜 나 항상 흑발인가,
06:13:31,22411.77,06:13:35,22415.77,UNKNOWN,그러면 구미님은 약간 서브 많이 좋아하시겠네,
06:13:35,22415.77,06:13:40,22420.77,UNKNOWN,저 서브병 있어요,
06:13:40,22420.77,06:13:43,22423.77,UNKNOWN,약간 좀 웃기고 잘 떠들고,
06:13:43,22423.77,06:13:47,22427.77,UNKNOWN,약간 금발에 대두에는 서브야,
06:13:47,22427.77,06:13:49,22429.77,UNKNOWN,맞아 다정하고 이런 애도 다 서브야,
06:13:49,22429.77,06:13:52,22432.77,UNKNOWN,갈발 다정 약간 이거 섞여있잖아 그럼 서브임,
06:13:52,22432.77,06:13:54,22434.77,UNKNOWN,응 서브야,
06:13:54,22434.77,06:13:57,22437.77,UNKNOWN,항상 옆을 지킨 건 그였는데 어째서,
06:13:57,22437.77,06:14:01,22441.77,UNKNOWN,걔는 웃으면서 광대도 해줬는데 서브야,
06:14:01,22441.77,06:14:03,22443.77,UNKNOWN,약간 현실성 있을지도,
06:14:03,22443.77,06:14:07,22447.88,UNKNOWN,여기 에이스,
06:14:07,22447.88,06:14:09,22449.88,UNKNOWN,현실성 있는 것 같기도 하고,
06:14:09,22449.88,06:14:10,22450.88,UNKNOWN,왜 옆에서 광대 짚하고,
06:14:10,22450.88,06:14:12,22452.88,UNKNOWN,여기 한 팀 더 내렸다고 했나?,
06:14:12,22452.88,06:14:15,22455.88,UNKNOWN,우리말은 안 내렸어 연말 내렸어,
06:14:15,22455.88,06:14:20,22460.48,UNKNOWN,나쁜 남자가 보통 선택받잖아,
06:14:20,22460.48,06:14:25,22465.48,UNKNOWN,나쁜 남자한테 갔다가 이제 아 사실 걔가 진국이었어요 깨닫는 게 또 맛있는 거거든,
06:14:25,22465.48,06:14:27,22467.48,UNKNOWN,그것도 국무래게네,
06:14:27,22467.48,06:14:30,22470.48,UNKNOWN,아싸리 그래서 아예 패배 히로인만 나오는 만화도 있어,
06:14:30,22470.48,06:14:32,22472.48,UNKNOWN,그런 게 있어,
06:14:32,22472.48,06:14:34,22474.48,UNKNOWN,패배 히로인만 나오는 만화가 있어,
06:14:34,22474.48,06:14:36,22476.48,UNKNOWN,괜찮다 그 중에 고르라는 거구나,
06:14:36,22476.48,06:14:39,22479.48,UNKNOWN,만화 제목도 패배 히로인이 너무 많아야,
06:14:39,22479.48,06:14:40,22480.48,UNKNOWN,어?,
06:14:40,22480.48,06:14:41,22481.48,UNKNOWN,재밌겠다,
06:14:41,22481.48,06:14:42,22482.48,UNKNOWN,나 본 거 같은데?,
06:14:42,22482.48,06:14:45,22485.48,UNKNOWN,쇼츠에서 소비하는 거 봤나?,
06:14:45,22485.48,06:14:47,22487.48,UNKNOWN,역시 패배 히로인인데,
06:14:47,22487.48,06:14:54,22494.48,UNKNOWN,아니 나 최근에 애니메이션 하나를 통째로 그냥 그 자리에서 다 봤거든 재밌어가지고,
06:14:55,22495.48,06:14:58,22498.48,UNKNOWN,근데 다 보고 나니까 19금이더라 몰랐어,
06:14:58,22498.48,06:15:01,22501.48,UNKNOWN,어쩐지 좀 서비스 씬이 많이 나오는 것 같아,
06:15:01,22501.48,06:15:04,22504.48,UNKNOWN,얼마나 재밌었길래 근데 하루 만에 다 봤대,
06:15:04,22504.48,06:15:11,22511.48,UNKNOWN,아 진짜 좀 재밌었긴 했어 오랜만에였어요 애니메이션 그렇게 한 달에 사는 거,
06:15:11,22511.48,06:15:12,22512.48,UNKNOWN,뭐였는데요?,
06:15:12,22512.48,06:15:16,22516.48,UNKNOWN,보이는 여고생이라고 귀신 나오는 건데,
06:15:16,22516.48,06:15:19,22519.48,UNKNOWN,아니 그냥 대놓고 그건데,
06:15:19,22519.48,06:15:20,22520.48,UNKNOWN,네,
06:15:20,22520.48,06:15:22,22522.48,UNKNOWN,그런 장르인데,
06:15:22,22522.48,06:15:23,22523.48,UNKNOWN,아 그래요?,
06:15:23,22523.48,06:15:24,22524.48,UNKNOWN,네,
06:15:24,22524.48,06:15:27,22527.48,UNKNOWN,그런 게 나온다기보단 서비스 씬이 많이 나온다?,
06:15:27,22527.48,06:15:31,22531.48,UNKNOWN,그렇지 그냥 귀신과 서비스 씬이 동시에 번갈아가면서 나오는,
06:15:31,22531.48,06:15:33,22533.48,UNKNOWN,맞아요 맞아요,
06:15:33,22533.48,06:15:39,22539.13,UNKNOWN,재밌더라고요,
06:15:39,22539.13,06:15:41,22541.13,UNKNOWN,하아 샷건보단 이게 낫겠지?,
06:15:41,22541.13,06:15:45,22545.44,UNKNOWN,근데 이게 아는 버츄얼 친구가,
06:15:45,22545.44,06:15:46,22546.44,UNKNOWN,뮤턴트,
06:15:46,22546.44,06:15:51,22551.44,UNKNOWN,아 뮤턴트 나 아까 전에 뮤턴트 협회에서 나왔던데 나한테,
06:15:51,22551.44,06:15:52,22552.44,UNKNOWN,써보실 의향 없으신가요?,
06:15:52,22552.44,06:15:57,22557.44,UNKNOWN,내 방송에서 왔길래 씹었는데 미안합니다,
06:15:57,22557.44,06:15:58,22558.44,UNKNOWN,그럼 나는 그냥,
06:15:58,22558.44,06:16:01,22561.44,UNKNOWN,너 뮤턴트 잘 쓰지 않아?,
06:16:01,22561.44,06:16:03,22563.44,UNKNOWN,좋아하지는 않아,
06:16:03,22563.44,06:16:04,22564.44,UNKNOWN,나도 내 방에도 왔는데,
06:16:04,22564.44,06:16:07,22567.44,UNKNOWN,미션이시면 들어볼게요,
06:16:07,22567.44,06:16:09,22569.44,UNKNOWN,레전드,
06:16:09,22569.44,06:16:11,22571.44,UNKNOWN,라고 말하면 사실 내 손에 있음,
06:16:11,22571.44,06:16:13,22573.44,UNKNOWN,여기 어그 핑,
06:16:13,22573.44,06:16:15,22575.44,UNKNOWN,4번 핑,
06:16:15,22575.44,06:16:24,22584.75,UNKNOWN,AR 데킷 필요하십니다,
06:16:24,22584.75,06:16:26,22586.75,UNKNOWN,뭐야 뭐야 뭐야,
06:16:26,22586.75,06:16:33,22593.2,UNKNOWN,위에 위에 핑 찍을게,
06:16:33,22593.2,06:16:35,22595.2,UNKNOWN,오우씨 아빠 이렇게 잘 쏜다,
06:16:35,22595.2,06:16:42,22602.19,UNKNOWN,돌산이 하나,
06:16:54,22614.62,06:16:57,22617.62,UNKNOWN,그걸 크게 돌려서 올라가버려 죽여버려,
06:16:57,22617.62,06:16:59,22619.62,UNKNOWN,어 하나 더 여기 핑,
06:16:59,22619.62,06:17:05,22625.14,UNKNOWN,어 미친 하나도 안 맞았다고?,
06:17:13,22633.04,06:17:16,22636.04,UNKNOWN,여기 핑 여기 돌,
06:17:16,22636.04,06:17:25,22645.46,UNKNOWN,내 앞에 하나,
06:17:25,22645.46,06:17:27,22647.46,UNKNOWN,올라가서 내려 찍어버리지,
06:17:29,22649.46,06:17:30,22650.46,UNKNOWN,올라가,
06:17:30,22650.46,06:17:32,22652.46,UNKNOWN,하나 더 기절,
06:17:32,22652.46,06:17:38,22658.14,UNKNOWN,나이스 나이스,
06:17:38,22658.14,06:17:39,22659.14,UNKNOWN,여기 여기,
06:17:39,22659.14,06:17:40,22660.14,UNKNOWN,돌산 쪽,
06:17:40,22660.14,06:17:42,22662.14,UNKNOWN,아이씨,
06:17:42,22662.14,06:17:44,22664.14,UNKNOWN,저 앞에 보일텐데 이제,
06:17:44,22664.14,06:17:48,22668.81,UNKNOWN,어 뭐지?,
06:17:48,22668.81,06:17:50,22670.81,UNKNOWN,슬슬 거기 있을텐데,
06:17:50,22670.81,06:17:51,22671.81,UNKNOWN,아,
06:17:51,22671.81,06:17:52,22672.81,UNKNOWN,여기 아래 있는,
06:17:52,22672.81,06:17:53,22673.81,UNKNOWN,올라왔다 올라왔다,
06:17:53,22673.81,06:17:54,22674.81,UNKNOWN,나이스,
06:17:54,22674.81,06:17:55,22675.81,UNKNOWN,잡았다,
06:17:55,22675.81,06:17:57,22677.81,UNKNOWN,그새 올라왔구나,
06:17:57,22677.81,06:17:58,22678.81,UNKNOWN,다 죽었구나,
06:17:58,22678.81,06:18:00,22680.81,UNKNOWN,라스트였구나,
06:18:00,22680.81,06:18:06,22686.66,UNKNOWN,내가 살려야겠구나,
06:18:06,22686.66,06:18:07,22687.66,UNKNOWN,제가 살려드릴게요,
06:18:07,22687.66,06:18:08,22688.66,UNKNOWN,역시 구탄이 좋구나,
06:18:08,22688.66,06:18:10,22690.66,UNKNOWN,킥부터 먹어,
06:18:10,22690.66,06:18:11,22691.66,UNKNOWN,그래,
06:18:11,22691.66,06:18:13,22693.66,UNKNOWN,근데 구급상자가 없는데,
06:18:13,22693.66,06:18:14,22694.66,UNKNOWN,제가 살려드릴게요,
06:18:15,22695.66,06:18:17,22697.66,UNKNOWN,나도 근데 구상 하나밖에 없다,
06:18:17,22697.66,06:18:18,22698.66,UNKNOWN,응,
06:18:18,22698.66,06:18:19,22699.66,UNKNOWN,시체 털어야지,
06:18:19,22699.66,06:18:23,22703.03,UNKNOWN,쑥,
06:18:23,22703.03,06:18:24,22704.03,UNKNOWN,아 지금,
06:18:24,22704.03,06:18:25,22705.03,UNKNOWN,해봐요 살려줄게,
06:18:25,22705.03,06:18:27,22707.89,UNKNOWN,괜찮아요,
06:18:27,22707.89,06:18:28,22708.89,UNKNOWN,아니,
06:18:28,22708.89,06:18:30,22710.89,UNKNOWN,아니 왜 누워계세요 일어나세요,
06:18:30,22710.89,06:18:31,22711.89,UNKNOWN,저 너무 아파요,
06:18:31,22711.89,06:18:33,22713.89,UNKNOWN,저는 방금 전에 드론으로 쓰였어요,
06:18:35,22715.89,06:18:36,22716.89,UNKNOWN,적을 확인했죠,
06:18:36,22716.89,06:18:37,22717.89,UNKNOWN,도움이 되었습니다,
06:18:37,22717.89,06:18:38,22718.89,UNKNOWN,적 하나 어딨어,
06:18:38,22718.89,06:18:39,22719.89,UNKNOWN,나 보상 줄게,
06:18:39,22719.89,06:18:40,22720.89,UNKNOWN,적 씨,
06:18:40,22720.89,06:18:41,22721.89,UNKNOWN,뭔데,
06:18:41,22721.89,06:18:43,22723.89,UNKNOWN,오오오 맞돌이,
06:18:45,22725.89,06:18:47,22727.89,UNKNOWN,맛있는 거 잘 들고 왔네,
06:18:47,22727.89,06:18:51,22731.89,UNKNOWN,여기 오탄 가득하다 카구팔도 있어,
06:18:51,22731.89,06:18:52,22732.89,UNKNOWN,카구?,
06:18:52,22732.89,06:18:53,22733.89,UNKNOWN,카버 쓸까?,
06:18:53,22733.89,06:18:55,22735.89,UNKNOWN,카버 써야지,
06:18:55,22735.89,06:18:56,22736.89,UNKNOWN,삼배율도,
06:18:56,22736.89,06:18:58,22738.89,UNKNOWN,그럼 삼배율도 줄게,
06:18:58,22738.89,06:18:59,22739.89,UNKNOWN,나 삼배기 있어,
06:18:59,22739.89,06:19:02,22742.36,UNKNOWN,아 그래,
06:19:02,22742.36,06:19:04,22744.36,UNKNOWN,그럼 음료수 좀 있으세요?,
06:19:04,22744.36,06:19:05,22745.36,UNKNOWN,음,
06:19:05,22745.36,06:19:07,22747.36,UNKNOWN,진동자 하나 에너지 에어드랭크 하나요,
06:19:07,22747.36,06:19:09,22749.36,UNKNOWN,아 먹을 게 너무 없다,
06:19:09,22749.36,06:19:10,22750.36,UNKNOWN,진동자 2개를,
06:19:10,22750.36,06:19:11,22751.36,UNKNOWN,아래에 내려놨어,
06:19:11,22751.36,06:19:12,22752.36,UNKNOWN,어?,
06:19:12,22752.36,06:19:14,22754.36,UNKNOWN,어 감사합니다,
06:19:14,22754.36,06:19:16,22756.36,UNKNOWN,한참 또 싸우면 또 있겠지,
06:19:16,22756.36,06:19:23,22763.02,UNKNOWN,나 아까 외몰 때,
06:19:23,22763.02,06:19:24,22764.02,UNKNOWN,굉장히,
06:19:24,22764.02,06:19:28,22768.71,UNKNOWN,공허핑 맞췄다,
06:19:28,22768.71,06:19:30,22770.71,UNKNOWN,2 안에 1 노란핑 안에,
06:19:30,22770.71,06:19:31,22771.71,UNKNOWN,1팀 2,
06:19:31,22771.71,06:19:32,22772.71,UNKNOWN,그러면 너가 죽으면 안 돼,
06:19:32,22772.71,06:19:34,22774.71,UNKNOWN,여기 한 팀이 있어 미친,
06:19:34,22774.71,06:19:35,22775.71,UNKNOWN,갑자기 혼자 어딜,
06:19:35,22775.71,06:19:40,22780.82,UNKNOWN,아니 깜짝이야,
06:19:40,22780.82,06:19:41,22781.82,UNKNOWN,노란핑,
06:19:44,22784.82,06:19:45,22785.82,UNKNOWN,같이 쐈는데,
06:19:45,22785.82,06:19:46,22786.82,UNKNOWN,아니 당했어,
06:19:47,22787.82,06:19:48,22788.82,UNKNOWN,걔야,
06:19:49,22789.82,06:19:50,22790.82,UNKNOWN,나이스,
06:19:50,22790.82,06:19:51,22791.82,UNKNOWN,위에 보이지,
06:19:51,22791.82,06:19:55,22795.18,UNKNOWN,아깝다,
06:19:55,22795.18,06:19:56,22796.18,UNKNOWN,아깝다,
06:19:57,22797.18,06:19:58,22798.18,UNKNOWN,저,
06:19:58,22798.18,06:19:59,22799.18,UNKNOWN,괜찮아요,
06:20:00,22800.18,06:20:01,22801.18,UNKNOWN,안 될 거 같은데,
06:20:01,22801.18,06:20:02,22802.18,UNKNOWN,아,
06:20:02,22802.18,06:20:04,22804.18,UNKNOWN,이거 끝까지 누르고 있어,
06:20:04,22804.18,06:20:05,22805.18,UNKNOWN,저냐,
06:20:05,22805.18,06:20:08,22808.18,UNKNOWN,이걸,
06:20:08,22808.18,06:20:10,22810.18,UNKNOWN,이걸 안 봐요,
06:20:10,22810.18,06:20:12,22812.18,UNKNOWN,아아,
06:20:12,22812.18,06:20:13,22813.18,UNKNOWN,이게 동료애라는 거네,
06:20:13,22813.18,06:20:14,22814.18,UNKNOWN,바로 앞에,
06:20:14,22814.18,06:20:15,22815.18,UNKNOWN,악,
06:20:15,22815.18,06:20:20,22820.33,UNKNOWN,그냥 뛰다가 죽는 역할이야,
06:20:20,22820.33,06:20:22,22822.33,UNKNOWN,아 뭐야,
06:20:22,22822.33,06:20:23,22823.33,UNKNOWN,아 그래도,
06:20:23,22823.33,06:20:24,22824.33,UNKNOWN,이 녀석들 뭐야,
06:20:24,22824.33,06:20:25,22825.33,UNKNOWN,끝났죠,
06:20:26,22826.33,06:20:28,22828.33,UNKNOWN,그래도 재밌었다 이 판,
06:20:28,22828.33,06:20:29,22829.33,UNKNOWN,그나마 킬을 하니까 재미가,
06:20:29,22829.33,06:20:31,22831.33,UNKNOWN,재미가 있어지네,
06:20:31,22831.33,06:20:32,22832.33,UNKNOWN,그렇지 그렇지 재미있지,
06:20:32,22832.33,06:20:33,22833.33,UNKNOWN,아닌데 난 0000인데,
06:20:34,22834.33,06:20:35,22835.87,UNKNOWN,ㅋㅋㅋㅋㅋㅋㅋㅋㅋㅋㅋㅋㅋㅋㅋㅋㅋㅋㅋㅋㅋ,
06:20:35,22835.87,06:20:42,22842.31,UNKNOWN,우리 누나 왜 자꾸 000이지 이상하다,
06:20:42,22842.31,06:20:45,22845.49,UNKNOWN,그러게 뭐 했다고 칠 등이래,
06:20:45,22845.49,06:20:46,22846.71,UNKNOWN,그러니까 버그인가?,
06:20:46,22846.71,06:20:48,22848.61,UNKNOWN,ㅋㅋㅋㅋㅋㅋㅋ,
06:20:48,22848.61,06:20:49,22849.31,UNKNOWN,음,
06:20:49,22849.31,06:20:52,22852.17,UNKNOWN,카라킨을 빈조가 많구나,
06:20:52,22852.17,06:20:54,22854.71,UNKNOWN,어? 뭐야 언제 캐주얼로 바꿨어,
06:20:54,22854.71,06:20:56,22856.23,UNKNOWN,ㅋㅋㅋ눈치가 빠르네,
06:20:56,22856.23,06:20:56,22856.67,UNKNOWN,응?,
06:20:56,22856.67,06:20:57,22857.53,UNKNOWN,에란겔 가자,
06:20:57,22857.53,06:20:58,22858.89,UNKNOWN,오케이,
06:20:58,22858.89,06:21:01,22861.81,UNKNOWN,적어도 명예롭게 싸우다가 죽어야지,
06:21:03,22863.25,06:21:03,22863.91,UNKNOWN,확실히,
06:21:03,22863.91,06:21:05,22865.53,UNKNOWN,아칠두 몇 판 할까?,
06:21:05,22865.53,06:21:07,22867.53,UNKNOWN,보존하고 있으면 자존감 깎여,
06:21:08,22868.63,06:21:10,22870.93,UNKNOWN,무슨 소리하는 자존감이라니 우리 잘하는데,
06:21:10,22870.93,06:21:11,22871.73,UNKNOWN,아니야,
06:21:12,22872.63,06:21:13,22873.93,UNKNOWN,사람과 싸워야 돼,
06:21:16,22876.88,06:21:19,22879.28,UNKNOWN,거기 보존 아니야 그리고,
06:21:19,22879.28,06:21:21,22881.78,UNKNOWN,사람 20명이랑 보존 80명이야,
06:21:24,22884.08,06:21:25,22885.48,UNKNOWN,그건 그렇긴 하지만,
06:21:28,22888.8,06:21:30,22890.9,UNKNOWN,적어도 아무도 들어갈 수 있는 게 아니에요,
06:21:31,22891.9,06:21:33,22893.6,UNKNOWN,하루에 한 시간만 할 수 있는 거라고,
06:21:33,22893.6,06:21:34,22894.4,UNKNOWN,그것도 억울해,
06:21:34,22894.4,06:21:39,22899.02,UNKNOWN,날 처음 보는 차 하시겠다 이번 진짜 제대로 할게요,
06:21:40,22900.62,06:21:42,22902.62,UNKNOWN,ㅋㅋㅋㅋㅋㅋㅋㅋㅋㅋㅋㅋㅋㅋㅋㅋㅋㅋㅋㅋㅋㅋㅋㅋㅋ,
06:21:43,22903.12,06:21:44,22904.02,UNKNOWN,개웃기네,
06:21:44,22904.02,06:21:45,22905.32,UNKNOWN,잠깐 나 금방 화장실에,
06:21:45,22905.32,06:21:46,22906.62,UNKNOWN,이정도까지는 아니에요,
06:21:48,22908.22,06:21:50,22910.22,UNKNOWN,진짜 최영단이 이정도까지 아니거든요,
06:21:50,22910.22,06:21:51,22911.32,UNKNOWN,오늘 조금 좀 봐,
06:21:52,22912.42,06:21:53,22913.62,UNKNOWN,오늘 조금 좀 봐,
06:21:54,22914.22,06:21:56,22916.72,UNKNOWN,잠을 좀 잘 못 주무셨나 봐요,
06:22:00,22920.42,06:22:02,22922.82,UNKNOWN,다음에 배그 될 통나무로 나가야겠다,
06:22:03,22923.72,06:22:04,22924.82,UNKNOWN,진짜 이거 뭐야,
06:22:06,22926.63,06:22:08,22928.73,UNKNOWN,최영단이 이정도 아니에요 진짜입니다,
06:22:13,22933.06,06:22:14,22934.36,UNKNOWN,우리,
06:22:16,22936.89,06:22:19,22939.89,UNKNOWN,음.. 날아서 그 차 먹고 리포 갈게요,
06:22:19,22939.89,06:22:20,22940.89,UNKNOWN,네에,
06:22:20,22940.89,06:22:24,22944.4,UNKNOWN,여기 좀 느리니까 여기가 먹어야겠다,
06:22:24,22944.4,06:22:25,22945.4,UNKNOWN,여기 차 있거든,
06:22:25,22945.4,06:22:26,22946.4,UNKNOWN,네에,
06:22:26,22946.4,06:22:28,22948.87,UNKNOWN,제발,
06:22:28,22948.87,06:22:29,22949.87,UNKNOWN,안녕,
06:22:29,22949.87,06:22:31,22951.87,UNKNOWN,이거 내려지면 자동이니까,
06:22:33,22953.87,06:22:36,22956.87,UNKNOWN,000은 따라가기 금지법 이런 거 만들어야 되는데,
06:22:36,22956.87,06:22:37,22957.87,UNKNOWN,뭐라고?,
06:22:38,22958.87,06:22:39,22959.87,UNKNOWN,안돼,
06:22:41,22961.87,06:22:43,22963.87,UNKNOWN,그럼 나도 위험하다,
06:22:44,22964.87,06:22:48,22968.87,UNKNOWN,구미님은 그래도 오늘 000까지 아니고 020 정도는 하는 것 같은데,
06:22:50,22970.87,06:22:51,22971.87,UNKNOWN,나쁘지 않아,
06:22:52,22972.87,06:22:54,22974.87,UNKNOWN,근데 약간 소프트웨어 하는 기분이다 오늘,
06:22:58,22978.87,06:23:00,22980.87,UNKNOWN,따라가기 물러나면 다행이다,
06:23:00,22980.87,06:23:02,22982.87,UNKNOWN,3명 합쳐서 한 1인분 되지 않을까?,
06:23:02,22982.87,06:23:04,22984.87,UNKNOWN,밀타에 사람 없다 개꿀,
06:23:04,22984.87,06:23:05,22985.87,UNKNOWN,그럼 여기 갈까?,
06:23:05,22985.87,06:23:07,22987.87,UNKNOWN,맞자 맞자 먹자 먹자,
06:23:07,22987.87,06:23:09,22989.87,UNKNOWN,눈치 게임 성공,
06:23:09,22989.87,06:23:11,22991.87,UNKNOWN,카페 내꺼다,
06:23:11,22991.87,06:23:14,22994.87,UNKNOWN,아 진짜 가고 있었는데 조용히 가고 있었는데,
06:23:14,22994.87,06:23:17,22997.87,UNKNOWN,어디서 지금 나카나 꺾이는 거 보고 바로 알아봤지,
06:23:17,22997.87,06:23:18,22998.87,UNKNOWN,안된다,
06:23:18,22998.87,06:23:19,22999.87,UNKNOWN,카페,
06:23:19,22999.87,06:23:21,23001.87,UNKNOWN,좋은 게 좀 잘 나와?,
06:23:21,23001.87,06:23:23,23003.87,UNKNOWN,아까 맞은 게 많아요,
06:23:23,23003.87,06:23:24,23004.87,UNKNOWN,맞아요,
06:23:24,23004.87,06:23:26,23006.87,UNKNOWN,왜인지 모르면 맛있어,
06:23:33,23013.28,06:23:39,23019.41,UNKNOWN,이번 판에 어떤 총을 들어볼까나,
06:23:40,23020.41,06:23:41,23021.41,UNKNOWN,뭐 들 건데?,
06:23:41,23021.41,06:23:43,23023.41,UNKNOWN,이번에는 몇 킬 할 건데?,
06:23:45,23025.41,06:23:46,23026.41,UNKNOWN,그거 중요하거든,
06:23:47,23027.41,06:23:49,23029.41,UNKNOWN,지금 돌려서 비웃는 거야?,
06:23:49,23029.41,06:23:50,23030.41,UNKNOWN,너무해 다들,
06:23:52,23032.41,06:23:54,23034.41,UNKNOWN,아니 피의식이야 형,
06:23:56,23036.98,06:23:57,23037.98,UNKNOWN,굉장한 피의식이다,
06:23:57,23037.98,06:24:00,23040.32,UNKNOWN,빵이 없나?,
06:24:00,23040.32,06:24:02,23042.32,UNKNOWN,아니야 우리 방송은 나 죽을 때마다,
06:24:02,23042.32,06:24:05,23045.32,UNKNOWN,잘했어 줌 프로급이었어 막 이런다고,
06:24:05,23045.32,06:24:06,23046.32,UNKNOWN,그거는 진짜,
06:24:06,23046.32,06:24:07,23047.32,UNKNOWN,너무 감동적이게,
06:24:07,23047.32,06:24:08,23048.32,UNKNOWN,진짜 돌리는 거잖아,
06:24:08,23048.32,06:24:09,23049.32,UNKNOWN,너무하지 않아?,
06:24:10,23050.32,06:24:11,23051.32,UNKNOWN,그건 아무것도 아니었어,
06:24:13,23053.32,06:24:15,23055.32,UNKNOWN,많이 섭섭하게 했는데?,
06:24:16,23056.32,06:24:18,23058.32,UNKNOWN,여기 첫 레벨 가봐,
06:24:18,23058.32,06:24:20,23060.32,UNKNOWN,난 위에서 말해주는 건 줄 알았는데,
06:24:20,23060.32,06:24:21,23061.32,UNKNOWN,나도,
06:24:21,23061.32,06:24:23,23063.32,UNKNOWN,약간 처음 하는 게임 하면 사람들이,
06:24:23,23063.32,06:24:27,23067.32,UNKNOWN,너 잘했어 괜찮아 잘했어 이렇게 흔들어주는 건지,
06:24:27,23067.32,06:24:29,23069.32,UNKNOWN,그러니까 그런 거 아니었지?,
06:24:30,23070.32,06:24:31,23071.32,UNKNOWN,아닌 거 같은데,
06:24:31,23071.32,06:24:34,23074.32,UNKNOWN,아니지 그냥 잘했다고만 하면 몰라도,
06:24:34,23074.32,06:24:36,23076.32,UNKNOWN,줌 프로급이었다는 말은 너무 속상하고,
06:24:38,23078.32,06:24:39,23079.32,UNKNOWN,또 너무 시방,
06:24:39,23079.32,06:24:41,23081.32,UNKNOWN,그거는 좀 놀린 거 같긴 해,
06:24:42,23082.32,06:24:46,23086.94,UNKNOWN,어그 쓸까?,
06:24:46,23086.94,06:24:51,23091.53,UNKNOWN,어그 핑 찍어놨는데?,
06:24:52,23092.53,06:24:53,23093.53,UNKNOWN,어그 써야겠다,
06:24:53,23093.53,06:24:55,23095.53,UNKNOWN,미니 버논 말도 없는,
06:24:55,23095.53,06:24:57,23097.53,UNKNOWN,어그 쪽에 저것도 있어,
06:24:57,23097.53,06:24:59,23099.53,UNKNOWN,데킷도 냅뒀어,
06:25:00,23100.53,06:25:01,23101.53,UNKNOWN,드디어 나왔다,
06:25:01,23101.53,06:25:05,23105.0,UNKNOWN,아 여기 나오겠지,
06:25:05,23105.0,06:25:06,23106.0,UNKNOWN,오케이,
06:25:06,23106.0,06:25:07,23107.0,UNKNOWN,버스스,
06:25:07,23107.0,06:25:08,23108.0,UNKNOWN,경찰 도끼,
06:25:08,23108.0,06:25:09,23109.0,UNKNOWN,한 판 이기고 싶은데 이게 쉽지가 않네,
06:25:09,23109.0,06:25:17,23117.58,UNKNOWN,어떻게 이길 수 있을까,
06:25:17,23117.58,06:25:23,23123.83,UNKNOWN,그래서 지도세도 모르게 캐쥬얼 모드를 눌렀었구나,
06:25:23,23123.83,06:25:32,23132.16,UNKNOWN,캐쥬얼 모드 해야,
06:25:32,23132.16,06:25:33,23133.16,UNKNOWN,아 좋아요,
06:25:33,23133.16,06:25:36,23136.33,UNKNOWN,나쁜 게 아니라니까 형,
06:25:36,23136.33,06:25:37,23137.33,UNKNOWN,미션이지,
06:25:37,23137.33,06:25:38,23138.33,UNKNOWN,1등한 게 미션이잖아,
06:25:38,23138.33,06:25:39,23139.33,UNKNOWN,아 진짜 진짜,
06:25:39,23139.33,06:25:40,23140.33,UNKNOWN,어 뭐야,
06:25:40,23140.33,06:25:41,23141.33,UNKNOWN,미션이지,
06:25:41,23141.33,06:25:42,23142.33,UNKNOWN,미션이지,
06:25:42,23142.33,06:25:43,23143.33,UNKNOWN,미션이지,
06:25:43,23143.33,06:25:44,23144.33,UNKNOWN,미션이지,
06:25:44,23144.33,06:25:45,23145.33,UNKNOWN,미션이지,
06:25:45,23145.33,06:25:46,23146.33,UNKNOWN,미션이지,
06:25:46,23146.33,06:25:47,23147.33,UNKNOWN,미션이지,
06:25:47,23147.33,06:25:48,23148.33,UNKNOWN,미션이지,
06:25:48,23148.33,06:25:49,23149.33,UNKNOWN,미션이지,
06:25:49,23149.33,06:25:51,23151.33,UNKNOWN,미션이지,
06:25:51,23151.33,06:25:52,23152.33,UNKNOWN,미션이지,
06:25:52,23152.33,06:25:53,23153.33,UNKNOWN,미션이지,
06:25:53,23153.33,06:25:54,23154.33,UNKNOWN,미션이지,
06:25:54,23154.33,06:25:55,23155.33,UNKNOWN,미션이지,
06:25:55,23155.33,06:25:56,23156.33,UNKNOWN,미션이지,
06:25:56,23156.33,06:25:57,23157.33,UNKNOWN,미션이지,
06:25:57,23157.33,06:25:58,23158.33,UNKNOWN,미션이지,
06:25:58,23158.33,06:25:59,23159.33,UNKNOWN,어?,
06:25:59,23159.33,06:26:00,23160.33,UNKNOWN,감히 미션을 성공하려고 해 날들이고,
06:26:00,23160.33,06:26:04,23164.33,UNKNOWN,아니지 우리 다 같이 이기는 모습 보고 싶어서 그런 거지,
06:26:04,23164.33,06:26:05,23165.33,UNKNOWN,나를 뭐라고 생각해,
06:26:05,23165.33,06:26:06,23166.33,UNKNOWN,돈,
06:26:06,23166.33,06:26:07,23167.33,UNKNOWN,뭘,
06:26:07,23167.33,06:26:08,23168.33,UNKNOWN,rum,
06:26:08,23168.33,06:26:09,23169.33,UNKNOWN,뒤에 미세까지 나오면 진짜 혼날 것 같아가지고,
06:26:09,23169.33,06:26:10,23170.33,UNKNOWN,앗 돈에서 멈췄어,
06:26:10,23170.33,06:26:11,23171.33,UNKNOWN,진짜 난 그렇게 생각했는데,
06:26:11,23171.33,06:26:12,23172.33,UNKNOWN,팀을 위해 다 해줬다 생각했는데,
06:26:12,23172.33,06:26:13,23173.33,UNKNOWN,준수,
06:26:13,23173.33,06:26:14,23174.33,UNKNOWN,가지,
06:26:14,23174.33,06:26:15,23175.33,UNKNOWN,India,
06:26:15,23175.33,06:26:16,23176.33,UNKNOWN,그거,
06:26:16,23176.33,06:26:17,23177.33,UNKNOWN,profit,
06:26:17,23177.33,06:26:18,23178.33,UNKNOWN,click,
06:26:18,23178.33,06:26:19,23179.33,UNKNOWN,해서,
06:26:19,23179.33,06:26:24,23184.33,UNKNOWN,16 후가,
06:26:24,23184.33,06:26:25,23185.25,UNKNOWN,지금,
06:26:28,23188.41,06:26:32,23192.95,UNKNOWN,자동차 소리,
06:26:32,23192.95,06:26:34,23194.29,UNKNOWN,나야,
06:26:34,23194.29,06:26:35,23195.05,UNKNOWN,아 그래?,
06:26:36,23196.41,06:26:38,23198.33,UNKNOWN,어 민니 여기도 있구나,
06:26:38,23198.33,06:26:39,23199.97,UNKNOWN,어 민니 지워주세요,
06:26:39,23199.97,06:26:41,23201.79,UNKNOWN,랭,
06:26:41,23201.79,06:26:43,23203.43,UNKNOWN,개머리판 어디 없나?,
06:26:54,23214.26,06:26:55,23215.08,UNKNOWN,개머리판 들어,
06:26:55,23215.08,06:27:02,23222.96,UNKNOWN,왜?,
06:27:03,23223.96,06:27:06,23226.2,UNKNOWN,나 도박판 찾아버렸어,
06:27:06,23226.2,06:27:07,23227.16,UNKNOWN,띵띵띵 아,
06:27:07,23227.16,06:27:16,23236.35,UNKNOWN,띵띵띵,
06:27:16,23236.35,06:27:21,23241.34,UNKNOWN,뭐하는거야?,
06:27:21,23241.9,06:27:22,23242.1,UNKNOWN,발,
06:27:22,23242.1,06:27:24,23244.38,UNKNOWN,자판기,
06:27:24,23244.38,06:27:25,23245.96,UNKNOWN,아 그런게 있어?,
06:27:26,23246.02,06:27:26,23246.52,UNKNOWN,미션 아니야?,
06:27:28,23248.14,06:27:29,23249.9,UNKNOWN,또 미션이야?,
06:27:31,23251.06,06:27:32,23252.3,UNKNOWN,5탄 말,
06:27:32,23252.3,06:27:33,23253.64,UNKNOWN,아,
06:27:33,23253.64,06:27:44,23264.54,UNKNOWN,밀배원이다,
06:27:44,23264.54,06:27:46,23266.76,UNKNOWN,발전기를 해볼까요?,
06:27:47,23267.82,06:27:47,23267.92,UNKNOWN,네,
06:27:47,23267.92,06:27:50,23270.68,UNKNOWN,와 다리 통과하기 빡세겠다,
06:27:50,23270.68,06:27:53,23273.44,UNKNOWN,우리 통과 안하고 중간에 멈춰가지고,
06:27:53,23273.44,06:27:54,23274.44,UNKNOWN,다 후드려 팰 생각,
06:27:54,23274.44,06:27:55,23275.14,UNKNOWN,아 진짜?,
06:27:55,23275.14,06:27:56,23276.1,UNKNOWN,자고가 않네,
06:27:56,23276.1,06:27:58,23278.28,UNKNOWN,통곡의 다리를 해볼까 싶네요,
06:27:58,23278.28,06:28:00,23280.14,UNKNOWN,통곡의 다리 나 해보고 싶어요,
06:28:00,23280.14,06:28:01,23281.4,UNKNOWN,맨날 강하기만 했는데,
06:28:01,23281.4,06:28:02,23282.14,UNKNOWN,아,
06:28:02,23282.54,06:28:03,23283.1,UNKNOWN,그렇지,
06:28:03,23283.1,06:28:05,23285.28,UNKNOWN,때리는 맛이 있어요,
06:28:05,23285.28,06:28:07,23287.28,UNKNOWN,개머리판 한개만 있으면 되는데,
06:28:07,23287.28,06:28:10,23290.78,UNKNOWN,없어도 비슷해요,
06:28:10,23290.78,06:28:12,23292.78,UNKNOWN,엄청 다르지 않을걸?,
06:28:12,23292.78,06:28:14,23294.78,UNKNOWN,중량용이라도 드릴까요?,
06:28:14,23294.78,06:28:16,23296.78,UNKNOWN,어 좋아요,
06:28:16,23296.78,06:28:18,23298.78,UNKNOWN,중량용 해도 됐어,
06:28:18,23298.78,06:28:30,23310.06,UNKNOWN,고차 먹으러 가자,
06:28:30,23310.06,06:28:32,23312.06,UNKNOWN,깜짝이야,
06:28:32,23312.06,06:28:34,23314.06,UNKNOWN,진짜 치는줄,
06:28:34,23314.06,06:28:36,23316.06,UNKNOWN,ㅋㅋㅋㅋㅋㅋㅋㅋㅋ,
06:28:36,23316.06,06:28:38,23318.06,UNKNOWN,살았죠?,
06:28:38,23318.06,06:28:40,23320.06,UNKNOWN,어,
06:28:40,23320.06,06:28:42,23322.06,UNKNOWN,차량이 여기 있어가지고,
06:28:42,23322.06,06:28:45,23325.65,UNKNOWN,차 있어요?,
06:28:45,23325.85,06:28:46,23326.85,UNKNOWN,어,
06:28:46,23326.85,06:28:47,23327.85,UNKNOWN,없어요,
06:28:47,23327.85,06:28:51,23331.36,UNKNOWN,단체로 다 뛰는 중,
06:28:51,23331.36,06:28:53,23333.36,UNKNOWN,달려,
06:28:53,23333.36,06:28:55,23335.36,UNKNOWN,달려라,
06:28:55,23335.36,06:28:57,23337.36,UNKNOWN,달려라 하니,
06:28:57,23337.36,06:28:59,23339.36,UNKNOWN,하니,
06:28:59,23339.36,06:29:01,23341.36,UNKNOWN,한 번 줘봐,
06:29:01,23341.36,06:29:03,23343.36,UNKNOWN,오,
06:29:03,23343.36,06:29:04,23344.36,UNKNOWN,트렁크에 떠올랐어요,
06:29:04,23344.36,06:29:05,23345.36,UNKNOWN,아 고마워요,
06:29:05,23345.36,06:29:13,23353.76,UNKNOWN,아 근데 궁금한거 있는데,
06:29:13,23353.76,06:29:15,23355.76,UNKNOWN,이렇게 머리 내밀고 있다가,
06:29:15,23355.76,06:29:17,23357.76,UNKNOWN,벽 쭉 지나가면 뭐지?,
06:29:17,23357.76,06:29:19,23359.76,UNKNOWN,힐 제당,
06:29:19,23359.76,06:29:21,23361.76,UNKNOWN,그러지 않을까요?,
06:29:21,23361.76,06:29:22,23362.76,UNKNOWN,힐 제당,
06:29:22,23362.76,06:29:29,23369.36,UNKNOWN,힐 제당,
06:29:29,23369.36,06:29:30,23370.36,UNKNOWN,힐 제당,
06:29:30,23370.36,06:29:32,23372.36,UNKNOWN,힐 제당,
06:29:32,23372.36,06:29:33,23373.36,UNKNOWN,힐 제당,
06:29:33,23373.36,06:29:34,23374.36,UNKNOWN,힐 제당,
06:29:34,23374.36,06:29:35,23375.36,UNKNOWN,힐 제당,
06:29:35,23375.36,06:29:36,23376.36,UNKNOWN,힐 제당,
06:29:36,23376.36,06:29:37,23377.36,UNKNOWN,힐 제당,
06:29:37,23377.36,06:29:38,23378.36,UNKNOWN,힐 제당,
06:29:38,23378.36,06:29:39,23379.36,UNKNOWN,힐 제당,
06:29:39,23379.36,06:29:40,23380.36,UNKNOWN,힐 제당,
06:29:40,23380.36,06:29:41,23381.36,UNKNOWN,힐 제당,
06:29:41,23381.36,06:29:42,23382.36,UNKNOWN,힐 제당,
06:29:42,23382.36,06:29:43,23383.36,UNKNOWN,힐 제당,
06:29:43,23383.36,06:29:44,23384.36,UNKNOWN,힐 제당,
06:29:44,23384.36,06:29:45,23385.36,UNKNOWN,힐 제당,
06:29:45,23385.36,06:29:46,23386.36,UNKNOWN,힐 제당,
06:29:46,23386.36,06:29:47,23387.36,UNKNOWN,힐 제당,
06:29:47,23387.36,06:29:48,23388.36,UNKNOWN,힐 제당,
06:29:48,23388.36,06:29:49,23389.36,UNKNOWN,힐 제당,
06:29:49,23389.36,06:29:50,23390.36,UNKNOWN,힛 제당,
06:29:50,23390.36,06:29:51,23391.36,UNKNOWN,힛 제당,
06:29:51,23391.36,06:29:52,23392.36,UNKNOWN,힛 제당,
06:29:52,23392.36,06:29:53,23393.36,UNKNOWN,힛 제당,
06:29:53,23393.36,06:29:54,23394.36,UNKNOWN,힛 제당,
06:29:54,23394.36,06:29:55,23395.36,UNKNOWN,힛 제당,
06:29:55,23395.36,06:29:56,23396.36,UNKNOWN,힛 제당,
06:29:56,23396.36,06:29:57,23397.36,UNKNOWN,힛 제당,
06:29:57,23397.36,06:29:58,23398.36,UNKNOWN,힛 제당,
06:29:58,23398.36,06:30:00,23400.82,UNKNOWN,"그치, 여기 제니 두 대가 안되긴 하는데",
06:30:00,23400.82,06:30:02,23402.06,UNKNOWN,둘 중 하나는,
06:30:02,23402.06,06:30:03,23403.54,UNKNOWN,여기 연로통 좀 넣어,
06:30:06,23406.95,06:30:13,23413.4,UNKNOWN,어차피 안개맵이라 안 보일테니까,
06:30:13,23413.4,06:30:19,23419.53,UNKNOWN,누군가 여기 건너오지 않을까,
06:30:19,23419.53,06:30:21,23421.53,UNKNOWN,"오케이, 좋아",
06:30:21,23421.53,06:30:22,23422.53,UNKNOWN,기대되는데?,
06:30:22,23422.53,06:30:23,23423.53,UNKNOWN,겁낫디가 나이네 그냥,
06:30:23,23423.53,06:30:25,23425.53,UNKNOWN,사람 발큰 해야지,
06:30:25,23425.53,06:30:27,23427.53,UNKNOWN,"아, 심경이 많이 살았네",
06:30:37,23437.29,06:30:39,23439.29,UNKNOWN,어? 돌이 있나? 왜 안파지지?,
06:30:45,23445.33,06:30:47,23447.33,UNKNOWN,"마우스 소리 겁나 커, 뭐야 이거",
06:30:47,23447.33,06:30:49,23449.33,UNKNOWN,어? 난가?,
06:30:49,23449.33,06:30:51,23451.33,UNKNOWN,지금 따닥따닥 누구야,
06:30:51,23451.33,06:30:53,23453.33,UNKNOWN,"나, 난데?",
06:30:53,23453.33,06:30:54,23454.33,UNKNOWN,아이 미친,
06:30:54,23454.33,06:30:56,23456.33,UNKNOWN,누가 마우스를 또박또박거리는걸,
06:30:58,23458.33,06:31:00,23460.33,UNKNOWN,잠깐만,
06:31:00,23460.33,06:31:02,23462.33,UNKNOWN,"어, 감도가 너무",
06:31:02,23462.33,06:31:04,23464.33,UNKNOWN,"아, 높나?",
06:31:04,23464.33,06:31:08,23468.5,UNKNOWN,지금 들려?,
06:31:08,23468.5,06:31:09,23469.5,UNKNOWN,아직 들리긴 해요,
06:31:09,23469.5,06:31:11,23471.5,UNKNOWN,어? 이상하네,
06:31:11,23471.5,06:31:13,23473.5,UNKNOWN,"음, 잠깐만",
06:31:13,23473.5,06:31:15,23475.5,UNKNOWN,마이크 감도가 되게 좋은거 아니에요?,
06:31:15,23475.5,06:31:27,23487.94,UNKNOWN,그런가봐요,
06:31:27,23487.94,06:31:29,23489.94,UNKNOWN,이제 안 들릴걸?,
06:31:29,23489.94,06:31:31,23491.94,UNKNOWN,"오, 약간 줄긴 했는데",
06:31:31,23491.94,06:31:33,23493.94,UNKNOWN,그래도 뭐 이 정도는 뭐,
06:31:33,23493.94,06:31:34,23494.94,UNKNOWN,"어, 이상하네",
06:31:34,23494.94,06:31:35,23495.94,UNKNOWN,말해봐,
06:31:35,23495.94,06:31:37,23497.94,UNKNOWN,딸깍딸깍 해봐,
06:31:37,23497.94,06:31:39,23499.94,UNKNOWN,잠깐만,
06:31:39,23499.94,06:31:40,23500.94,UNKNOWN,"아, 내 말은 들렸는데",
06:31:40,23500.94,06:31:42,23502.94,UNKNOWN,"어, 잘 들렸어",
06:31:42,23502.94,06:31:45,23505.94,UNKNOWN,딸깍 하고 있어? 딸깍 소리는 안들리긴 해,
06:31:45,23505.94,06:31:48,23508.94,UNKNOWN,마이크가 좀 멀리해서,
06:31:48,23508.94,06:31:50,23510.94,UNKNOWN,생각보다 차가 안오네?,
06:31:50,23510.94,06:31:51,23511.94,UNKNOWN,그니까,
06:31:51,23511.94,06:31:53,23513.94,UNKNOWN,이쪽으로 한 팀 올 줄 알았는데 이게,
06:31:53,23513.94,06:31:55,23515.94,UNKNOWN,오늘,
06:31:55,23515.94,06:31:57,23517.94,UNKNOWN,왜 안 들리지?,
06:31:57,23517.94,06:31:59,23519.94,UNKNOWN,"어, 소리 들린다",
06:31:59,23519.94,06:32:01,23521.94,UNKNOWN,어?,
06:32:01,23521.94,06:32:03,23523.94,UNKNOWN,마우스?,
06:32:03,23523.94,06:32:05,23525.94,UNKNOWN,마음소리인가?,
06:32:05,23525.94,06:32:08,23528.94,UNKNOWN,어? 나 9탄이 몇탄 없네,
06:32:08,23528.94,06:32:09,23529.94,UNKNOWN,많이 안 들려,
06:32:09,23529.94,06:32:11,23531.94,UNKNOWN,밀베이스 너 살렸다,
06:32:11,23531.94,06:32:12,23532.94,UNKNOWN,그러니까,
06:32:12,23532.94,06:32:15,23535.94,UNKNOWN,우리 들어가서 여기 1번쪽 자리 먹으러 가자,
06:32:15,23535.94,06:32:17,23537.94,UNKNOWN,차 한식 가지시고,
06:32:17,23537.94,06:32:24,23544.26,UNKNOWN,모두 튀었겠다,
06:32:24,23544.26,06:32:26,23546.26,UNKNOWN,"자, 저는 살고 싶으니까 1선 서세요",
06:32:26,23546.26,06:32:28,23548.26,UNKNOWN,내가 설게,
06:32:28,23548.26,06:32:30,23550.26,UNKNOWN,뭐야?,
06:32:30,23550.26,06:32:32,23552.26,UNKNOWN,님만 서는게 아닐텐데?,
06:32:32,23552.26,06:32:34,23554.26,UNKNOWN,하하하하하,
06:32:34,23554.26,06:32:37,23557.89,UNKNOWN,그냥 빠르게 달려버리니,
06:32:37,23557.89,06:32:38,23558.89,UNKNOWN,어!,
06:32:38,23558.89,06:32:42,23562.52,UNKNOWN,대충 라인 그어놨어,
06:32:42,23562.52,06:32:44,23564.52,UNKNOWN,아빠,
06:32:44,23564.52,06:32:45,23565.52,UNKNOWN,오케이,
06:32:45,23565.52,06:32:46,23566.52,UNKNOWN,아빠,
06:32:46,23566.52,06:32:48,23568.52,UNKNOWN,레바 형한테 한 말 해봐요 레바 형,
06:32:48,23568.52,06:32:50,23570.52,UNKNOWN,응 이래,
06:32:50,23570.52,06:32:52,23572.52,UNKNOWN,아 맞지?,
06:32:52,23572.52,06:32:53,23573.52,UNKNOWN,아빠,
06:32:53,23573.52,06:32:54,23574.52,UNKNOWN,인기 작가야,
06:32:54,23574.52,06:32:55,23575.52,UNKNOWN,아빠,
06:32:55,23575.52,06:32:56,23576.52,UNKNOWN,오오오,
06:32:56,23576.52,06:32:57,23577.52,UNKNOWN,아빠,
06:32:57,23577.52,06:32:59,23579.52,UNKNOWN,뭐야 왜 이리로 왔지?,
06:32:59,23579.52,06:33:00,23580.52,UNKNOWN,아빠,
06:33:00,23580.52,06:33:01,23581.52,UNKNOWN,오케이,
06:33:01,23581.52,06:33:02,23582.52,UNKNOWN,빨리 따라다녀,
06:33:02,23582.52,06:33:11,23591.34,UNKNOWN,레바 형 병높고 맞는데,
06:33:11,23591.34,06:33:12,23592.34,UNKNOWN,아빠 2명이 되어야지,
06:33:12,23592.34,06:33:13,23593.34,UNKNOWN,나? 나한테 하는 말 했어?,
06:33:13,23593.34,06:33:14,23594.34,UNKNOWN,아빠는 너 아니야?,
06:33:14,23594.34,06:33:15,23595.34,UNKNOWN,하하하하하,
06:33:15,23595.34,06:33:16,23596.34,UNKNOWN,레바 형 돈 많아,
06:33:16,23596.34,06:33:18,23598.34,UNKNOWN,아빠는 많을수록 좋아요,
06:33:18,23598.34,06:33:20,23600.34,UNKNOWN,하하하하하,
06:33:20,23600.34,06:33:21,23601.34,UNKNOWN,하하하하하,
06:33:21,23601.34,06:33:22,23602.34,UNKNOWN,하하하하하,
06:33:22,23602.34,06:33:24,23604.34,UNKNOWN,하하하하하하,
06:33:24,23604.34,06:33:30,23610.83,UNKNOWN,아,
06:33:30,23610.83,06:33:33,23613.83,UNKNOWN,지금 나갔어,
06:33:33,23613.87,06:33:34,23614.87,UNKNOWN,아,
06:33:34,23614.87,06:34:05,23645.22,UNKNOWN,에이worth,
06:34:05,23645.22,06:34:07,23647.22,UNKNOWN,레바 님에,
06:34:07,23647.22,06:34:08,23648.22,UNKNOWN,레바 님에,
06:34:08,23648.22,06:34:09,23649.22,UNKNOWN,리명 딸,
06:34:09,23649.22,06:34:10,23650.22,UNKNOWN,그러지?,
06:34:10,23650.22,06:34:11,23651.52,UNKNOWN,렉렉렉렉,
06:34:11,23651.52,06:34:12,23652.92,UNKNOWN,아악! 아악!,
06:34:12,23652.92,06:34:13,23653.92,UNKNOWN,취소 취소!,
06:34:13,23653.92,06:34:15,23655.42,UNKNOWN,오오오오!,
06:34:15,23655.42,06:34:22,23662.31,UNKNOWN,보고 있는거지?,
06:34:22,23662.31,06:34:23,23663.91,UNKNOWN,어 최대한 기름 아끼면서 가고있어,
06:34:23,23663.91,06:34:25,23665.81,UNKNOWN,오오오오!,
06:34:25,23665.81,06:34:27,23667.71,UNKNOWN,오오오오!,
06:34:27,23667.71,06:34:35,23675.46,UNKNOWN,많은 일 있었어,
06:34:35,23675.46,06:34:38,23678.36,UNKNOWN,왼쪽 마을에 사람이 있으니까,
06:34:38,23678.36,06:34:40,23680.16,UNKNOWN,오른쪽으로 올라와,
06:34:40,23680.16,06:34:41,23681.26,UNKNOWN,뭐야?,
06:34:41,23681.26,06:34:42,23682.16,UNKNOWN,오오오오!,
06:34:42,23682.16,06:34:43,23683.96,UNKNOWN,잠깐 잠깐 잠깐,
06:34:43,23683.96,06:34:47,23687.5,UNKNOWN,하하! 날 못봤는데?,
06:34:47,23687.5,06:34:50,23690.96,UNKNOWN,잠깐 이걸 맞춘다고?,
06:34:50,23690.96,06:34:53,23693.66,UNKNOWN,안돼 우리 레바형,
06:34:53,23693.66,06:34:57,23697.08,UNKNOWN,근데 이건 줄건 줘야돼,
06:34:57,23697.08,06:35:02,23702.23,UNKNOWN,우리 큐가 너무 높아진거 아니야?,
06:35:02,23702.23,06:35:05,23705.02,UNKNOWN,중간에 멈춘거 아니야?,
06:35:05,23705.02,06:35:07,23707.62,UNKNOWN,연막 깔고 어떻게 먹어볼까?,
06:35:07,23707.62,06:35:13,23713.68,UNKNOWN,너무 대로변에서 죽어버렸네,
06:35:13,23713.68,06:35:21,23721.48,UNKNOWN,아니야 쏘는게 엄청 매서,
06:35:21,23721.48,06:35:22,23722.48,UNKNOWN,어디서 쏘던거야?,
06:35:22,23722.48,06:35:23,23723.68,UNKNOWN,집에서,
06:35:23,23723.68,06:35:26,23726.38,UNKNOWN,아 저기 저기,
06:35:26,23726.38,06:35:27,23727.78,UNKNOWN,저 뭐냐?,
06:35:27,23727.78,06:35:29,23729.98,UNKNOWN,옥상이 있다 파란색 빙 옥상,
06:35:29,23729.98,06:35:40,23740.09,UNKNOWN,저기 안죽네,
06:35:40,23740.09,06:35:52,23752.66,UNKNOWN,우와아아아!,
06:35:52,23752.66,06:35:53,23753.66,UNKNOWN,이거 핵 아니야?,
06:35:53,23753.66,06:35:54,23754.46,UNKNOWN,어!,
06:35:54,23754.46,06:35:56,23756.16,UNKNOWN,아니 이건 진짜 말이 안되는데?,
06:35:56,23756.16,06:35:56,23756.76,UNKNOWN,그치?,
06:35:56,23756.76,06:35:57,23757.66,UNKNOWN,으아아아아!,
06:35:57,23757.66,06:35:58,23758.16,UNKNOWN,아!,
06:35:58,23758.16,06:35:59,23759.06,UNKNOWN,야 맞나?,
06:35:59,23759.06,06:35:59,23759.96,UNKNOWN,어 얘,
06:35:59,23759.96,06:36:01,23761.56,UNKNOWN,핵인거 같애,
06:36:01,23761.56,06:36:02,23762.26,UNKNOWN,아니,
06:36:02,23762.26,06:36:04,23764.16,UNKNOWN,아니 이게 말이 안되잖아,
06:36:04,23764.16,06:36:11,23771.53,UNKNOWN,나 연막 안에 있었는데,
06:36:11,23771.53,06:36:12,23772.63,UNKNOWN,얘?,
06:36:12,23772.63,06:36:15,23775.53,UNKNOWN,눈을 마주치면서 쓰러졌어,
06:36:15,23775.53,06:36:16,23776.53,UNKNOWN,내가 뿌렸어,
06:36:16,23776.53,06:36:17,23777.83,UNKNOWN,엠이사가,
06:36:17,23777.83,06:36:27,23787.76,UNKNOWN,옥상이?,
06:36:27,23787.76,06:36:28,23788.66,UNKNOWN,이게,
06:36:28,23788.66,06:36:36,23796.57,UNKNOWN,에헤헤,
06:36:36,23796.57,06:36:37,23797.57,UNKNOWN,으아악!,
06:36:37,23797.57,06:36:38,23798.57,UNKNOWN,아 이거 진짜,
06:36:38,23798.57,06:36:39,23799.57,UNKNOWN,엠이사,
06:36:39,23799.57,06:36:41,23801.57,UNKNOWN,아 엠이사 쏘는 애 진짜 이상하다니까?,
06:36:41,23801.57,06:36:45,23805.78,UNKNOWN,신고를 맞고,
06:36:45,23805.78,06:36:47,23807.78,UNKNOWN,SK 한 번 봐야겠다,
06:36:47,23807.78,06:36:48,23808.78,UNKNOWN,뭐냐?,
06:36:48,23808.78,06:36:50,23810.78,UNKNOWN,내가 보여줄수도 있긴 한데 이게,
06:36:50,23810.78,06:36:52,23812.78,UNKNOWN,나 나와버렸는데,
06:36:52,23812.78,06:36:54,23814.28,UNKNOWN,그냥 잘하는 애인가?,
06:36:54,23814.28,06:37:02,23822.28,UNKNOWN,아니 그냥 잘하는 애 치고는 너무,
06:37:02,23822.28,06:37:04,23824.28,UNKNOWN,아닌가?,
06:37:04,23824.28,06:37:07,23827.28,UNKNOWN,관전하고 있으니까 일부러 안 쏘나?,
06:37:07,23827.28,06:37:11,23831.65,UNKNOWN,어?,
06:37:11,23831.65,06:37:12,23832.65,UNKNOWN,왜?,
06:37:12,23832.65,06:37:14,23834.65,UNKNOWN,진짜 모르겠어,
06:37:14,23834.65,06:37:16,23836.65,UNKNOWN,쟤 뽀록인지,
06:37:16,23836.65,06:37:18,23838.65,UNKNOWN,뽀록인지 핵인지 이거 뭐,
06:37:18,23838.65,06:37:23,23843.02,UNKNOWN,보이지도 않는데 이게,
06:37:23,23843.02,06:37:24,23844.02,UNKNOWN,일단 신고했어,
06:37:24,23844.02,06:37:26,23846.02,UNKNOWN,배그 보고 판단해달라고 해 신고하고,
06:37:26,23846.02,06:37:27,23847.02,UNKNOWN,아 형 신고했어,
06:37:27,23847.02,06:37:28,23848.02,UNKNOWN,오케이 신고해,
06:37:28,23848.02,06:37:33,23853.48,UNKNOWN,형 신고를 해,
06:37:33,23853.48,06:37:34,23854.48,UNKNOWN,아 핵 아니,
06:37:34,23854.48,06:37:36,23856.48,UNKNOWN,판단은 게임에서 하겄지,
06:37:36,23856.48,06:37:37,23857.48,UNKNOWN,리얼 리얼,
06:37:37,23857.48,06:37:39,23859.48,UNKNOWN,핵쟁이인듯,
06:37:39,23859.48,06:37:44,23864.68,UNKNOWN,아 아닌거 같기도 하고,
06:37:44,23864.68,06:37:45,23865.68,UNKNOWN,아 모르겠네,
06:37:45,23865.68,06:37:46,23866.68,UNKNOWN,계속 보고 있었는데,
06:37:46,23866.68,06:37:48,23868.68,UNKNOWN,애매해,
06:37:48,23868.68,06:37:49,23869.68,UNKNOWN,애매한 친구들은 좀,
06:37:49,23869.68,06:37:50,23870.68,UNKNOWN,어렵긴 해,
06:37:50,23870.68,06:37:52,23872.68,UNKNOWN,근데 애매한 사람들 입장에서도,
06:37:52,23872.68,06:37:53,23873.68,UNKNOWN,기분이 좀,
06:37:53,23873.68,06:37:54,23874.68,UNKNOWN,참 좋아,
06:37:54,23874.68,06:37:55,23875.68,UNKNOWN,핵 의심 당하면,
06:37:55,23875.68,06:37:56,23876.68,UNKNOWN,그럼,
06:37:56,23876.68,06:37:57,23877.68,UNKNOWN,자유 규칙 잘했다는 거거든,
06:37:57,23877.68,06:37:58,23878.68,UNKNOWN,맞긴 해,
06:37:58,23878.68,06:37:59,23879.68,UNKNOWN,와,
06:37:59,23879.68,06:38:02,23882.68,UNKNOWN,귀한 김블루 0 0 0 있잖아,
06:38:02,23882.68,06:38:04,23884.68,UNKNOWN,나 형 구하러 가다가,
06:38:04,23884.68,06:38:05,23885.68,UNKNOWN,어,
06:38:05,23885.68,06:38:06,23886.68,UNKNOWN,그게,
06:38:06,23886.68,06:38:08,23888.68,UNKNOWN,그것도 죽을 줄 몰랐어,
06:38:08,23888.68,06:38:09,23889.68,UNKNOWN,어,
06:38:09,23889.68,06:38:10,23890.68,UNKNOWN,어,
06:38:10,23890.68,06:38:11,23891.68,UNKNOWN,어,
06:38:11,23891.68,06:38:12,23892.68,UNKNOWN,근데 핵,
06:38:12,23892.68,06:38:14,23894.68,UNKNOWN,핵 신고 당하면,
06:38:14,23894.68,06:38:15,23895.68,UNKNOWN,응,
06:38:15,23895.68,06:38:16,23896.68,UNKNOWN,아이디 풀 수도 있지,
06:38:16,23896.68,06:38:17,23897.68,UNKNOWN,그거 핵 아니라고,
06:38:17,23897.68,06:38:20,23900.92,UNKNOWN,신고 당한 아이디,
06:38:20,23900.92,06:38:21,23901.92,UNKNOWN,핵 아니라고,
06:38:21,23901.92,06:38:23,23903.92,UNKNOWN,항의할 수 있냐는 거예요,
06:38:23,23903.92,06:38:24,23904.92,UNKNOWN,네,
06:38:24,23904.92,06:38:25,23905.92,UNKNOWN,정지 당하니까,
06:38:25,23905.92,06:38:26,23906.92,UNKNOWN,정지 풀 수 있는지,
06:38:26,23906.92,06:38:27,23907.92,UNKNOWN,그렇지 않아요,
06:38:27,23907.92,06:38:30,23910.92,UNKNOWN,풀 수 있지 않을까요,
06:38:30,23910.92,06:38:32,23912.92,UNKNOWN,물론 많이 당해봤잖아,
06:38:32,23912.92,06:38:33,23913.92,UNKNOWN,나,
06:38:33,23913.92,06:38:34,23914.92,UNKNOWN,그치,
06:38:34,23914.92,06:38:36,23916.92,UNKNOWN,정지 당해도 어차피 뭐,
06:38:36,23916.92,06:38:38,23918.92,UNKNOWN,24시간 뒤면 풀리니까,
06:38:38,23918.92,06:38:40,23920.92,UNKNOWN,아 시간 뒤에 풀려,
06:38:40,23920.92,06:38:41,23921.92,UNKNOWN,그치 핵이,
06:38:41,23921.92,06:38:42,23922.92,UNKNOWN,아니면,
06:38:42,23922.92,06:38:44,23924.92,UNKNOWN,아니면 정지당하네,
06:38:44,23924.92,06:38:47,23927.92,UNKNOWN,전 실제로 중국인이,
06:38:47,23927.92,06:38:48,23928.92,UNKNOWN,스팀 계정을 해킹해서,
06:38:48,23928.92,06:38:50,23930.92,UNKNOWN,핵 쓰는 바람에,
06:38:50,23930.92,06:38:52,23932.92,UNKNOWN,한 4 5년 동안 정지였어요,
06:38:52,23932.92,06:38:53,23933.92,UNKNOWN,뭐,
06:38:53,23933.92,06:38:55,23935.92,UNKNOWN,그냥 배그다 다시 해볼까 하고,
06:38:55,23935.92,06:38:56,23936.92,UNKNOWN,정지 풀어달라고,
06:38:56,23936.92,06:38:57,23937.92,UNKNOWN,문기해서,
06:38:57,23937.92,06:38:58,23938.92,UNKNOWN,겨우 푼 거라서,
06:38:58,23938.92,06:39:02,23942.03,UNKNOWN,어,
06:39:02,23942.03,06:39:04,23944.03,UNKNOWN,이게 한 번은 내가 알기로 풀어주거든,
06:39:04,23944.03,06:39:05,23945.03,UNKNOWN,응,
06:39:05,23945.03,06:39:06,23946.03,UNKNOWN,근데 두 번 털리면 안 풀어져,
06:39:06,23946.03,06:39:07,23947.03,UNKNOWN,맞아,
06:39:07,23947.03,06:39:09,23949.03,UNKNOWN,그 스팀 가드를 무조건 설치해야지,
06:39:09,23949.03,06:39:10,23950.03,UNKNOWN,풀어준다 카드라고,
06:39:10,23950.03,06:39:20,23960.29,UNKNOWN,너무 잘해서 핵 신고 당할 수도 있잖아,
06:39:20,23960.29,06:39:21,23961.29,UNKNOWN,나도 그래 보고 싶다,
06:39:21,23961.29,06:39:24,23964.29,UNKNOWN,나도 알아놔야겠다,
06:39:24,23964.29,06:39:26,23966.29,UNKNOWN,우리 여기 먹고,
06:39:26,23966.29,06:39:28,23968.29,UNKNOWN,바로 여기 있는 동굴 탈 거야,
06:39:28,23968.29,06:39:29,23969.29,UNKNOWN,어,
06:39:29,23969.29,06:39:30,23970.29,UNKNOWN,오케이 오케이,
06:39:30,23970.29,06:39:33,23973.99,UNKNOWN,저기 동굴 오랜만에 가네,
06:39:33,23973.99,06:39:35,23975.99,UNKNOWN,점착폭탄 하나만 있으면 바로 들어가면 되거든,
06:39:35,23975.99,06:39:36,23976.99,UNKNOWN,다시 저기,
06:39:36,23976.99,06:39:39,23979.99,UNKNOWN,보통 안에 젠이 돼있긴 하더라고,
06:39:39,23979.99,06:39:42,23982.46,UNKNOWN,그러니까,
06:39:43,23983.46,06:39:44,23984.46,UNKNOWN,찾아보면,
06:39:44,23984.46,06:39:52,23992.56,UNKNOWN,나도,
06:39:52,23992.56,06:39:53,23993.56,UNKNOWN,하나쯤은 있어,
06:39:53,23993.56,06:40:14,24014.28,UNKNOWN,점폭,
06:40:14,24014.28,06:40:16,24016.28,UNKNOWN,있다,
06:40:16,24016.28,06:40:18,24018.28,UNKNOWN,가서 들어가져,
06:40:18,24018.28,06:40:20,24020.28,UNKNOWN,너랑팽?,
06:40:20,24020.28,06:40:21,24021.32,UNKNOWN,여기인가?,
06:40:21,24021.32,06:40:22,24022.24,UNKNOWN,동굴?,
06:40:22,24022.24,06:40:26,24026.32,UNKNOWN,동굴 한번도 안가봤어,
06:40:26,24026.32,06:40:27,24027.34,UNKNOWN,동굴 4번,
06:40:27,24027.34,06:40:31,24031.68,UNKNOWN,동굴 안가봤다고?,
06:40:31,24031.68,06:40:32,24032.48,UNKNOWN,동굴 재밌는데,
06:40:32,24032.48,06:40:34,24034.02,UNKNOWN,한번도 안가보네,
06:40:34,24034.02,06:40:35,24035.26,UNKNOWN,카라킨 정글,
06:40:36,24036.86,06:40:38,24038.86,UNKNOWN,카라킨 하는 사람 잘 없긴하니까,
06:40:38,24038.86,06:40:39,24039.74,UNKNOWN,M4가 나오네,
06:40:39,24039.74,06:40:48,24048.53,UNKNOWN,손에 놨다,
06:40:48,24048.53,06:40:49,24049.53,UNKNOWN,점착폭탄,
06:40:49,24049.53,06:40:50,24050.57,UNKNOWN,아 됐다 손에 쥐고,
06:40:50,24050.57,06:40:52,24052.21,UNKNOWN,이거 어디야?,
06:40:52,24052.21,06:40:52,24052.97,UNKNOWN,입고가?,
06:40:52,24052.97,06:40:54,24054.97,UNKNOWN,폭!,
06:40:54,24054.97,06:40:56,24056.27,UNKNOWN,내가 썬거,
06:40:56,24056.27,06:40:57,24057.73,UNKNOWN,이거 입고가 어디야?,
06:40:57,24057.73,06:41:02,24062.16,UNKNOWN,아 여긴가?,
06:41:02,24062.16,06:41:03,24063.28,UNKNOWN,아 여기구나,
06:41:03,24063.28,06:41:07,24067.1,UNKNOWN,아 가방 가방,
06:41:07,24067.1,06:41:07,24067.88,UNKNOWN,모르는거?,
06:41:07,24067.88,06:41:08,24068.38,UNKNOWN,제발,
06:41:08,24068.38,06:41:08,24068.88,UNKNOWN,여깄다,
06:41:12,24072.1,06:41:13,24073.1,UNKNOWN,붙여,
06:41:13,24073.1,06:41:13,24073.84,UNKNOWN,철! 철!,
06:41:13,24073.84,06:41:14,24074.84,UNKNOWN,다가가기!,
06:41:20,24080.81,06:41:22,24082.81,UNKNOWN,다 털어도 가방이 안나오네,
06:41:23,24083.49,06:41:25,24085.49,UNKNOWN,여기 오세요 여기,
06:41:25,24085.49,06:41:26,24086.39,UNKNOWN,가고있습니다,
06:41:26,24086.39,06:41:27,24087.39,UNKNOWN,어? 뭐야,
06:41:27,24087.39,06:41:28,24088.89,UNKNOWN,어?,
06:41:28,24088.89,06:41:29,24089.49,UNKNOWN,누구 있어요?,
06:41:29,24089.49,06:41:31,24091.49,UNKNOWN,뭐야? 이거 이렇게 오는거에요?,
06:41:31,24091.49,06:41:32,24092.41,UNKNOWN,응,
06:41:32,24092.41,06:41:33,24093.71,UNKNOWN,빠르게 먹어야 돼요,
06:41:33,24093.71,06:41:35,24095.19,UNKNOWN,숨! 숨! 숨!,
06:41:35,24095.19,06:41:37,24097.11,UNKNOWN,숨차오면서 먹어야 된다고 말 안해줬지,
06:41:37,24097.11,06:41:38,24098.11,UNKNOWN,아!,
06:41:38,24098.11,06:41:39,24099.11,UNKNOWN,미치겠다!,
06:41:39,24099.11,06:41:40,24100.11,UNKNOWN,숨 참아!,
06:41:40,24100.11,06:41:42,24102.11,UNKNOWN,그래 넘어가면 다음에 길이 있어,
06:41:42,24102.11,06:41:43,24103.11,UNKNOWN,넘어가면 쭉 앞으로 가,
06:41:43,24103.11,06:41:48,24108.43,UNKNOWN,피!,
06:41:48,24108.43,06:41:54,24114.87,UNKNOWN,피!,
06:41:54,24114.87,06:41:55,24115.87,UNKNOWN,피!,
06:41:55,24115.87,06:41:56,24116.87,UNKNOWN,피!,
06:41:56,24116.87,06:41:59,24119.15,UNKNOWN,길이 있어 거기가,
06:41:59,24119.15,06:42:00,24120.15,UNKNOWN,적기,
06:42:00,24120.15,06:42:01,24121.15,UNKNOWN,아 피! 까졌어,
06:42:01,24121.15,06:42:03,24123.46,UNKNOWN,아 피! 까졌어,
06:42:03,24123.46,06:42:04,24124.46,UNKNOWN,필요한게 영어 안 나오네,
06:42:04,24124.46,06:42:05,24125.46,UNKNOWN,필요한게 영어 안 나오네,
06:42:05,24125.46,06:42:11,24131.64,UNKNOWN,이거 쭉가 쭉가,
06:42:11,24131.64,06:42:12,24132.64,UNKNOWN,여기 팀 많아,
06:42:12,24132.64,06:42:13,24133.64,UNKNOWN,들어가면,
06:42:13,24133.64,06:42:18,24138.2,UNKNOWN,맞는길 꺾어,
06:42:18,24138.2,06:42:26,24146.2,UNKNOWN,반대편으로 갈걸 그랬나?,
06:42:26,24146.2,06:42:27,24147.2,UNKNOWN,반대편으로 갈걸 그랬나?,
06:42:27,24147.2,06:42:32,24152.52,UNKNOWN,아니 그냥 나가는 길인데?,
06:42:32,24152.52,06:42:33,24153.52,UNKNOWN,아니 그냥 나가는 길인데?,
06:42:33,24153.52,06:42:34,24154.52,UNKNOWN,완전 반대로 갔나본데?,
06:42:34,24154.52,06:42:35,24155.52,UNKNOWN,완전 반대로 갔나본데?,
06:42:35,24155.52,06:42:36,24156.52,UNKNOWN,여기 아닌데?,
06:42:36,24156.52,06:42:37,24157.52,UNKNOWN,여기?,
06:42:37,24157.52,06:42:38,24158.52,UNKNOWN,나 있는쪽 나 있는쪽,
06:42:38,24158.52,06:42:39,24159.52,UNKNOWN,나 있는쪽 나 있는쪽,
06:42:39,24159.52,06:42:43,24163.82,UNKNOWN,너를 찾아봐,
06:42:43,24163.82,06:42:44,24164.82,UNKNOWN,너를 찾아봐,
06:42:44,24164.82,06:42:45,24165.82,UNKNOWN,아 피 까진다,
06:42:45,24165.82,06:42:52,24172.29,UNKNOWN,아 피 까진다,
06:42:52,24172.29,06:42:53,24173.29,UNKNOWN,오케이,
06:42:53,24173.29,06:43:01,24181.59,UNKNOWN,어 내 앞에 사람,
06:43:01,24181.59,06:43:02,24182.59,UNKNOWN,근데 블루야 죽는거 아니야?,
06:43:02,24182.59,06:43:03,24183.59,UNKNOWN,근데 블루야 죽는거 아니야?,
06:43:03,24183.59,06:43:06,24186.38,UNKNOWN,도와줘!,
06:43:06,24186.38,06:43:07,24187.38,UNKNOWN,도와줄 수 없어,
06:43:07,24187.38,06:43:08,24188.38,UNKNOWN,오!,
06:43:08,24188.38,06:43:09,24189.38,UNKNOWN,내가 피야!,
06:43:09,24189.38,06:43:10,24190.38,UNKNOWN,뭔가 엄청나게 싸우고 있는데?,
06:43:10,24190.38,06:43:11,24191.38,UNKNOWN,빨리와!,
06:43:11,24191.38,06:43:12,24192.38,UNKNOWN,난 뒤에 있어 난 뒤에 있어,
06:43:12,24192.38,06:43:13,24193.38,UNKNOWN,난 뒤에 있어 난 뒤에 있어,
06:43:13,24193.38,06:43:14,24194.38,UNKNOWN,불 때문에 못나가,
06:43:14,24194.38,06:43:15,24195.38,UNKNOWN,오른쪽이야 오른쪽,
06:43:15,24195.38,06:43:19,24199.61,UNKNOWN,친구 어디야?,
06:43:19,24199.61,06:43:20,24200.61,UNKNOWN,모르겠어,
06:43:20,24200.61,06:43:23,24203.69,UNKNOWN,친구 못찾겠어,
06:43:23,24203.69,06:43:24,24204.69,UNKNOWN,내가 이거 어떻게 살았어?,
06:43:24,24204.69,06:43:25,24205.69,UNKNOWN,내가 이거 어떻게 살았어?,
06:43:25,24205.69,06:43:26,24206.69,UNKNOWN,뭐야?,
06:43:26,24206.69,06:43:27,24207.69,UNKNOWN,한 명이 남았거든,
06:43:27,24207.69,06:43:28,24208.69,UNKNOWN,한 명이 어디있는지 모르겠어,
06:43:28,24208.69,06:43:29,24209.69,UNKNOWN,너 혼자 다시 치운거야?,
06:43:29,24209.69,06:43:30,24210.69,UNKNOWN,일단,
06:43:30,24210.69,06:43:31,24211.69,UNKNOWN,저 반대쪽 끝에 있는거,
06:43:31,24211.69,06:43:32,24212.69,UNKNOWN,일단,
06:43:32,24212.69,06:43:33,24213.69,UNKNOWN,여기 있을거 같은데,
06:43:33,24213.69,06:43:34,24214.69,UNKNOWN,아니 뭐,
06:43:34,24214.69,06:43:35,24215.69,UNKNOWN,가방이 하나도 없어,
06:43:35,24215.69,06:43:36,24216.69,UNKNOWN,뭐,
06:43:36,24216.69,06:43:37,24217.69,UNKNOWN,여기있다,
06:43:37,24217.69,06:43:40,24220.64,UNKNOWN,여기 그거 저거,
06:43:40,24220.64,06:43:41,24221.64,UNKNOWN,앞에 체크해야겠어,
06:43:41,24221.64,06:43:42,24222.64,UNKNOWN,채연아 기다려봐,
06:43:42,24222.64,06:43:43,24223.64,UNKNOWN,앞에 위험해,
06:43:43,24223.64,06:43:44,24224.64,UNKNOWN,나 볼게,
06:43:44,24224.64,06:43:45,24225.64,UNKNOWN,나올 때까지 기다리고 있을 수도 있어,
06:43:45,24225.64,06:43:46,24226.64,UNKNOWN,없어?,
06:43:46,24226.64,06:43:47,24227.64,UNKNOWN,가방이 어디있어,
06:43:47,24227.64,06:43:48,24228.64,UNKNOWN,일단 여기,
06:43:48,24228.64,06:43:49,24229.64,UNKNOWN,난 괜찮아,
06:43:49,24229.64,06:43:53,24233.24,UNKNOWN,어떻게 이긴거지?,
06:43:53,24233.24,06:43:58,24238.52,UNKNOWN,위에서 기다리나?,
06:43:58,24238.52,06:43:59,24239.52,UNKNOWN,죽여버려,
06:43:59,24239.52,06:44:00,24240.52,UNKNOWN,골라 가봐,
06:44:00,24240.52,06:44:01,24241.52,UNKNOWN,친구들이랑 같이 하는게 낫지 않을까?,
06:44:01,24241.52,06:44:02,24242.52,UNKNOWN,7탄 없네 7탄,
06:44:02,24242.52,06:44:03,24243.52,UNKNOWN,이거 어떻게,
06:44:03,24243.52,06:44:07,24247.34,UNKNOWN,살았어?,
06:44:07,24247.34,06:44:08,24248.34,UNKNOWN,D.M.R,
06:44:08,24248.34,06:44:09,24249.34,UNKNOWN,어?,
06:44:09,24249.34,06:44:10,24250.34,UNKNOWN,D.M.R,
06:44:10,24250.34,06:44:11,24251.34,UNKNOWN,어?,
06:44:11,24251.34,06:44:12,24252.34,UNKNOWN,D.M.R,
06:44:12,24252.34,06:44:13,24253.34,UNKNOWN,D.M.R,
06:44:13,24253.34,06:44:14,24254.34,UNKNOWN,D.M.R,
06:44:14,24254.34,06:44:15,24255.34,UNKNOWN,D.M.R,
06:44:15,24255.34,06:44:16,24256.34,UNKNOWN,D.M.R,
06:44:16,24256.34,06:44:19,24259.16,UNKNOWN,D.M.R,
06:44:19,24259.16,06:44:20,24260.16,UNKNOWN,D.M.R,
06:44:20,24260.16,06:44:21,24261.16,UNKNOWN,D.M.R,
06:44:21,24261.16,06:44:22,24262.16,UNKNOWN,D.M.R,
06:44:22,24262.16,06:44:23,24263.16,UNKNOWN,D.M.R,
06:44:23,24263.16,06:44:24,24264.16,UNKNOWN,사람 desenvolver,
06:44:24,24264.16,06:44:25,24265.16,UNKNOWN,inverse,
06:44:25,24265.16,06:44:26,24266.16,UNKNOWN,그쵸,
06:44:26,24266.16,06:44:27,24267.16,UNKNOWN,다음 할리우드,
06:44:27,24267.16,06:44:31,24271.04,UNKNOWN,leading,
06:44:31,24271.04,06:44:35,24275.65,UNKNOWN,너로데信,
06:44:35,24275.65,06:44:41,24281.63,UNKNOWN,ć,
06:44:47,24287.25,06:44:48,24288.25,UNKNOWN,빙금,
06:44:48,24288.63,06:44:49,24289.63,UNKNOWN,엉,
06:44:49,24289.63,06:44:51,24291.63,UNKNOWN,벵,
06:44:52,24292.63,06:44:54,24294.63,UNKNOWN,무조건 위가 좋으니까,
06:44:55,24295.93,06:44:57,24297.93,UNKNOWN,뒤에만 있는지 파괴,
06:44:59,24299.93,06:45:03,24303.46,UNKNOWN,부탄은 많고,
06:45:03,24303.46,06:45:05,24305.96,UNKNOWN,이따 들어가려면 이런 느낌으로 들어가야 될 것 같아,
06:45:05,24305.96,06:45:08,24308.9,UNKNOWN,너네,
06:45:08,24308.9,06:45:10,24310.9,UNKNOWN,여긴 들어가면 어디로 나오지?,
06:45:12,24312.2,06:45:14,24314.2,UNKNOWN,7탄을 너무 많이 들고 있네,
06:45:17,24317.01,06:45:18,24318.11,UNKNOWN,벌써 스물탄,
06:45:18,24318.11,06:45:22,24322.25,UNKNOWN,벌써 스물다섯 남았어,
06:45:22,24322.25,06:45:24,24324.25,UNKNOWN,뭔 소리야 아 깬거야?,
06:45:24,24324.85,06:45:26,24326.85,UNKNOWN,여기는 뭐 있나 싶어서,
06:45:26,24326.85,06:45:37,24337.43,UNKNOWN,여긴 어디로 이어지지?,
06:45:37,24337.43,06:45:45,24345.57,UNKNOWN,여기 보급이다,
06:45:47,24347.57,06:45:48,24348.57,UNKNOWN,차록핑,
06:45:48,24348.57,06:45:49,24349.57,UNKNOWN,오케이,
06:45:49,24349.57,06:45:50,24350.57,UNKNOWN,어? 님들,
06:45:50,24350.57,06:45:51,24351.57,UNKNOWN,내가,
06:45:51,24351.57,06:45:52,24352.57,UNKNOWN,여기 이걸로,
06:45:52,24352.57,06:45:54,24354.57,UNKNOWN,여기로 들어와서 쭉 와도 될 것 같은데,
06:45:54,24354.57,06:45:56,24356.57,UNKNOWN,어디로 들어가?,
06:45:56,24356.57,06:45:57,24357.57,UNKNOWN,노란핑,
06:45:57,24357.57,06:45:58,24358.57,UNKNOWN,여기 벙커,
06:45:58,24358.57,06:45:59,24359.57,UNKNOWN,아,
06:45:59,24359.57,06:46:01,24361.57,UNKNOWN,여기가 길이 좋은데?,
06:46:02,24362.57,06:46:04,24364.57,UNKNOWN,렛츠고 렛츠고 렛츠기,
06:46:04,24364.57,06:46:06,24366.57,UNKNOWN,렛츠기 렛츠기 렛츠기 렛츠기,
06:46:07,24367.57,06:46:08,24368.57,UNKNOWN,빨리 빨리,
06:46:09,24369.57,06:46:11,24371.57,UNKNOWN,S라고 적혀있네,
06:46:12,24372.57,06:46:13,24373.57,UNKNOWN,이게,
06:46:13,24373.57,06:46:14,24374.57,UNKNOWN,벙커,
06:46:14,24374.57,06:46:15,24375.57,UNKNOWN,그 동그란 돔에,
06:46:15,24375.57,06:46:16,24376.57,UNKNOWN,깃발 꽂혀있으면,
06:46:16,24376.57,06:46:22,24382.73,UNKNOWN,밑으로 들어갈 수 있는 곳이라고 하네,
06:46:22,24382.73,06:46:24,24384.73,UNKNOWN,레바님은 이걸 몰랐다고?,
06:46:25,24385.73,06:46:27,24387.73,UNKNOWN,깃발 류무까진 몰랐어요,
06:46:27,24387.73,06:46:29,24389.73,UNKNOWN,그냥 벙커면 일단 대체로,
06:46:29,24389.73,06:46:30,24390.73,UNKNOWN,어 민이다,
06:46:30,24390.73,06:46:36,24396.89,UNKNOWN,판 쳐있고,
06:46:36,24396.89,06:46:38,24398.89,UNKNOWN,배율 있으면 말 좀,
06:46:38,24398.89,06:46:43,24403.42,UNKNOWN,이 맵은 진짜 배율이 귀해가지고,
06:46:46,24406.42,06:46:48,24408.42,UNKNOWN,여기 왜 아까 고기랑 비슷하시네요,
06:46:48,24408.42,06:46:55,24415.44,UNKNOWN,아 일로 나오는구나,
06:46:55,24415.44,06:46:58,24418.44,UNKNOWN,어 뮤턴트 옆에 있는 여기 뮤턴트 있어요,
06:46:59,24419.44,06:47:01,24421.44,UNKNOWN,갔다 빨리 쌔요,
06:47:01,24421.44,06:47:02,24422.44,UNKNOWN,난,
06:47:02,24422.44,06:47:04,24424.44,UNKNOWN,이미 버렸다,
06:47:04,24424.44,06:47:05,24425.44,UNKNOWN,훌륭,
06:47:05,24425.44,06:47:10,24430.75,UNKNOWN,그다음 자이란 뒤에서 온 거 있나 좀 체크를 해보고,
06:47:17,24437.96,06:47:18,24438.96,UNKNOWN,살렸다,
06:47:18,24438.96,06:47:19,24439.96,UNKNOWN,저기 살린다,
06:47:19,24439.96,06:47:20,24440.96,UNKNOWN,여기 여기 있나?,
06:47:20,24440.96,06:47:21,24441.96,UNKNOWN,어디,
06:47:21,24441.96,06:47:22,24442.96,UNKNOWN,여기다,
06:47:22,24442.96,06:47:23,24443.96,UNKNOWN,4번핑,
06:47:23,24443.96,06:47:32,24452.87,UNKNOWN,오 1번에 있고,
06:47:32,24452.87,06:47:33,24453.87,UNKNOWN,나 반나고,
06:47:33,24453.87,06:47:35,24455.87,UNKNOWN,음 볼만해,
06:47:37,24457.87,06:47:39,24459.87,UNKNOWN,오케이 여기 있음 여기 있다가 이동하면 될 거 같은데,
06:47:39,24459.87,06:47:42,24462.87,UNKNOWN,음 원 한참 보고 가면 될 거 같은데,
06:47:42,24462.87,06:47:43,24463.87,UNKNOWN,어 또 맞으면 내려가면 되겠네,
06:47:43,24463.87,06:47:47,24467.56,UNKNOWN,원 보자,
06:47:47,24467.56,06:47:48,24468.56,UNKNOWN,원쯤,
06:47:48,24468.56,06:47:49,24469.56,UNKNOWN,원이 위로 튀었네,
06:47:49,24469.56,06:47:52,24472.56,UNKNOWN,이 산 능선 따라 쭉 가자,
06:47:52,24472.56,06:47:54,24474.56,UNKNOWN,레즈 고,
06:47:54,24474.56,06:47:57,24477.56,UNKNOWN,자전거 엄청 애용하시네요,
06:47:57,24477.56,06:47:58,24478.56,UNKNOWN,자전거 좋겠다 여기서는,
06:47:58,24478.56,06:47:59,24479.56,UNKNOWN,그러니까,
06:47:59,24479.56,06:48:00,24480.56,UNKNOWN,쓸만할지도,
06:48:00,24480.56,06:48:06,24486.18,UNKNOWN,사람들이 잘 못 쏘는 거 같아,
06:48:06,24486.18,06:48:09,24489.75,UNKNOWN,맞추기 어려워 자전거 타는 거,
06:48:09,24489.75,06:48:13,24493.8,UNKNOWN,멀리서 움직이면,
06:48:13,24493.8,06:48:18,24498.36,UNKNOWN,차카산 저기 떨어진다 파란색,
06:48:18,24498.36,06:48:19,24499.36,UNKNOWN,파란색?,
06:48:19,24499.36,06:48:20,24500.36,UNKNOWN,파란색 바로 앞인데?,
06:48:20,24500.36,06:48:22,24502.36,UNKNOWN,아니 여기,
06:48:22,24502.36,06:48:23,24503.36,UNKNOWN,아 오케이,
06:48:24,24504.36,06:48:26,24506.36,UNKNOWN,돌 때문에 가까이지,
06:48:26,24506.36,06:48:32,24512.31,UNKNOWN,님들 집에 왜 자꾸 들어가는 거예요?,
06:48:32,24512.31,06:48:33,24513.31,UNKNOWN,황이 필요해?,
06:48:33,24513.31,06:48:35,24515.31,UNKNOWN,살짝 주워가요,
06:48:35,24515.31,06:48:37,24517.31,UNKNOWN,우리 뒤쪽 온다,
06:48:37,24517.31,06:48:39,24519.31,UNKNOWN,개머리판이 하나 있으면 좋겠는데,
06:48:39,24519.31,06:48:41,24521.31,UNKNOWN,1번 쪽에 있었다잉,
06:48:41,24521.31,06:48:42,24522.31,UNKNOWN,어?,
06:48:42,24522.31,06:48:43,24523.31,UNKNOWN,얘들 잠가야겠다,
06:48:43,24523.31,06:48:45,24525.31,UNKNOWN,아까 개머리판 버리고 가길래,
06:48:45,24525.31,06:48:48,24528.55,UNKNOWN,내가 쪼사,
06:48:48,24528.55,06:48:51,24531.55,UNKNOWN,내 발 내 능선에 왔다 애들,
06:48:51,24531.55,06:48:53,24533.55,UNKNOWN,오케이 같이 붙을게,
06:48:53,24533.55,06:48:59,24539.04,UNKNOWN,총 좀 쏴줄래?,
06:48:59,24539.04,06:49:01,24541.04,UNKNOWN,보인다 보인다 보인다,
06:49:01,24541.04,06:49:03,24543.04,UNKNOWN,한 명은 크게 왼쪽으로 돌았어요,
06:49:03,24543.04,06:49:06,24546.73,UNKNOWN,총 한탄좀 쏴봐,
06:49:09,24549.73,06:49:11,24551.73,UNKNOWN,오케이,
06:49:15,24555.73,06:49:18,24558.73,UNKNOWN,전략이 아주 훌륭한걸,
06:49:18,24558.73,06:49:24,24564.09,UNKNOWN,어디서 쏜 건가?,
06:49:24,24564.09,06:49:27,24567.53,UNKNOWN,좀 멀리서 쏘는 거 같은데요 엄청,
06:49:27,24567.53,06:49:29,24569.53,UNKNOWN,근데 뒤쪽인가보다,
06:49:29,24569.53,06:49:33,24573.53,UNKNOWN,저기 자기장 바깥쪽에서 거의 오는 거 같은데,
06:49:33,24573.53,06:49:37,24577.77,UNKNOWN,친구를 살렸을까?,
06:49:37,24577.77,06:49:38,24578.77,UNKNOWN,연막,
06:49:38,24578.77,06:49:44,24584.16,UNKNOWN,연막 간다 살리고 싶나 보다,
06:49:44,24584.16,06:49:52,24592.5,UNKNOWN,여기 있거든지 그 위치 1번,
06:49:52,24592.5,06:49:53,24593.5,UNKNOWN,흔히 좀 가줄게,
06:49:53,24593.5,06:50:20,24620.14,UNKNOWN,좀 쏘네,
06:50:20,24620.14,06:50:21,24621.14,UNKNOWN,아 죽었네,
06:50:21,24621.14,06:50:24,24624.19,UNKNOWN,뒤에도 있다,
06:50:24,24624.19,06:50:26,24626.19,UNKNOWN,분명 우리 양각이야,
06:50:27,24627.19,06:50:30,24630.66,UNKNOWN,라고 했는데,
06:50:30,24630.66,06:50:32,24632.66,UNKNOWN,뭐가 있었던 쪽에서 왔네,
06:50:32,24632.66,06:50:34,24634.66,UNKNOWN,아우더가 또 붙었나 보다,
06:50:34,24634.66,06:50:40,24640.98,UNKNOWN,애매한데요,
06:50:40,24640.98,06:50:52,24652.61,UNKNOWN,미친,
06:50:52,24652.61,06:50:57,24657.77,UNKNOWN,12명,
06:50:57,24657.77,06:51:03,24663.59,UNKNOWN,아직 자기장 밖에서 계속 서성거리고 있다,
06:51:03,24663.59,06:51:04,24664.59,UNKNOWN,내 앞에,
06:51:04,24664.59,06:51:11,24671.07,UNKNOWN,아 얘들 왜 이렇게,
06:51:11,24671.07,06:51:13,24673.07,UNKNOWN,애들 다 쏘는 족족 다 박히냐,
06:51:14,24674.07,06:51:20,24680.91,UNKNOWN,와 부스스 연사?,
06:51:20,24680.91,06:51:22,24682.91,UNKNOWN,야 부스스 연사 보셔,
06:51:22,24682.91,06:51:24,24684.91,UNKNOWN,아니 다들 왜 이렇게 잘해,
06:51:24,24684.91,06:51:26,24686.91,UNKNOWN,아니 애들 왜 이렇게 잘해,
06:51:26,24686.91,06:51:27,24687.91,UNKNOWN,그니까 엄청 잘해,
06:51:27,24687.91,06:51:28,24688.91,UNKNOWN,쟤네 다른 팀이야,
06:51:28,24688.91,06:51:30,24690.91,UNKNOWN,뒤에 붙은 애들은 다른 팀이고,
06:51:33,24693.91,06:51:34,24694.91,UNKNOWN,빡세 빡세,
06:51:34,24694.91,06:51:36,24696.91,UNKNOWN,0 0 0,
06:51:36,24696.91,06:51:37,24697.91,UNKNOWN,어?,
06:51:37,24697.91,06:51:42,24702.63,UNKNOWN,나 내 밑에 2명,
06:51:42,24702.63,06:51:44,24704.63,UNKNOWN,와아,
06:51:44,24704.63,06:51:45,24705.63,UNKNOWN,리추냐,
06:51:47,24707.63,06:51:48,24708.63,UNKNOWN,갑판 할까요?,
06:51:48,24708.63,06:51:49,24709.63,UNKNOWN,갑판,
06:51:49,24709.63,06:51:51,24711.63,UNKNOWN,좋아요,
06:51:51,24711.63,06:51:53,24713.63,UNKNOWN,멜론 먹을까?,
06:51:53,24713.63,06:51:54,24714.63,UNKNOWN,뭐 먹어?,
06:51:54,24714.63,06:51:56,24716.63,UNKNOWN,멜론,
06:51:56,24716.63,06:51:58,24718.63,UNKNOWN,멜론은 밥이 아니잖아,
06:51:58,24718.63,06:51:59,24719.63,UNKNOWN,간식,
06:51:59,24719.63,06:52:02,24722.63,UNKNOWN,나 아까 계란말이랑 소시지 먹어,
06:52:02,24722.63,06:52:04,24724.63,UNKNOWN,방금 전 게임하면서,
06:52:04,24724.63,06:52:09,24729.16,UNKNOWN,오오,
06:52:09,24729.16,06:52:12,24732.16,UNKNOWN,블루가 혼자 MMR 싹 올렸네,
06:52:14,24734.16,06:52:16,24736.16,UNKNOWN,아니 이게 내가,
06:52:16,24736.16,06:52:17,24737.16,UNKNOWN,계속 킬 하니까 그런가?,
06:52:17,24737.16,06:52:19,24739.16,UNKNOWN,그니까 안 그러려고 해도,
06:52:19,24739.16,06:52:21,24741.16,UNKNOWN,올려줄 수 밖에 없네,
06:52:22,24742.16,06:52:23,24743.16,UNKNOWN,어쩔 수가 없어,
06:52:23,24743.16,06:52:25,24745.16,UNKNOWN,소면 안 써지잖슴,
06:52:25,24745.16,06:52:28,24748.16,UNKNOWN,나 그렇게 안 높은데 이상하다,
06:52:28,24748.16,06:52:32,24752.01,UNKNOWN,그거지,
06:52:32,24752.01,06:52:35,24755.01,UNKNOWN,너희 아버지는 네바 형이야 이제,
06:52:35,24755.01,06:52:36,24756.01,UNKNOWN,왜?,
06:52:36,24756.01,06:52:37,24757.01,UNKNOWN,네바 형한테 가,
06:52:37,24757.01,06:52:40,24760.01,UNKNOWN,난 자식을 키울 준비가 안 되어 있어,
06:52:40,24760.01,06:52:42,24762.01,UNKNOWN,아빠 용돈 줘,
06:52:43,24763.01,06:52:45,24765.01,UNKNOWN,보육원으로 가자,
06:52:48,24768.36,06:52:49,24769.36,UNKNOWN,어쩔 수가 없다,
06:52:49,24769.36,06:52:54,24774.52,UNKNOWN,우린 너무 무거워서 빨리 가는 거지,
06:52:54,24774.52,06:52:56,24776.52,UNKNOWN,아이 무슨 소리 하는 거,
06:52:56,24776.52,06:52:57,24777.52,UNKNOWN,아 머리가 아프달까?,
06:52:58,24778.52,06:53:00,24780.52,UNKNOWN,우리 너무 무거워서 빨리 가는 거지,
06:53:00,24780.52,06:53:02,24782.52,UNKNOWN,아이 나 두통이 있어가지고 이게,
06:53:02,24782.52,06:53:03,24783.52,UNKNOWN,그러네,
06:53:03,24783.52,06:53:04,24784.52,UNKNOWN,다른따라 은근 빨리 가네,
06:53:04,24784.52,06:53:05,24785.52,UNKNOWN,이거 좀,
06:53:05,24785.52,06:53:07,24787.52,UNKNOWN,쫄꽂아 하는 거 같아가지고,
06:53:07,24787.52,06:53:08,24788.52,UNKNOWN,아이 무슨 소리야,
06:53:08,24788.52,06:53:09,24789.52,UNKNOWN,맞네 맞네,
06:53:09,24789.52,06:53:10,24790.52,UNKNOWN,여러분들 하는 거 너무 재밌어,
06:53:10,24790.52,06:53:12,24792.52,UNKNOWN,이거 치킨 먹고 가야지,
06:53:12,24792.52,06:53:14,24794.52,UNKNOWN,하나도 쟁여도 할 수 있는데,
06:53:14,24794.52,06:53:16,24796.52,UNKNOWN,그러면 켜낭해 켜낭해,
06:53:16,24796.52,06:53:19,24799.52,UNKNOWN,이거 이걸로 치킨 하기 힘들 거 같은데,
06:53:19,24799.52,06:53:23,24803.52,UNKNOWN,그러면 내가 부부계를 가지고 와야 될 거 같기도 하고,
06:53:23,24803.52,06:53:26,24806.52,UNKNOWN,이 계정을 좀 확인해,
06:53:26,24806.52,06:53:27,24807.52,UNKNOWN,내가 부부에 가서,
06:53:27,24807.52,06:53:29,24809.52,UNKNOWN,이 총 안 들고 있으면 몰라,
06:53:29,24809.52,06:53:34,24814.8,UNKNOWN,아니야 여러분들 하니까 너무 좋아,
06:53:34,24814.8,06:53:35,24815.8,UNKNOWN,나도 좋아,
06:53:35,24815.8,06:53:36,24816.8,UNKNOWN,행복하지?,
06:53:36,24816.8,06:53:37,24817.8,UNKNOWN,그럼,
06:53:38,24818.8,06:53:39,24819.8,UNKNOWN,미쳐버릴 거 같아,
06:53:39,24819.8,06:53:41,24821.8,UNKNOWN,좋은 거 치고는 좀 빨리 가긴 하네,
06:53:43,24823.8,06:53:45,24825.8,UNKNOWN,눈치 잘 주시는데,
06:53:45,24825.8,06:53:46,24826.8,UNKNOWN,눈치가 칠하다,
06:53:46,24826.8,06:53:48,24828.8,UNKNOWN,아까 그 루트로 갈게 우리,
06:53:48,24828.8,06:53:49,24829.8,UNKNOWN,네,
06:53:49,24829.8,06:53:54,24834.97,UNKNOWN,눈치를 기깔나게 주네 재밌네,
06:53:54,24834.97,06:53:59,24839.66,UNKNOWN,지금 몇 신데?,
06:53:59,24839.66,06:54:01,24841.66,UNKNOWN,지금 10시 좀 넘었네,
06:54:01,24841.66,06:54:02,24842.66,UNKNOWN,왜?,
06:54:02,24842.66,06:54:03,24843.66,UNKNOWN,오래 하는 거 같긴 한데?,
06:54:04,24844.66,06:54:06,24846.66,UNKNOWN,나 점심부터,
06:54:06,24846.66,06:54:08,24848.66,UNKNOWN,나 점심때부터 배그했어,
06:54:08,24848.66,06:54:10,24850.66,UNKNOWN,아니 예?,
06:54:10,24850.66,06:54:11,24851.66,UNKNOWN,배그 재밌어요?,
06:54:11,24851.66,06:54:13,24853.66,UNKNOWN,빠질 척 했나 보다,
06:54:13,24853.66,06:54:14,24854.66,UNKNOWN,재밌긴 해요,
06:54:14,24854.66,06:54:15,24855.66,UNKNOWN,재밌지 않냐?,
06:54:15,24855.66,06:54:19,24859.66,UNKNOWN,대신에 재밌는 만큼 약간 접히기도 해서,
06:54:19,24859.66,06:54:22,24862.66,UNKNOWN,너무 애들 애들 진짜 너무 잘함,
06:54:22,24862.66,06:54:25,24865.66,UNKNOWN,네바 님은 너무 많이 했는데 10시간인가?,
06:54:25,24865.66,06:54:28,24868.66,UNKNOWN,그니까요 오히려 집중력 떨어질 때 됐어,
06:54:28,24868.66,06:54:33,24873.48,UNKNOWN,네바 형은 혼자 했었어,
06:54:33,24873.48,06:54:35,24875.48,UNKNOWN,친구랑 같이 하면 좀 덜 덜 펴,
06:54:35,24875.48,06:54:36,24876.48,UNKNOWN,맞아 친구랑 같이 하면 덜 펴,
06:54:36,24876.48,06:54:39,24879.48,UNKNOWN,아 저 배그도 그 수다 게임이에요,
06:54:39,24879.48,06:54:40,24880.48,UNKNOWN,맞아요,
06:54:40,24880.48,06:54:43,24883.48,UNKNOWN,아 나 근데 그 솔로 하면서 그,
06:54:43,24883.48,06:54:49,24889.17,UNKNOWN,약간 그 그 헤쳐나가는 느낌으로 해보고 싶은데,
06:54:49,24889.17,06:54:53,24893.17,UNKNOWN,그게 안 되니까 되게 속상하고,
06:54:53,24893.17,06:54:56,24896.17,UNKNOWN,근데 혼자 하는 게 대단한데 저는 배그 혼자 못해요 무서워서,
06:54:56,24896.17,06:54:58,24898.17,UNKNOWN,아 공포 게임이긴 해요,
06:54:58,24898.17,06:55:01,24901.17,UNKNOWN,갑자기 쿡쿡 튀어나와가지고,
06:55:01,24901.17,06:55:04,24904.17,UNKNOWN,나는 혼자 하면 AI 많이 나와,
06:55:04,24904.17,06:55:10,24910.37,UNKNOWN,AI가 많이 나와 진짜,
06:55:11,24911.37,06:55:13,24913.37,UNKNOWN,AI랑 싸우면 되지,
06:55:13,24913.37,06:55:16,24916.37,UNKNOWN,우민이 이거 털었어 일로 오셔봐,
06:55:16,24916.37,06:55:20,24920.58,UNKNOWN,원래 약간 봤던 데도,
06:55:20,24920.58,06:55:21,24921.58,UNKNOWN,우민이 이쪽으로 합시다,
06:55:21,24921.58,06:55:22,24922.58,UNKNOWN,응,
06:55:23,24923.58,06:55:24,24924.58,UNKNOWN,얘 돌리거나,
06:55:24,24924.58,06:55:31,24931.95,UNKNOWN,오케이,
06:55:31,24931.95,06:55:34,24934.84,UNKNOWN,쇼옹,
06:55:34,24934.84,06:55:37,24937.84,UNKNOWN,감자폭탄이 은근히 그 벽에다 하면은,
06:55:37,24937.84,06:55:40,24940.84,UNKNOWN,가까이 있어도 안 다치는구나,
06:55:40,24940.84,06:55:43,24943.84,UNKNOWN,음 약간 수류탄만큼의 파괴력은 없어서,
06:55:43,24943.84,06:55:51,24951.04,UNKNOWN,음,
06:55:51,24951.04,06:55:53,24953.04,UNKNOWN,가방 여기 있잖아 1가방,
06:55:53,24953.04,06:55:54,24954.04,UNKNOWN,2가방이 있네,
06:55:54,24954.04,06:55:55,24955.04,UNKNOWN,아니 뭐,
06:55:55,24955.04,06:55:57,24957.04,UNKNOWN,왜왜왜,
06:55:57,24957.04,06:56:00,24960.48,UNKNOWN,3렙 조끼를 바라보고 있길래,
06:56:00,24960.48,06:56:03,24963.48,UNKNOWN,군용 조끼를 목격했어,
06:56:03,24963.48,06:56:05,24965.48,UNKNOWN,어 구스스다,
06:56:05,24965.48,06:56:06,24966.48,UNKNOWN,오케이,
06:56:06,24966.48,06:56:11,24971.21,UNKNOWN,이제 구탄총만 먹으면 될 것 같은데,
06:56:11,24971.21,06:56:20,24980.82,UNKNOWN,에이스?,
06:56:20,24980.82,06:56:26,24986.79,UNKNOWN,진이 없는데,
06:56:26,24986.79,06:56:29,24989.79,UNKNOWN,구탄구탄구탄,
06:56:29,24989.79,06:56:33,24993.45,UNKNOWN,뭘까요 또 있을걸,
06:56:33,24993.45,06:56:35,24995.45,UNKNOWN,에이스를 쓸 수 있어,
06:56:35,24995.45,06:56:37,24997.45,UNKNOWN,요 벡터 있네 벡터,
06:56:37,24997.45,06:56:39,24999.45,UNKNOWN,터?,
06:56:39,24999.45,06:56:41,25001.45,UNKNOWN,에이스?,
06:56:41,25001.45,06:56:42,25002.45,UNKNOWN,여기 엄프도 있다,
06:56:42,25002.45,06:56:43,25003.45,UNKNOWN,에이스 좋아,
06:56:43,25003.45,06:56:45,25005.45,UNKNOWN,에이스가 제일 쉬워 그래도,
06:56:45,25005.45,06:56:46,25006.45,UNKNOWN,오케이,
06:56:46,25006.45,06:56:48,25008.45,UNKNOWN,나 옛날에 그렇게 생각했거든,
06:56:48,25008.45,06:56:51,25011.45,UNKNOWN,엠바에 길들여지니까 안 되던데,
06:56:52,25012.45,06:56:54,25014.45,UNKNOWN,에이스 오랜만에 써보자,
06:56:54,25014.45,06:56:56,25016.45,UNKNOWN,어 어머야,
06:56:56,25016.45,06:56:58,25018.45,UNKNOWN,에이스 너무 반동 심하던데,
06:56:58,25018.45,06:57:00,25020.45,UNKNOWN,나만 그렇게 생각하나요?,
06:57:00,25020.45,06:57:02,25022.45,UNKNOWN,형이 감두를 안 갖갔잖아,
06:57:02,25022.45,06:57:04,25024.45,UNKNOWN,51 1 쓰지 않나 그거?,
06:57:04,25024.45,06:57:06,25026.45,UNKNOWN,50 51 쓰지 않나,
06:57:06,25026.45,06:57:08,25028.45,UNKNOWN,오 그랬던 것 같아,
06:57:08,25028.45,06:57:10,25030.45,UNKNOWN,이게 에이스가,
06:57:10,25030.45,06:57:16,25036.4,UNKNOWN,항상 제일 그래도 AR 중에서 반동 없는,
06:57:16,25036.4,06:57:17,25037.4,UNKNOWN,풀파추기 중으로,
06:57:17,25037.4,06:57:20,25040.4,UNKNOWN,나가는 길인 줄 알고 왔는데 무리네,
06:57:20,25040.4,06:57:22,25042.4,UNKNOWN,반대예요,
06:57:22,25042.4,06:57:24,25044.4,UNKNOWN,여기 3조 있다,
06:57:24,25044.4,06:57:25,25045.4,UNKNOWN,까비,
06:57:25,25045.4,06:57:29,25049.61,UNKNOWN,3조,
06:57:30,25050.61,06:57:32,25052.61,UNKNOWN,1조 입었는데요,
06:57:32,25052.61,06:57:34,25054.61,UNKNOWN,자기 전 생각해서 들어와야지,
06:57:34,25054.61,06:57:39,25059.36,UNKNOWN,여기는 안 털었나?,
06:57:39,25059.36,06:57:43,25063.28,UNKNOWN,1번에 사람 있다 조심히,
06:57:43,25063.28,06:57:56,25076.04,UNKNOWN,3조 먹으러 갑니다,
06:57:56,25076.04,06:57:58,25078.04,UNKNOWN,이걸 또 오셨어,
06:57:58,25078.04,06:57:59,25079.04,UNKNOWN,아 엠빠가 없네,
06:58:00,25080.04,06:58:01,25081.04,UNKNOWN,먹어야지 먹어야지,
06:58:01,25081.04,06:58:02,25082.04,UNKNOWN,자 1조가,
06:58:02,25082.04,06:58:03,25083.04,UNKNOWN,물 안에 있어요 물 안에,
06:58:03,25083.04,06:58:05,25085.04,UNKNOWN,먹었어요,
06:58:05,25085.04,06:58:08,25088.04,UNKNOWN,요 앞으로 오시면 제압 뚫어놓을게,
06:58:08,25088.04,06:58:09,25089.04,UNKNOWN,네,
06:58:09,25089.04,06:58:11,25091.04,UNKNOWN,오케이,
06:58:11,25091.04,06:58:17,25097.92,UNKNOWN,으쌔,
06:58:17,25097.92,06:58:18,25098.92,UNKNOWN,됐다,
06:58:18,25098.92,06:58:24,25104.16,UNKNOWN,어 근데 앞에 누구 살렸다 이 마을에,
06:58:24,25104.16,06:58:26,25106.16,UNKNOWN,어?,
06:58:26,25106.16,06:58:28,25108.16,UNKNOWN,어 오른쪽으로 딱 볼까요?,
06:58:28,25108.16,06:58:29,25109.16,UNKNOWN,그래야 될 듯,
06:58:29,25109.16,06:58:32,25112.16,UNKNOWN,오케이 나 블루랑 합류할게,
06:58:32,25112.16,06:58:34,25114.16,UNKNOWN,나? 오케이,
06:58:34,25114.16,06:58:36,25116.16,UNKNOWN,다들 어디가 있는 거지?,
06:58:36,25116.16,06:58:38,25118.16,UNKNOWN,나 글로 돌아갈 듯?,
06:58:39,25119.16,06:58:41,25121.16,UNKNOWN,어 길 딱 가는 거야?,
06:58:41,25121.16,06:58:56,25136.12,UNKNOWN,나 밑에 있어 응터장 써야겠다,
06:59:03,25143.05,06:59:06,25146.05,UNKNOWN,자기장이 완전 도심 쪽으로 잡혔네,
06:59:07,25147.05,06:59:08,25148.05,UNKNOWN,그렇네,
06:59:08,25148.05,06:59:10,25150.05,UNKNOWN,들어가야겠는데 후딱 후딱?,
06:59:10,25150.05,06:59:11,25151.05,UNKNOWN,응,
06:59:11,25151.05,06:59:37,25177.02,UNKNOWN,어 나도 기절,
06:59:37,25177.02,06:59:39,25179.02,UNKNOWN,들어가 들어가 들어가,
06:59:39,25179.02,06:59:44,25184.44,UNKNOWN,어 뭐야,
06:59:44,25184.44,06:59:46,25186.44,UNKNOWN,아 이거 쓰러져 있는 거였구나,
06:59:46,25186.44,06:59:50,25190.11,UNKNOWN,좋았다,
06:59:50,25190.11,06:59:55,25195.01,UNKNOWN,됐어,
06:59:55,25195.01,06:59:56,25196.01,UNKNOWN,바퀴 찍어서 개빡쳤다 쟤,
06:59:56,25196.01,07:00:04,25204.25,UNKNOWN,빼기 많았다고,
07:00:07,25207.59,07:00:11,25211.16,UNKNOWN,들어간 거 신경 써야 돼,
07:00:11,25211.16,07:00:12,25212.16,UNKNOWN,힘들면 그 밑으로 들어와,
07:00:12,25212.16,07:00:14,25214.16,UNKNOWN,여기 들어가서 자리 옮겨야 돼,
07:00:14,25214.16,07:00:17,25217.66,UNKNOWN,좋아,
07:00:18,25218.66,07:00:19,25219.66,UNKNOWN,서로 다,
07:00:19,25219.66,07:00:21,25221.66,UNKNOWN,저기 두 팀 두 팀 붙었다,
07:00:21,25221.66,07:00:26,25226.54,UNKNOWN,일로 와 일로 와 가자,
07:00:26,25226.54,07:00:27,25227.54,UNKNOWN,안으로 가는 거야?,
07:00:27,25227.54,07:00:28,25228.54,UNKNOWN,응,
07:00:28,25228.54,07:00:42,25242.64,UNKNOWN,안으로 가서 위치 한번 옮기자,
07:00:42,25242.64,07:00:43,25243.64,UNKNOWN,아직 우리 쏘던 곳에 몇,
07:00:43,25243.64,07:00:45,25245.64,UNKNOWN,몇 놈 남아있어,
07:00:45,25245.64,07:00:46,25246.64,UNKNOWN,음,
07:00:46,25246.64,07:01:03,25263.04,UNKNOWN,뒤에서 올 거야,
07:01:03,25263.04,07:01:04,25264.04,UNKNOWN,너가 터뜨린 거지?,
07:01:04,25264.04,07:01:05,25265.04,UNKNOWN,나?,
07:01:05,25265.04,07:01:11,25271.32,UNKNOWN,응,
07:01:11,25271.32,07:01:14,25274.72,UNKNOWN,쭉 들어갈게,
07:01:14,25274.72,07:01:16,25276.72,UNKNOWN,지금 1번에도 사람이 있고,
07:01:16,25276.72,07:01:19,25279.72,UNKNOWN,왼쪽에 있다 이거 한번 잡을래?,
07:01:19,25279.72,07:01:21,25281.72,UNKNOWN,그만 나가는 중,
07:01:21,25281.72,07:01:24,25284.72,UNKNOWN,저기 블랙존이라 곧 미사일 떨어질 텐데,
07:01:24,25284.72,07:01:26,25286.72,UNKNOWN,블랙존은 마을에만 떨어져,
07:01:26,25286.72,07:01:39,25299.14,UNKNOWN,아 그래?,
07:01:39,25299.14,07:01:40,25300.14,UNKNOWN,뒤에서 쏜 거 같은데?,
07:01:40,25300.14,07:01:41,25301.14,UNKNOWN,왜 뒤인데?,
07:01:41,25301.14,07:01:42,25302.14,UNKNOWN,어디 갔지?,
07:01:42,25302.14,07:01:43,25303.14,UNKNOWN,뭐야 지금,
07:01:43,25303.14,07:01:44,25304.14,UNKNOWN,진짜 가까이 쏘는데?,
07:01:44,25304.14,07:01:45,25305.14,UNKNOWN,미친놈이지 바빠 죽겠네,
07:01:45,25305.14,07:01:47,25307.14,UNKNOWN,기절이야?,
07:01:49,25309.14,07:01:50,25310.14,UNKNOWN,산 위,
07:01:50,25310.14,07:01:54,25314.8,UNKNOWN,여기 파란색 피,
07:01:54,25314.8,07:02:01,25321.82,UNKNOWN,나와 이씨,
07:02:01,25321.82,07:02:02,25322.82,UNKNOWN,자기장,
07:02:02,25322.82,07:02:03,25323.82,UNKNOWN,자기장 있잖아 나와,
07:02:03,25323.82,07:02:04,25324.82,UNKNOWN,인성 그래야 돼,
07:02:05,25325.82,07:02:06,25326.82,UNKNOWN,내려와,
07:02:06,25326.82,07:02:08,25328.82,UNKNOWN,우리 오른쪽에서도 쏜다,
07:02:08,25328.82,07:02:10,25330.82,UNKNOWN,살짝 무빙하면서 내려가 볼게,
07:02:10,25330.82,07:02:14,25334.71,UNKNOWN,구미님도 조심히 오셔요,
07:02:14,25334.71,07:02:17,25337.71,UNKNOWN,내가 봐주고 있어 내려와,
07:02:17,25337.71,07:02:19,25339.71,UNKNOWN,쭉 들어가서 쭉 들어가,
07:02:19,25339.71,07:02:21,25341.71,UNKNOWN,애들도 들어와,
07:02:21,25341.71,07:02:23,25343.71,UNKNOWN,애들도 워드 많은다,
07:02:23,25343.71,07:02:24,25344.71,UNKNOWN,쭉 가자,
07:02:24,25344.71,07:02:27,25347.71,UNKNOWN,저기서 쏴 바보 아니야,
07:02:27,25347.71,07:02:29,25349.71,UNKNOWN,미쳤나봐,
07:02:29,25349.71,07:02:30,25350.71,UNKNOWN,다 죽자는 거 아니야,
07:02:30,25350.71,07:02:31,25351.71,UNKNOWN,쟤 똥 뿌리는 거 아니야,
07:02:31,25351.71,07:02:32,25352.71,UNKNOWN,아이고,
07:02:32,25352.71,07:02:34,25354.71,UNKNOWN,완전 도파민 총이잖아,
07:02:34,25354.71,07:02:39,25359.64,UNKNOWN,오케이 오케이 오케이,
07:02:39,25359.64,07:02:41,25361.64,UNKNOWN,마을에서 임시 정기할게,
07:02:41,25361.64,07:02:44,25364.7,UNKNOWN,음,
07:02:44,25364.7,07:02:50,25370.1,UNKNOWN,가만 좀 이동해,
07:02:50,25370.1,07:02:52,25372.1,UNKNOWN,나도 일단 그쪽으로 할게,
07:02:52,25372.1,07:02:53,25373.1,UNKNOWN,내려온다,
07:02:53,25373.1,07:03:07,25387.23,UNKNOWN,우리 뒤에 아직 걔네들 있어,
07:03:07,25387.23,07:03:15,25395.81,UNKNOWN,응?,
07:03:15,25395.81,07:03:16,25396.81,UNKNOWN,들어 왔어,
07:03:16,25396.81,07:03:19,25399.76,UNKNOWN,야호,
07:03:19,25399.76,07:03:26,25406.38,UNKNOWN,바람 핑의 애들이 들어 왔으려나?,
07:03:26,25406.38,07:03:27,25407.38,UNKNOWN,다 들어 왔을걸?,
07:03:27,25407.38,07:03:29,25409.38,UNKNOWN,내가 뛰어 내려오는거 봤어,
07:03:29,25409.38,07:03:31,25411.38,UNKNOWN,지금 여기 1번 뛰고 있네,
07:03:31,25411.38,07:03:34,25414.38,UNKNOWN,1번 애들인 거 같은데,
07:03:34,25414.38,07:03:41,25421.8,UNKNOWN,우리가 또 가야긴 해야 되는데,
07:03:41,25421.8,07:03:42,25422.8,UNKNOWN,여기 1번 애들 있다,
07:03:42,25422.8,07:03:54,25434.52,UNKNOWN,여기,
07:03:54,25434.52,07:03:57,25437.98,UNKNOWN,가야죠 갑시다,
07:03:57,25437.98,07:04:00,25440.38,UNKNOWN,근데 아직 인서클 있지 않아?,
07:04:00,25440.38,07:04:02,25442.52,UNKNOWN,이미 인서클인데?,
07:04:02,25442.52,07:04:07,25447.59,UNKNOWN,거기 좀 있어봐 내가 글러브 할게,
07:04:07,25447.59,07:04:09,25449.47,UNKNOWN,여기서 버티면 될 거 같은데?,
07:04:09,25449.47,07:04:14,25454.83,UNKNOWN,버텨봐 그러면,
07:04:14,25454.83,07:04:19,25459.03,UNKNOWN,여기 언덕 쪽에서도 소리 계속 난다,
07:04:19,25459.03,07:04:20,25460.37,UNKNOWN,모자라요?,
07:04:20,25460.37,07:04:23,25463.29,UNKNOWN,아니요 혹시 모자라실까봐,
07:04:31,25471.17,07:04:36,25476.81,UNKNOWN,맞았다,
07:04:36,25476.81,07:04:38,25478.53,UNKNOWN,어떻게 붙었을지,
07:04:38,25478.53,07:04:40,25480.19,UNKNOWN,나,
07:04:40,25480.19,07:04:42,25482.11,UNKNOWN,한 명 기절,
07:04:42,25482.11,07:04:44,25484.31,UNKNOWN,한 명 기절 보인다,
07:04:44,25484.31,07:04:50,25490.16,UNKNOWN,한 명 더 기절,
07:04:52,25492.32,07:04:54,25494.46,UNKNOWN,한 명 더 내려온다,
07:04:54,25494.46,07:05:00,25500.28,UNKNOWN,내려온다,
07:05:00,25500.28,07:05:03,25503.29,UNKNOWN,이 돌 뒤,
07:05:03,25503.29,07:05:06,25506.72,UNKNOWN,아우 아프네,
07:05:06,25506.72,07:05:20,25520.92,UNKNOWN,서로 핀 뒤에 있는 거 아니야?,
07:05:20,25520.92,07:05:29,25529.13,UNKNOWN,나무 때문에 안 보이네,
07:05:29,25529.13,07:05:31,25531.13,UNKNOWN,원티였다,
07:05:33,25533.29,07:05:34,25534.35,UNKNOWN,어 뛴다,
07:05:34,25534.35,07:05:36,25536.11,UNKNOWN,이따가 1번 먹어야 되긴 하네,
07:05:36,25536.11,07:05:40,25540.44,UNKNOWN,주황핑으로 이동,
07:05:40,25540.44,07:05:41,25541.72,UNKNOWN,뒤로 붙을게요,
07:05:41,25541.72,07:05:42,25542.26,UNKNOWN,킬 떴다,
07:05:42,25542.26,07:05:43,25543.94,UNKNOWN,우리 뒤에 있는 애들 다 잡았어,
07:05:43,25543.94,07:05:54,25554.73,UNKNOWN,오케이,
07:05:54,25554.73,07:05:56,25556.13,UNKNOWN,여긴 어디로 이어지지?,
07:05:56,25556.13,07:05:57,25557.19,UNKNOWN,어디?,
07:05:57,25557.19,07:05:57,25557.91,UNKNOWN,막혔던데?,
07:05:57,25557.91,07:05:59,25559.19,UNKNOWN,여기 여기 사람?,
07:05:59,25559.19,07:05:59,25559.69,UNKNOWN,막혔다,
07:05:59,25559.69,07:06:01,25561.07,UNKNOWN,여기 죽인다,
07:06:03,25563.35,07:06:05,25565.35,UNKNOWN,뭐야,
07:06:05,25565.35,07:06:13,25573.81,UNKNOWN,왜 막혔어,
07:06:13,25573.81,07:06:15,25575.97,UNKNOWN,음료수 있었으면 좋겠네,
07:06:15,25575.97,07:06:18,25578.46,UNKNOWN,2,
07:06:18,25578.46,07:06:20,25580.54,UNKNOWN,1,
07:06:20,25580.54,07:06:22,25582.38,UNKNOWN,2 대,
07:06:22,25582.38,07:06:24,25584.8,UNKNOWN,1번 쪽 자리에 한번 먹어봐야 될 듯요,
07:06:24,25584.8,07:06:26,25586.46,UNKNOWN,자리 있나 보고,
07:06:26,25586.46,07:06:30,25590.91,UNKNOWN,자 집 옥상 조심하세요,
07:06:30,25590.91,07:06:34,25594.95,UNKNOWN,있어 있어,
07:06:34,25594.95,07:06:35,25595.75,UNKNOWN,가인해야 돼,
07:06:35,25595.85,07:06:43,25603.61,UNKNOWN,여기서 포탑 서줘,
07:06:43,25603.61,07:06:57,25617.03,UNKNOWN,언덕 뒤에도 있나 보다,
07:06:57,25617.03,07:06:59,25619.03,UNKNOWN,와 2명,
07:06:59,25619.03,07:07:01,25621.03,UNKNOWN,여기 왼쪽,
07:07:01,25621.03,07:07:03,25623.03,UNKNOWN,왼쪽 봐야 돼,
07:07:03,25623.03,07:07:05,25625.03,UNKNOWN,아아,
07:07:05,25625.03,07:07:07,25627.03,UNKNOWN,까비,
07:07:07,25627.03,07:07:09,25629.03,UNKNOWN,아아 잘했는데,
07:07:09,25629.03,07:07:11,25631.03,UNKNOWN,그래도 막판 그래도 많이 왔네,
07:07:11,25631.03,07:07:14,25634.92,UNKNOWN,재밌긴 하다,
07:07:14,25634.92,07:07:16,25636.92,UNKNOWN,아이고 수고하셨습니다,
07:07:16,25636.92,07:07:18,25638.92,UNKNOWN,고생하셨습니다,
07:07:18,25638.92,07:07:19,25639.92,UNKNOWN,재밌었습니다,
07:07:19,25639.92,07:07:21,25641.92,UNKNOWN,어 금인이 싸웠다 하지 않았어?,
07:07:21,25641.92,07:07:22,25642.92,UNKNOWN,저 분명히 이상하다,
07:07:22,25642.92,07:07:23,25643.92,UNKNOWN,이상하다 이거 뭐야?,
07:07:23,25643.92,07:07:25,25645.92,UNKNOWN,나는 또 죽는 걸 봤는데 이상하네,
07:07:25,25645.92,07:07:26,25646.92,UNKNOWN,왜,
07:07:26,25646.92,07:07:28,25648.92,UNKNOWN,기절한 거 때리는 건 틸 안 들어,
07:07:28,25648.92,07:07:29,25649.92,UNKNOWN,너 버그래요 버그,
07:07:29,25649.92,07:07:32,25652.92,UNKNOWN,오 오 5킬 했어 또,
07:07:32,25652.92,07:07:34,25654.72,UNKNOWN,이러니까 MMR이 속을 올라가지,
07:07:34,25654.72,07:07:35,25655.92,UNKNOWN,형,
07:07:35,25655.92,07:07:37,25657.92,UNKNOWN,나는 할 거 다했다 진짜,
07:07:37,25657.92,07:07:40,25660.92,UNKNOWN,이상하네 분명히 피가 튀었는데,
07:07:42,25662.92,07:07:43,25663.92,UNKNOWN,그런가?,
07:07:43,25663.92,07:07:45,25665.92,UNKNOWN,버그 내 버그,
07:07:46,25666.92,07:07:47,25667.92,UNKNOWN,다음에 또 해요 저희,
07:07:47,25667.92,07:07:48,25668.92,UNKNOWN,네 좋아요,
07:07:48,25668.92,07:07:49,25669.92,UNKNOWN,거짓말 거짓말,
07:07:49,25669.92,07:07:50,25670.92,UNKNOWN,고생하셨습니다,
07:07:50,25670.92,07:07:51,25671.92,UNKNOWN,아이 무슨 소리,
07:07:51,25671.92,07:07:53,25673.08,UNKNOWN,불레임이,
07:07:53,25673.08,07:07:56,25676.62,UNKNOWN,블루 우리 버리고 이제 다음 배그 하는지 본다,
07:07:56,25676.62,07:07:57,25677.36,UNKNOWN,오케이 오케이,
07:07:57,25677.36,07:08:01,25681.78,UNKNOWN,무슨 소리야 진짜로,
07:08:01,25681.78,07:08:04,25684.06,UNKNOWN,준형님 메델아 터진다,
07:08:04,25684.06,07:08:05,25685.86,UNKNOWN,오케이 방송해야겠다,
07:08:05,25685.86,07:08:06,25686.96,UNKNOWN,아 고생했어,
07:08:06,25686.96,07:08:08,25688.88,UNKNOWN,다들 재밌게 보셨어요,
07:08:08,25688.88,07:08:10,25690.12,UNKNOWN,다들 고생하셨어요,
07:08:10,25690.12,07:08:17,25697.81,UNKNOWN,아 갑자기 또 이렇게 스쿼드를 하게 될 줄 몰랐네요,
07:08:17,25697.81,07:08:22,25702.61,UNKNOWN,아 그래도 오래오래 나름 재밌었다,
07:08:22,25702.61,07:08:26,25706.51,UNKNOWN,부스스로틸 많이 넣었네,
07:08:26,25706.51,07:08:31,25711.45,UNKNOWN,이제 그린방송? 뭐라고요?,
07:08:31,25711.67,07:08:33,25713.63,UNKNOWN,전 그 정도로 체력이 엄청나지 않아요,
07:08:33,25713.63,07:08:36,25716.29,UNKNOWN,저도 이제 쉬고 내일 다시 오도록 하겠습니다,
07:08:36,25716.29,07:08:39,25719.81,UNKNOWN,내일도 오늘 왔을 때,
07:08:39,25719.81,07:08:41,25721.55,UNKNOWN,시간대 비슷하게 올게요,
07:08:41,25721.55,07:08:45,25725.71,UNKNOWN,아무튼 오늘 레바도 늙었네?,
07:08:45,25725.85,07:08:46,25726.37,UNKNOWN,당연하지,
07:08:46,25726.37,07:08:47,25727.55,UNKNOWN,닌 안 늙을 것 같아?,
07:08:47,25727.91,07:08:48,25728.61,UNKNOWN,개자식아,
07:08:48,25728.61,07:08:52,25732.49,UNKNOWN,아무튼 다들 내일 점심 좀 지나서,
07:08:52,25732.61,07:08:54,25734.57,UNKNOWN,다시 오도록 하겠습니다,
07:08:54,25734.57,07:08:56,25736.05,UNKNOWN,다들 좋은 밤 되시고요,
07:08:56,25736.05,07:08:57,25737.39,UNKNOWN,이제 또 주말이니까,
07:08:57,25737.39,07:09:01,25741.65,UNKNOWN,재밌는 즐거운 주말 되시기 바랍니다,
07:09:01,25741.65,07:09:03,25743.57,UNKNOWN,다들 안녕,
